account_id,predicted_probability,APS_score
9c235512522cf70c256bd1323d1226278b8434c186ca0daf8d72d98691183ae4,0.7450187697323384,86.31
152948fdd6d354c6db249a3d1fed4388f5f4dccd01c906e5dfc146e57ee5f4d3,0.7414301206237363,86.11
a2884f7090a286cbf140034edd4bd0eea5f497b330b2805cd571231e0f061743,0.7294654759108041,85.41
4e3e1fc0e1353be2101eb354c371ca10d30b002f1d650fe5c5563301234d343a,0.7287801586715312,85.37
b63025d1a7343fa3c89c4a6b29b003686d449d6db1d239377fc271b4e312dece,0.7222599993965294,84.99
7b9a80f397924700c98a47e406aa2a2020d3d9f426806f0dba85642e8cb74cc0,0.7064306424735883,84.05
97eea53bc9d88ee6a6ddfb0ae7fe3473b1f481a62b2f3db7c6701dc6f06b81e1,0.7050843239947165,83.97
cbfaa33a197442e36e452bc19eec8652ab866e0d4bdc332907ef5c4e8ae02a76,0.6771512285050069,82.29
7e00286093a85533a0d47381899aff2dfdedcbc9f9dc2cb7448fd8d8be59f048,0.6770634862913951,82.28
8b9822e0110038b0c776482445aef9d9a55f89e6fb3c128adbf0224a9156d177,0.6704818518425542,81.88
2cce02aa072d76f1c1d0412f63ba1b78a6860f9c24106fd10bd9f64d1fae4aff,0.6695686774254324,81.83
f84e959179adde7613b3e59ead2b328d3b5dff66f7fad2ae08787b7a88f2cbf7,0.6668832910937558,81.66
3e6554e581b690ea8fe623c5228414c256941426e22b9113b26d0bc7b3ff476e,0.6636536731179967,81.46
7083e640b68719804c5c438ec6eccb17e8649dc760693e8bf77c6ec8679daedc,0.6582941217007884,81.14
295738b32acd794bb07fc6f3d66341c0c277a681c9c432cb2a1ebf1fda22b1e0,0.657690660395747,81.1
c046247acdfc8537a02c5faed566f82c63d6f2bcbfbb0172be032623622da420,0.6565690501963638,81.03
ad11a057f2795c0bd01c5479cea7ade506bdbdc92144da0621da6288d1118d62,0.6505365642169844,80.66
f65557140e22839343b814cc050dbd5bf03984967ede780bd2b55f4bc83a0383,0.6454064726094166,80.34
4b90841e3aa2b3b678cfaa533c8338733c997deb435b72dd46ea4405873644c4,0.6422301031370136,80.14
8a2017be354e5856e46ee23761da7daf0ac0ed529077b4cf0bc44fcb713a0ad3,0.6418052233171301,80.11
7b09fe55e65bcb49fbb113a31c817bec346ab34c10bac87a86727067b35ec7ec,0.6384592684210402,79.9
f66a3d85d51e58a032b68dbcda56114cc1f6e6368af0c6e8635a514e99b2c680,0.6330577279028242,79.56
235a751075faf6a1ba201b8ce9df103e75fe4e18f3f3f372edefaa0472909c01,0.6322279293064431,79.51
fdba0ca30748c192e44b3fbb8ee94ca54f92c3d606ad2f499f91911e44f50f67,0.6321219558661264,79.51
ea9eec3cd4a9d974bf2440fa30b18d98c15fc40df8112adb4f11ee47e2a555a0,0.6311622952389684,79.45
4ba365e33a391306880b9cf9df18c6922d00a8e56a50af13ee1c5ea55bb22546,0.6311809877260225,79.45
1c37f1af526695fb9e6806bdbdde3e3c90bfdae5aaa2371f7b1d6ee87ee2c885,0.6305923563291138,79.41
f69f431419453faa03e40dfe1d1e962998612d945514dd430d6f072d20375045,0.6287827699321751,79.3
80e05b66306ee4f99ccbe5de25c354937d01b1e8ff506f3e2a1b6c8e560e6c82,0.6245925441940928,79.03
805ac59b5a53795bc4956d2d08dfb9b70cc4ae26130c2d09f2a8c34923157e8e,0.6218672042336447,78.86
7face30370c764d28ac4fd12dc44eb2f8f265edf50796364b7b2652d276271a1,0.6178814276306652,78.61
059bd6880830e8761cfe32f0ce6ed8e5771afeb8e3899f6ece8615d80f1619cd,0.6173309471326358,78.57
fbe0862ce61adba37df8b2b6c7a0c4ae4a43acccafd47dcaf11ef0c6dcc74e13,0.6163483595951251,78.51
2686e6f4363759aa2e895e3efa420768e17a8004a05bff5a19c3f1b62962000f,0.6137369450141774,78.34
80598585c5ed5f7c400f138b080f876a6c61b0983a94cafe8953637fa931488a,0.6132876192911327,78.31
210b898eefb2c48aec9a6580a8696e104c0358da4895662ed4939550812a6ba5,0.6125042524401674,78.26
3f3af91da6fba224530ab5f8d902a02ef7b220ea1fa6f5e57b7fb0f04328d9b3,0.6100849724848154,78.11
b173438db546a81a26c956be4647827826dffce7a3cf950afb060736ed51f89d,0.609973875376253,78.1
1f24848604e92352f5d68765ed1cd08df50eeb217baa9ec720b5fe3ba2da8e9c,0.6085006336474995,78.01
90132aec17b548f6fdd8dc71bde06dca8778294daaffa06cabb880afeae4a8bc,0.6078157747909979,77.96
10595a7ebbbf2dcdeb4f817b50dbd9ddd6df71403682791931e8a3183d94c930,0.605121746417441,77.79
200795da6d48f45905c79382bfb6d3fd4eb2f5dd303fc36ef93f6b36223a2cdd,0.6047041345392111,77.76
1aa843c29657f698a39c79072326dd2b3dbce21ea842e40205bc563ccef29025,0.6046924594373756,77.76
cb0059203e9c30820a6ba544b4cda773362173a25ddd32cd450cb94d17154f4e,0.6038923865261546,77.71
fbdd2c370986e015e1c2eee8815669ed727f80d50ef0886f9b906ce8cde49f44,0.6037095955002357,77.7
412c825bf98b19632825723c82c7f14e399cfaaed6634f1f3efa76ef837dc293,0.6035454302620114,77.69
0408d2ad2e9cc4416f53f50c7aadd30516074f8f3e49ddce5ff9cad3b5dc7385,0.6025090070127882,77.62
62e4ad34dc06e1232674ff25b818b9b18da3ed76d0399f4d7acf61955231c89d,0.6023133624172314,77.61
2f5654fb4c6ad7ae0b036d0373cfd00b61aed73bcc9a9fe1e70208806c0aa519,0.6014670663106986,77.55
79e90eda8d020d85fbc98d2485963387991b92fa7f976c807000c8bd986c3e9b,0.6012238856981899,77.54
49bb2eeeb00d65b3592104ade3f948f7b8af50f334d2848bcab5f3b2274fb418,0.6007737716560804,77.51
efd12fc80b449b6adcffa416a27ae207e6d4c013dfbf4aeb073ae669a0d9cc05,0.5971090900468363,77.27
8d177147df714a501de6a2d63b27abf14fcfc2bec75c6b529df57bb87d77955a,0.5968016863122398,77.25
e4672928200565d78363c4cc3228fa3ef01f1fc7e556578d251b3b9fd3562a5f,0.5966368597451207,77.24
c3fc15d52368d955055f8c4630dac271073dda9b3afc547dde200e8bf18b23d9,0.5944858813650008,77.1
f0844088117d1416e8ee7865b79cfd82d4e2a188dbe3241c93a3622ac1860dd8,0.5937657071775511,77.06
4a7f436340dd88c3108b39cdd826e2af100829c57ac13592881a29be940fd557,0.5931133946500406,77.01
cac73a372ae4a4dc62bd37a185e4354475173396f0a3bc6c1c80f3ed7bb6399e,0.5909218928899062,76.87
a7cd483c54ef55e36c9056137c33796a66782a4aa0346fe8d4f291f5af8621e2,0.5873697914591341,76.64
03e061461c4caa182a38ee42a86404df31247368768a9daac89dda04d9c7ea6f,0.585765495010194,76.54
274a194abd46af6855affb54eafc14e6354b12f2861b713e80c063dfdd4c09aa,0.5849984601191012,76.49
047a9871c0bbfb095a80949b169cc728a211ab0cfdca76e44323629ae32ed432,0.584083709357106,76.43
38e051f25400f30d8e419a7c4c2346adeedffba53d783c92547db7785bb5ea13,0.5833092839683153,76.37
02cb805f07a9bf7e8f7c7db5b2511b8d9c22697d5589f5211d95c9f053891c7b,0.5826017623665549,76.33
46764ff671ab0cf715e2c4a35b16fe9ef6fd1a22443e382a324592f15245b3cd,0.5809697866911993,76.22
066c56e1e5992c5be0c4fef6000c45752bcf95fc7f4c6471ebfdf425e03e0528,0.5796669806218026,76.14
3c69ddc47925327f19080c85be2941b41e26521df77b048e678c90822038a374,0.5783494669497918,76.05
90cc1190abb3d3cb011a106420a432a83c16c533f6d148cdafe66a419a61814f,0.5777403208815456,76.01
6a23278bdd13980dc4ff9191008cfb89b9fe0b912197055b3480114f0a7cba8b,0.5773751243345882,75.99
6fd699dd4e78234a32ce6cd193e2e8fed91ea5f28ec3981cae427e487946d321,0.5773292063685315,75.98
90bb08b30d39a11204c61aa67a0ea67b5d08ec1d13d79b38313a51ca13f1b68f,0.5771984193221935,75.97
ccd7ffb12f6325ce97f518cdfa97167a2f1946958210f4b4055263d6a7199ca7,0.5757089682807647,75.88
ff8ce1fa5b1a3151be7c225aae540f54bec2bcdd6cd62f5df11509aa24f4834a,0.5742774583011135,75.78
2ad65e753ff79e8da2b24770b42aae158d63c368cee896d4224ab1d4a508db28,0.5738040325430904,75.75
068e11f761f61518eb6611bdb71e6f183f5b94df067997e82036815556e248e6,0.573044268242908,75.7
d95ed1a2359f2af3c86c8ba042bae889c40242398bc28c3e485f3a5b8365e486,0.5724106721466394,75.66
31e40c31a2f67e9f39c2cf3d606b8a500005107011a3c05d6122c744ce4c3438,0.5723232519784626,75.65
1ef61a7d98f2151a1c27158d0f2e910cfddff9a4d3626a7c96593c76cfce34a9,0.5720050045438267,75.63
50c9693d3a6240429805683a058c15cde39af091ab8cc4eb760fa8edd0b342ef,0.5717763785163001,75.62
087c2632a6993ffe3d8d92562216c2928b82e543e2ef19e3a1922858a56fc7fe,0.5716017690269859,75.6
3edb9a420b388c3dfcbcbf405035409ead0e371fbb476d36fdb9c5edf2d5fd48,0.5713101474196323,75.59
f45518ad28db479eb4fd48716c27892fb07d715686d7eb3e8671a79634ac1d85,0.570604330824932,75.54
8af1a2a6099638d029180f3d77883b7873bea568287e7c7d6e4fdfa75056e939,0.56906015103186,75.44
c2ad73fa30d123bf56f1177ac09471ced57a76830c59a21c8f09e9256498e427,0.5685404390806057,75.4
650f593ac3b53d0f980ca0e3cbbaf38c63271cbbaafe90828b97c550d420463c,0.5683350476673478,75.39
65b1a64a5e10a1530e324ea9a1c9559e941a62fe4785adce2f7836528cbffdb4,0.5674815748174289,75.33
532fab545f770ad83813216dc34194e3716df5296045efc098382aedf42e46ae,0.5674769090976671,75.33
96f06ef84bf1fe874c1ce0cf0e04f274cd37eaa4bb16dbc5727212dd70f32e91,0.5669823318414141,75.3
77445037b2ab30e64b10fa2b65f58c0c9049ffb4e8c39e01eec164b153a1180f,0.5659302692283485,75.23
94187c44648e5c1a259f66a578f34a69fa8be10588e54abef570328633a9dc1c,0.5652251808456218,75.18
86769d7687d4d59ac658a614219c87f41942b7b66ae7ec9d0a02862eed6ce82a,0.5639007003076845,75.09
8ceee92e7e19ad5d8707d5d83bc64be643300d985ceee374be9189e279df09a4,0.562484975513507,75.0
751223d78e1b0fd16c5f3075671cd43da8a03c9996d028fd25aa567bb02c23ea,0.5619733955895707,74.96
01835da26c2109c84278910edba715b01b768c685800a0cf6cbfb0a3c2513997,0.5618718587463085,74.96
1951e0f118c930e3f6060e82bc09b630d3746baf94700c764f590ed84426009f,0.5610475320580102,74.9
19cc2c3b33e7e7260413472c341741d5d4479e40f8e21d8ac1567da831b1a3ad,0.55875071679921,74.75
28c448e20e1486851365fc92f622aef51442474c1d55cc2c97abf6846fcd74d2,0.5583569730095236,74.72
ee6852e4defe94b769ded18046fb4080191796c53ff7c8c6de4a3fdc59029132,0.5581145782824694,74.71
9db345429cd940b7941d25b0852414d67b410415fe01be44a2ffa74d2ace766b,0.5579980061662443,74.7
5883548ea7191b662d8c3015528ba0a0086c7de0d77b84d53d7d4d5817682fb2,0.5575099815150952,74.67
5b8ecd92b6dca25aa9c7fcbff18a7d5b5dbc7e03119bbc8e5e91b5ff82b62ae5,0.5575054742984312,74.67
c694171529141c8be6cf493253ac4b0bc5f581e2f46145c37b29907d4a2516b9,0.5575421759337515,74.67
a4c10201b002cc55ca257dd4ecaedd78fbff5c39eeda583be83e5fbf6a3028d6,0.5560336152846923,74.57
33d890fa9fec4c488b455949fb72f5165c231e8bbeaa2e8d17f1e4e825c88d77,0.5558752057576504,74.56
1046d95c6f3a2b34e794248ccc09ad95306195dffa43b6e7a35bc5db80f4e2f2,0.5536421319277756,74.41
490d2b3741250ac968e495509bd714292ab52d08614ecf6d5a9a8d32add83844,0.5536341433416713,74.41
5c3075628232ab6a84107b892569813ebc1edd588f78d2ec82839029b05deaff,0.5533619778055159,74.39
77a1dd9cdac1dfbafc5a8e780ed17cc5f2999cd007387c0cd692468f658ec58c,0.5532080995268437,74.38
23eb720481ca500059fbb61b5ef2571d0dd4edaaf84efdf737e253f8e184ef6c,0.5532922941134558,74.38
aa7c09411b180bcd78159c1bff96f7e25b15b28d3c1f0ec4a0bca8242c88f40f,0.5511467081053414,74.24
cfbf8e5a55608aa73e2f09c29a6e257a55c67295f59a3dacc76c413288def725,0.5491100943918029,74.1
86cebf91d48da6e3b17222804090f4bda418b2478149f8634a1ccef7b8255127,0.5488511014347651,74.08
d1ee69579acaa8acb942113fc694f012e12690191fed44b9da73a5e48b4271e3,0.5484310646876148,74.06
f7eb9129ef111c4d60cb252100fab68d79540260533d7713ae3b30b211c886da,0.5477581174922466,74.01
653fe7654e80b3679231cabd874ddea3fa7eb7af8ff59e640501438185f8accb,0.5470814333822563,73.96
4774ffc25f31905ef333fcb913d048baef302e55c75c8726d7234226d48eed0e,0.5468003316707073,73.95
6ecb40ce9917b8ac92ab82cb1cb70dd613b36df7825a76616f9fabb1962cbe48,0.5465770369511715,73.93
e47bab36ed4cc8c5c556e8ea5e227354ae052c7cde958cb7fd2f42397749124b,0.5450670705315878,73.83
d198520f28c86f541c7b24bdaa29ca3341abda53cc538638aba8d774a40946e5,0.5450165144686953,73.83
3c3534b8b13d6208b006a37fc480a737335c95dce4bbe1540a526302e136bb24,0.5447289200191409,73.81
2ef5100d4561e5e71e2acf9a2e1e1525b864632342e7d56b6f14f1efbff9d315,0.5432595438010188,73.71
d3384c24847394690d444808d9b52c31a09f5f7c37f9524256db695d3f42b7d7,0.5430910438519561,73.69
01a8d373c34f97d0c9f5817e46128a9bba483c185a398d8e9629ae9681f98cc6,0.5430901344426607,73.69
68036925ae65da2d5bbad15533079772fe8fa740c6e4271070ca26423524d665,0.5429661061408051,73.69
b340b522fe05a8d07c5678f64409af13b05911a5ab4ad5cf1d64a8e610c59fff,0.5421160551440596,73.63
e58d7b420d335251f460a24c6f55c30287706a8d9c44ba5ade45306fb3a8876c,0.5418002528443114,73.61
631e015350aa79852a4f28880bc70a6b2ae945e7ee5875a3dd2cbaad701f30e9,0.5408170870253796,73.54
ab2332b35ab8c76dbb6db4bea376db98b4053b96a945548ac5dbdd8348987dc7,0.539861759488055,73.48
6ac182dbe37e5b02a4fa1a8b4fa5beab2b92f108631833860f8d96c4e4c697d9,0.5398509498490938,73.47
d72cd75c21a39fc3c43567b8b4c59c049eacdee80c21ab4eea70cf26be7e0c9e,0.5396665129420625,73.46
c3998e4f73a7310463378d482f1a6c8d5ef9e8281d3c96715be3373d2c2bdcd3,0.5395717907125396,73.46
88985297ab272de229068a141b56e8d5a5b24a03feb42204283efa56d5b08645,0.53879560297598,73.4
428bd1cae88a49f5b62fc62ecf8061accf84bf75a295e9423f9dd58616074ba5,0.5382790418767511,73.37
3d047dd6727bf600ece2d1ccd5856bc374f7693e2ab785dea0cf13bf4d523a37,0.5371929158579383,73.29
927ad7619dc1714be4e348cac9d0754ef3aa212a25786f4d586d64a6c3f35d88,0.5369367857479128,73.28
7e0b300a8da4c8d43566e6fffa5596b8033f80deb47c5468b1161f7c27f36d73,0.5369676003957745,73.28
5fcacf6a74c82e4557f31d70e44dad964b85eb1350071d2367f71fd915e9ec56,0.5362057255146349,73.23
84fea62f8bb1aa2b0cfb1370f79eadccb1c53839ecd67280af1eb8921b1ecd6c,0.5353809038168698,73.17
002315cd38bfc36b6aa953b3e4f18e065e63a0696c6ac989f774651971cb7f35,0.5353078428546398,73.16
b188ad3fd05e3901ef0e057e915d9ee8e9e6a86fe41aa70103f42550f5e0af22,0.5347690779159905,73.13
f84328d5d41d9e3502c560a5f0d2354195233472d25d0ced428de891d90dfa41,0.5346546135201681,73.12
c218dd9cbc8aade99190775b98dab6d92ffaf346ef2f1c0f9217ac4551123981,0.5345995061188449,73.12
6dafe89e590563c830a60a7fdd61eabc58142edf70abee59e13b0d16a7280e00,0.5340456231601045,73.08
b3787ae19cfa245f47811e83b44bad950ea69eed766180bcd2202c9cd54afd12,0.5338992954852093,73.07
47adda93be508914c97d0328367f38838d567df016e25211c6796afcab576c40,0.5338141782329135,73.06
ae8796cc0d9575d8a60cd34644220c4f93bbd2398d33a221103cbe51ac49e6dd,0.5336888514614013,73.05
1917ec0d088759001fb2869e35039ca4d77f9683e498e461052c250257837b5e,0.5329740735322721,73.01
5ad14c55f0980348a0edad7b1ebe97712d7ac41958891d69d77dac4c072e7e81,0.532399452776981,72.97
eb13afdeca7d4b74f0e93e7e4a0bd4593f8202dcead850691340e7bc8e431528,0.5315377272830549,72.91
20ac6c02798b25c197739eb59e234d73ce236e2f50627bdef4177352a35db945,0.531032155685267,72.87
23bae369cd1bf0c0f28f55dc0716929f665c3667f6cb1e23b1fa114b8febe53b,0.5310177633643591,72.87
24cb67dfc20ccf0ef2bd44cebf91a35575bb104be2c9364ed06133837e501cd5,0.5306515363301803,72.85
4831b3506d6860d334163cfc7ecf1b6145ac529fc4a2f17f6a7097d83b99f147,0.5294985648037843,72.77
c7a9dbf4c1b83c73ff8fb19117bb18119775f39e8b51c985ff7f96858f8289ea,0.5286645457793693,72.71
7f5f9db3b4666e980fbfd86d99f31414de69487c36a06f2833285207f2b510a7,0.5286165762437087,72.71
05ca6bc9ee1fe5d884e122f92beee7904f0f11cf716fe560d23e4aa02b8bd055,0.5273817901924204,72.62
a16525a8908c558edb3408e4a2ee14020c954ea9775f656e0c8a84be40f87dac,0.5267506397244658,72.58
3ce2da09b03b2e2f307383e9851e74291fa147fd86a970223528bd00ef0a7617,0.5265419746686844,72.56
d0650ddaf6c3dc837ad7ae9cb12db5414c6e320bdbc361669a2a4babf9a5328b,0.52596189917499,72.52
82a3dfeca1bdd35f617f9ac709625d96cfa3b971327a61ab9f2c5ded06f2bc94,0.5257838642605944,72.51
fa44ec905a8f249a9fd9f55155f00e619d084d9c7cf81187dbc941ffeb0a484a,0.5251717683548557,72.47
5a6720b832b243253030378d7276f58f466b0c6af7b6006d7ba1ea46bbe55110,0.5250617661399644,72.46
b702c574d70c8122bbd8e93dcdb3007b1a596b59fa7ce9f6f30aae9b3f935c06,0.5246643134298083,72.43
dba93e2e01b7602afc7893ced9083d716811fe7e0d684bdb21b6536c17a8b927,0.5246087189459598,72.43
fd46008567e0bec577e5e5416e16384dead62e7f0a4971fb6bde441f8dbba60a,0.5240862421408459,72.39
e82d80c96ed6c2cf10993d64cca6c824d8cfb3cef37e8d2230b6865a009dd637,0.5236862002925198,72.37
ef0e9a338ec3fbb1b81fe310b0342af1215ea9a7daeb230a70f6611066e37bc1,0.5235659191733081,72.36
8c7d5d9181e219f6e5ab93341786886ff1fde8524853d5d9138f1d3ab99daf3d,0.5229750964187145,72.32
e509fc5f904eec5d38dc642601b7446c7ea6485db27832c2427480f372ebe6e4,0.5229422868057567,72.31
ced95617b2844fe3d2d3b641cf61eda6f601795ff5cc227daddcdbf49632337f,0.5227187490830869,72.3
68c6085a59d5683645620f8864a333e914d1bb64289d5da203fe0e1956aec341,0.5226684236358679,72.3
7f6a138eaa1d3af65ba072b4b57ac771d740b00ce5afff0fc0fbb21d20e60bfe,0.5225210772511111,72.29
6ad4f62d4e38d30a272151b164fc55a3e254b181214c8142e4939b8a22cd48c2,0.5225503254858083,72.29
1cf4d7226cb7d7955314bae052a03587881ce8104026d2d89eb5695655346edf,0.5210807499715536,72.19
b0027fff2afb201e02bcc9311123dd0c6c8454ed6a2697f1020a2743a3f9ddec,0.520532738782207,72.15
6d1edb644e1e715f1e0f80f807b36dcd2c9d731c94883663509e98c1386aa7cd,0.5198124283534348,72.1
e9e7d86d83cc755edaf61c85e4808a7c9e6ad01339505704ff8fa415a3b20c29,0.5195779354944002,72.08
4f75ed124a2d1537769e1cf7820b85a40ebd039902e7dbb3a27c5f227e496343,0.5192279487670695,72.06
c6d49ebc78654b2bd7f9b61bb95253a1e5704101c089c319067aef11fcd90a60,0.518949278389928,72.04
07f2f4cc6eff60311bae8615209c904d62b52b17859b186a500c30d90991b499,0.5181231074518985,71.98
dbcd65154b4c9be87be533b48bc17b43cadc2e4f6a886931691f1b31cada4d48,0.5178875675178021,71.96
9073ae575c6e32b7b005fa790baedc6701362b9387fdb69b36078f85b5f8d135,0.5174614765485677,71.93
3e5c99ceba0968242a21deb45579eed6cd6449091ab6347c6e474def81f98873,0.5164724814562268,71.87
7c8ec09ddb286f7b34bf304a46b46e814b01664fc0374fac598f3398400770fc,0.5160982204667208,71.84
0aa20cba2faccf8e0b38d4de5abf0d4a588ac8109681f3602f678d28764534a0,0.5160719907849733,71.84
2075cb6f31a37e676edfbd91425621748ab16a37eb027c28c1fdd910c43668ac,0.5146844387115547,71.74
52826a6b55d9ea7e63aa6437097f697180622481038f7225356cc884b4995342,0.5144129093726052,71.72
29f85474a9b63ee695a4b29ada15f0c454046b3f08de715b8974a445cdf2e91d,0.5137274406442145,71.67
627baf3d796a7ff7d7a6ca0b87dbf360499c2d835a789c028063ab7503a5457a,0.5135738184815177,71.66
be60e4734106760258cc2cfd89162810bb3c5588e6be10bcf5a37cfc1bc1e198,0.5130413625742196,71.63
6fe19ae03ab012d84ee042c7548dc9d99d5a31bbb146154d355ea52515844eac,0.5118775247982802,71.55
357e47fd37ec397c81639bb5f889c626b56af9a73c09bba92c1f9f837c285945,0.5117779644363663,71.54
6bda3ad9cbf0781adafb1cfc511605daf6f4f640f655b91a4adaeea4e1abc568,0.511309551688206,71.51
55c5e04cfa084955089e5c22f9354d7c25fe5e313780a1b7439a0e7a30f533f3,0.5105931588886709,71.46
296ab8d3c9e0cd1df3ac02726da44b3871a3980dbb80b6937e5bc2e6b9e57bc3,0.5104717133822182,71.45
e85ed3743c2593e06cfbdef23dfdb3586c6448ad1b5b388e745e74fcf254a594,0.5105459129732557,71.45
4652808d79c2ef66d833d5cde674611aecb59901d36667c862d90e1dd5ae4d85,0.5097737229639019,71.4
172c47ac678e2c1d0a7602b0f87c5efe6367d9c33a9bb277b74add7d4ede3ab4,0.5089530834528172,71.34
12183490a052e544aba4be1187ba2643cbb6f60279b49da09eb6ffbc25f45e32,0.5087598796757006,71.33
3e147846d35d4b3902aabefed41bcd955bd89b1645a29632794e76c4dfeabe08,0.5084236501725594,71.3
f30b55e5b500cce7041974dd50222c1808c1438d4b9d5b44cbe280ea73bbcea5,0.5082410184713444,71.29
fab3becbf111b14ffaf83f5bb22df5c35c4ee8040dfd487eda069f5326cd3ad9,0.507723350492773,71.25
2dff83ecb2c05c481d3a631ef2dd5577a6e0ff27584e59d0d34bd792557b77ca,0.5075310834744505,71.24
2e695cd71f5f3f1b6f774be885e6452ae03c0b68bc56b4a6bb77ab28644e4417,0.5074055638221683,71.23
0823a7e318847ef194e06c2d87a8673ed0e5d70400e807fd781a471977d51c27,0.5071825087569635,71.22
bfab27ced85f89138d2a5198ef8ac74136f405b521e403ad916b1129cdf625e8,0.5072135134865728,71.22
403a27fc190bf448209186733d0782cd350e926b22b29ae53c2a41db25dd3fac,0.5066592305997931,71.18
06b9d6f7fb2b5be7048e2ea959b16f77177be9c9103d651278d29b34806f1330,0.5066763126513514,71.18
1e0577506804a1edac153341921339dc2ce44c86a68ba04d2d789c2079170522,0.5057729476291813,71.12
5ce97f13a767d246d1bde05172840d6338782aee3825304a3dfdae832e2c7a56,0.5056272613922794,71.11
cb78b7b6fd38cdd2ae2cc77e526444a917e45076bdb50a4ba20a2b3f39a06500,0.5052011103735955,71.08
4a3c0e7c2ea28bec01e73f8ed2ad12671a2498c3f1266c2e21157337394ecd76,0.5049341559588819,71.06
00159881ac6dbbf58a1dd95e9b59eede830abbbccd68c86558b6dcd9e60a524e,0.5047915633802661,71.05
db2b4c09cfb1c928b76ef26c16b033d0e16e86fee5d8829491ac68f5be86bf83,0.5040873914467948,71.0
a6fb52bfb880b586ec290eeac4e4d24bb0681e7757089d65e23da7dc81281ce3,0.503854930343619,70.98
1a49c20c5b32d1dd3ff4ba98a3e5f66e12a9b84feffd29a774b47898a8031426,0.5022944381484147,70.87
b52604a14f9f1a66c65cd557aa4ff174527278ac22779cae7c13ce2ce5c52b24,0.5019790133263405,70.85
98e9d6c0e9a4029632cba4cd6fcdf724ec512b6baff9a7e11d6305dfb3cd5c51,0.5018265696117531,70.84
3476f16b936113234201879f2014e30a8302f7064d6c3477f38aab972b5830c8,0.5007753945987762,70.77
fb857686673df0b9f187920402f50daea4a738f051f19b14246179f1b126808e,0.5007019084219895,70.76
bbeb69de12eddc947c01206bde66e5281ca5e0f63a5caa015b0df72ba70fca39,0.4996807816849488,70.69
22dc7fd953008001401283b244766509edfcfc9468c67155937864d1336a8f7c,0.4995734405001155,70.68
988fa1cea85addb95a8be95250c6c5b43cb3bf5d413fe9dcabe2120a5cc38840,0.4984300171623646,70.6
cd60084e89937831bb5c29fc75d4506cc665eea17b90c02f9b33b21eeeb18cee,0.4977318486135583,70.55
859b5f0e7d75275321fc1ec576997b9b6bfbe6a5c262e02464f30e125aa74f60,0.4976454621721979,70.54
96dbc3976d3d9dda300eaa7a4e0463d7bb9b5e51558e55810395e42a03e89bf1,0.4975468172682483,70.54
966e9d4fe31191a9f5a185996d12f0163dd2fe5eb9dec2c2deacf315f9b832e1,0.49739814459622983,70.53
be8c3d3e8bb92ab7d147a7824ab903dcecbdc1135b67ddfa7e46178b953da9a3,0.4969100882802927,70.49
3b44413353a9d43ae082bf996a5a6d3007f315815ac3ed48bed4274c5c86371b,0.49641664841415845,70.46
fb13d8ec2a42af20a7121cc635ee55052a502136840424cc617abaf2f754bc87,0.49649564802955276,70.46
50aef2bc33087a53605558e1a2b7179c7807ab9f81dffbbe2e67de3322d7dd48,0.4959670839153283,70.42
80cae92999064cf32650322bdffe39b87d6177ea76a40ce23c2231a9644a9e5f,0.49571205172399635,70.41
9398d53dd071bb9a38eb2f3f040aa9c6b30bc02e999b1b201d0e5f19890a90f3,0.49579543986164276,70.41
1cc3699a2429ec6725760d31e1035f0d288fb32a172ca2592149bb8314f92189,0.49513168704707916,70.37
94fa5aa32e817bc69e1275c6fcad42a83ea3c88eabb53781ecdb8fb326217fde,0.4946872632175461,70.33
352754229b2b253d66409ef918a57cb043e8a89e0a6e686de8c08a34957ebde8,0.49452036825669543,70.32
0e7747886be099adb81203d7c6355d875a3438d08493eb8bfb9c3a8e32458c79,0.4940401301469064,70.29
6bd77f7e06f695c1817b87a942244c5b0440f9a9968e3ee7ad44679e29732358,0.4938435295052134,70.27
9bbc9d08e4fd43b08f2aa595bac93a258f140edb08892104b7d1d2712c4ec177,0.49378533232360383,70.27
a1f326da2b6c876eb6c688489d138e0da9630c2e2308e4d67470c0b2a60b85aa,0.49327878040879247,70.23
01899db6f473dd92fcf1b3ebe2823bfc86af01ce5b983a5e5b9b635a8d4f5063,0.4917701123515805,70.13
4ef1269f06e76935467cbd9952f210c11a963fc32a62f8c980a2f2f9394d0bcf,0.49163055284700696,70.12
b9c1e520728dcdc4928028f5b74bb09758dfe84f6874c2a79175a604bd6e51ca,0.49145598271950675,70.1
e1ad7267f198d1257738038ef1fdadbff57c8377bdb9d8a0b74bf020497e9eaf,0.4913063395805902,70.09
f8e752af1e0b8cd6f948d42681973a8132f428eb34508e973b4c9499a6b6c71c,0.49087626623082015,70.06
958e82df246f06b5acad400abb94f86ab988e1067775650dccd215162a316975,0.4907980246976543,70.06
aa6090aefe28915322a06686528d6979a72d8bcbbfd8d90a071a1cae17992789,0.49074322082101207,70.05
420a8b968fcc9a25b3530795f95f525c553113f1edae61b34f64121b45481531,0.4904289251418894,70.03
68c678715ff72ad443d7585028dbf45c3a4338648278bd881acd94e41fd45b64,0.49028355864296147,70.02
1e0d2b2dcc03659165d74b503e34a938b83ea89cfb88ad1ecedacb42cb0191d5,0.49011460629445347,70.01
77f597b223ca2fe870a8691bd47546395d8366e4f2d3acc7200ed1e45e44b89a,0.48978354333382074,69.98
808e8910af3385ecba89e259b53b6f6cbc01876736beadabfa70f3ac5106c4cf,0.48976170329571367,69.98
de25a3df93bf9444e373862861ab5e50ded279b0c6cd0e061aae272e700249d7,0.48957109187309605,69.97
5ecc4a806905c58a3381b3de8610c538a58f6c18828cc02a3aaf3b2e8185c2b4,0.4894789751317591,69.96
0a57723b9ebb7aca950e02f90adcc9cf456b14a0e86ee615bf61fbf7d6578db9,0.48923362326833475,69.95
19ebfb435e7f3e8abd34359d5ef4b9f031912e0dcae9700927dee83bca1243fb,0.48929390661119243,69.95
0de82fa6916132560d0ad8b73388d645b01641adac05be640cdcac241669cbdb,0.48918271593002755,69.94
2d25cd421cc135640f49b6f779a7e615df37a4d9c09b4894bdde521d5d9478ff,0.4889756344369238,69.93
31af700077b8fba7fe1cff51a48bd5a03dbb57a3fef75bba13b73245e133ee43,0.48881805568130005,69.92
bb0d730fc81d088e567e58686d4a1a0ec5e3892f25b4f1131c345e526d1a9ee3,0.48883749479170485,69.92
cb993e5fd1c4dee717c4b315fec98fdf614fdad87d2931293583b764b17b2f35,0.48867747271364403,69.91
1116d544000b5771e767aac0b1b446b7029af8e7b7c4f3564481a283905e81f6,0.48769440614396636,69.84
a08898a5d809956dac911b9ecad870bcdcf8e585a4c04deb8a64c6e4c28e9645,0.4872816558748365,69.81
96c806f9c050204f456eb7bdf3f8b6de7402cbe01b9036ed149616a0a8b94a84,0.48717122693659654,69.8
6fad57fbf86dc6fda7fb707cc9d2b1b3e012c044bcb577be542f07d8a5007227,0.4867551021957329,69.77
854bf7e21b41443fcca5e8bb889a6829833ede6eb39e06d030f4066ec6bb653e,0.4867439888303659,69.77
ee19bee21ed1def259249d0b6059a85045d8a1616efc92cf9649da45dd4598b3,0.4864335153414271,69.74
683fb164edc103e6e14bf8f24ee5f40e1b7db1e1285ce9425cedf78e83eb19b3,0.48642931157495367,69.74
4922d3d7708b37752252b3f297e57ad8958965e2d2baeb6544c9ed14edd6947b,0.48609906762542016,69.72
b16a0e29ba72a4485e0e240a557a493e57a2beed3252575b44d02b397983f274,0.4861101022686439,69.72
41b07d935350e3c734b4ebf45eb20863665e0614910235785b6f54a68cd8d1ff,0.4861529726892948,69.72
099400dc68eb6d3e3f9ae15986543bacfd655f66437a3f51a1a2e4b3aac511dd,0.4856168426499805,69.69
5dbbc71fb772414bbe14dd4541d293fa019caffa32158d71193754e239064995,0.4851515677299508,69.65
57411c41ff176dc186e7f8b3d0987d2274bebcbd6d85ec6058775545022997ba,0.4851125123960533,69.65
a88cf6cc0c0788d305ec31ee723b47564657ff2fa9accaef8bdc05ceca86b364,0.4847209898301365,69.62
33bcf1187ca63a78748ecfa69679fabe5696a929f0a95eea08ace3f950ac995b,0.4845239160580161,69.61
396b9cac1a8625e0157795429bd5b594892cf4b1ce9588417a22e7d2600a0c16,0.4845974949964579,69.61
50b8ba88fbdb29dedfd2dfce6b1845cc9ad07b51b3eceb27943d2fcf172030a9,0.48385972294222024,69.56
20bc3a0ef5408597b849838b17d297948fd31f2193732a695d7891eb66aad55b,0.48316101651657406,69.51
d91dbd22c90b53ca3cb22768f412590e40b8239ea31856d9481ef6fdb3f3ecb9,0.4822149805551795,69.44
137e0f8ca53045f051e65ec5b31bc76c08ab3f4871a337bc6b8b2aac5768b123,0.481901178895923,69.42
8fcb103e6e624d0abf72ec72cb80a4c80afbfaebc9b8833208dfe1edfd291469,0.4817105570290685,69.41
da6864e770ef64b41df03eaa0285e0daef32f6d29c76bd58fc16e9c808706d65,0.4815771058347661,69.4
21bf7fba18e519546b88cced5c89363851e124585a365a91727fe5a1fb1405c1,0.4801919546042944,69.3
e63b98de662785945a5931f336d38cd6ca5494821a0561031915bf799eba7fec,0.48014831791171253,69.29
2cf310ab0bd2c97ad6d8ab20d2a0ac985f691759959a50a9af2304e803355d66,0.4800089227664497,69.28
037ac0a4af1548c4abbbd1a06022b24036ed9165e7e67911e7dbffa395e2fe46,0.47982598754181793,69.27
354a4c9ad06d7bc4ddb831de39819909f2e97f36c51df80588b2b477289b3b23,0.47959305374507966,69.25
9719859c524b07e8dac6179707ebf07ea0e41847c428d208ec8d7e46a02c9ee0,0.47932826577817444,69.23
9097c5f656e64b7552b1fe556af175fa30967a9863a8297e7a7a4b31947004bc,0.47872099331940016,69.19
c365c745c501a5bc5012f8d23dcbb074044cf2150fac140f8e5daa82fa958503,0.47834676497297834,69.16
5565498782d5da368e92fb43609336157387cb25e7ef07ffc0854c57cb45acde,0.47824553393222397,69.16
9eb6f169d44d621d89b0df74abf2a6baf70e2c5d7d23e6ebb315fdbb47043121,0.4781145152163074,69.15
042f3424cc942b69da391b80ed1d4bc01d6fc040e518bdb6dbf498e79c9d6bd6,0.47821524457716325,69.15
98a2f4abe92147949585d1a92c6971dc7372278ff3eba511820ca3f3810eea6b,0.47808899742447203,69.14
e0ead6b23390631be313b7a34a0e22225745d24f2fc42833410eefbb67fd03ab,0.4778737111163778,69.13
0b4848346bd0ce6f594c27aace7640808f2e974724954fb594728a064e613d5c,0.47722509655378714,69.08
d7a0aaa593706e71cbe1369417e5c3b03c64070d23c1527a1ae75021aa0646e7,0.4768571741214629,69.05
5fb84b8bb0210a9ab92313f598c947bc2e9d874c9e986f87514fc3cfb3dca4eb,0.4759239318117971,68.99
b35bc83e1a9a07d8770f52c505c3747596d32ed0aae821a69f338da8a870d822,0.4753791846041182,68.95
feda0341f9bd91e8ba6805c2d6d2fbdf84c15e8de809cda26d1d30b6972be9be,0.4752953913060322,68.94
3507c610a0510508fdc25deb27557396bc037f1484674a7fcc54c4c8f5de0af1,0.47511471115702536,68.93
55bf46e1c9cedb036151f12577ec8af84684c731d414326d076992251695eb5f,0.47506518405521597,68.92
fdd6175df949754711737c3782f86d01bfaebf5890f76c556a25cc2124f2b0ad,0.4748746650882698,68.91
38143c01c69119f8aea0b19e4bf084e561489d14877e23cfab595e84c6053fe8,0.47475262632209697,68.9
ca7179d6cdc00f995ac7560dc5518107363cc11a05ce077fe87a3d1ee6230786,0.4745581689777634,68.89
60fd9ec8e2090f7ceba2657a473c0ebbc6a51d406a9227a5a877e52833466c78,0.47441064994549625,68.88
11bf44c13fa19f4c7167adb7e04cb17566120a3593f447c342d8372fd685fe4a,0.4742158423348963,68.86
4ac751d79b3054a833fd99b27fb2e911365e5377915afebfbbeeb819ec95dcfd,0.4740319724353856,68.85
1666cad8475d02d85d9f724708a5525ebf31ffb4022777148f0efa921c53191e,0.47400906416055555,68.85
a642b10c1043eb10262417ac0e779cb5ac5f0c93915b51d29809e55a153447e2,0.47341812270805905,68.81
1080c6bead5a2c6be2801c77c45c5e5b2ce31b1bf80f28225b47033f4f1dd453,0.47256756705453445,68.74
358ade73966b3061d2c145b88740fdf840a939a3e577e940b27243ebc56858a0,0.472299911385772,68.72
70c8b02fc778888c6afc4a5427cffaabeb02df21fe75c7fcad55551263f3afc5,0.4710261751371737,68.63
d22ad166bc438092dfb347e57a9873b415327e1fee552e43ccf727fe1ed4cc1b,0.470709177649918,68.61
21ab5d88718441d466c04b3ce70a0b9bcb544087e26c19552d8255ac9194bec7,0.47038187351407174,68.58
f92ae9d9efd58dd248ade9cc8094695795179defd70106bee28131b2e0c3d456,0.4689651734402831,68.48
3d16fb5dc60a309d8fd94e281a7f4049a6b73b1edb5893abe29b37f94ad094d4,0.4688205343715973,68.47
c46f595e2ff22b7b73606c51fc7a24c73d86bc550176b5799fe4e7a62eb227f9,0.46847606060417685,68.45
a407a7664d0ce4e980dfd630b9610f3822162b8468044cfa204baee3098e0b7e,0.46840472815047846,68.44
f28fcb0c8124747d3bba7267db5caa06177f433134d9c1b9dbd69d4e1b491a14,0.4677233623876937,68.39
2c5ee5084bc97532b7358b170f45a9c439f4799105d50bfe6c0832892428022d,0.46754253228142767,68.38
c43ca9656df8726331cf6b13ec47adb1ed159b457ba9c6a3c19794e151709291,0.46744761190545797,68.37
096ddbc7208fcf3a77da6628d3740f44b20eaca88131b8c9b3641706127bdfad,0.4671328109761122,68.35
d905c0c25c35106418d07323af05922ff1335100516fe6621ee7c87d6937be20,0.4670930572189016,68.34
0dc604504fa6f6f13ee112f901b3169c467df9304e7ca70295c13e8d579c2342,0.46681164746977794,68.32
8d5174c0c6a5977ab0b1d8dd1a904b028bf98519d16fc12a65d907c1beca8f32,0.4660294018537007,68.27
ed983813ab87108966c8c617ef0c763c874d5431777881334d982694a6b901f0,0.4660176288441523,68.27
4db76529362f89507cde0298410bd5d8f51e22ba64164e92d11de943a237065c,0.4661410048761774,68.27
e09cfc467702a71af2994a43084366a980dcd948626846eec67a668ca4e64674,0.4656525036336406,68.24
c2a6cd765bc4bc1701d417441289ebac358aab7ec357cf456198484db147f2f2,0.4657280688327009,68.24
d237493d51f40c97d2448e61af451ec9ace8d6391809e04777ade9dec61b3608,0.4657257776796072,68.24
a99224a877de059eecfbc6194bc4456d0cd80d0b1222c89126aa8b3238fba71a,0.46508186379957356,68.2
71107347a0f2b63392b47f27f8af7dacc2355b29de4b0ab471656806121c269c,0.4644822742691167,68.15
419dfa74f17fd86d9553de37028662f7a4840d5add70a3fffd2b1f91a30acab6,0.4642227248418401,68.13
f05b650da48cc651c362a743439534e7d7c6f2d7d96aba7b8857abe888ba3cae,0.4639418219888169,68.11
e705b21727d0edf43e1f5b0733edb95ef49861c298c8bb7f2c11158e8360300f,0.46356183831579156,68.09
92b49bb44d7eeef4e10801445415c84d966e7c358964909c3db9b4225b6ebec4,0.4633844333908955,68.07
02bead3e3386ee4dc906bb8e71a128f576f0a0f9db3450bbe28b3c5c77292bfd,0.46308043848579605,68.05
d4b762b00a6cddda64bcaafa214e97606576ece1f47e4cb3386c5bfefb2abf2e,0.4629988911418006,68.04
594c26ee90c3b2aac53e0d9410c28a0a526f5fad9cb629fd5a50ed2050e2f002,0.462948521165748,68.04
81b99a85cc933d4a6b22cac999e15b4d75692d17448660eab224d2f8ceb7570e,0.4629800405458219,68.04
249775618691ad87da35ed7137db3a87732bfc98f5eb3487d4258cded6532ad2,0.4628731898178104,68.03
d9caa7f9e00fc876aa81af77932f8342e7edd2c5bffb66d655e5291b7e095c6d,0.46274043110428437,68.03
2034a66deff07dd1565535aa6c2933a6bcc785c11b76f395fb6e9ea862a88567,0.462614624915272,68.02
1789039505b393aa34b0485ee9b0a76bf8b32bab0078f46e8a436cf36d35163f,0.4619630790266058,67.97
61f0b43c989f2ab4f858021fc7f861e63d06e87f4ec7e42673ee67d6aa601766,0.4619358861947609,67.97
4e674a39cea2b839736419552b2d348a4fa536bb0a5796c00af340e3400e7c93,0.4617945077263088,67.96
d30d22c162eb6688b647647d903858f07e1ed7fdb84cd99912905cab346c72b0,0.4617254949183046,67.95
c24dc77c6a2e7bda58613ad745995057c12fab52a9656f68cb0721b5f57dae0b,0.46139799928683445,67.93
919e96f94425b409f3a191b961e2d4ef22631910d44d743f737d8b5b50ebfe3b,0.46098273499646203,67.9
cc5995ea9a03560346838b1e65f3c38952f176c57805c3f72a936b8f4bb3d817,0.46085103070511546,67.89
baeb3e99c92b44bba7295639fab3ad12d9f2d8653b285c67bf6393cde56ff5c8,0.4609179358065745,67.89
970c0d9d50a55f0110bce67626759997ac3141668a779d70a7325f9b8d3e7d6c,0.4601466612953735,67.83
e73db969c3b862cb620b034d364de2fa1f06abcf65d6eca9c3dd5dd0579627ea,0.4589135610181127,67.74
c6d1ff773ae4cf11e99fad3e756397a6e97734496775de32ff31d2db75150c52,0.4585726469191141,67.72
4add2aa8af887527ff87187db5efb69beb05e2588da9a2abe67bbd210e6119ce,0.4576742895764784,67.65
ebf3e6291a7d2261f79c1d437707ace265f0d6ae1233dc66fb36c27aa4f0fec2,0.45747391769774837,67.64
21e14e7bdf2fd5ede3dfed2b29773727993b55f0b5c4b8ab9b0faef54633f4e2,0.4567499955308004,67.58
d7be327c33d7f1edec6491806212aa649581193f5962dc8288150e9fba47d3c4,0.4563972462815776,67.56
be2ec173c040030f16e0c3f534718e37bfac9beb4a7c9b30bf8615ecedf3a8b0,0.4562617412750691,67.55
e92f837b898dcf08abc7f04c7f7964284bef5e2a5ead8a9f74e7e466b4850e29,0.4563586465058028,67.55
ab10a9e5587ec16d6fee173167f834603bf82dd8147ddba6d0ef5f481234958a,0.45619156311214093,67.54
4f413c0be1d0373c5fd7df0c8f009154fade3a6907ae14d1988690eb908cf6a9,0.4559676302215246,67.53
72be08de7acc2ed79b8a4283d34d1704e4eb2b75531635f55bcc1e1ffaa0d94c,0.45598350080578454,67.53
b28a116cd5dfa36cf299fc4a4082c617a82f3cc3d8c2b5042ca436984b222907,0.45590392363383553,67.52
dabbf2481d48e238cfda2bd75047428eb44e54a555c7c3146fc1be7088a54e60,0.45579272142287414,67.51
73ac873c24c6c0044c011e456d3aa9bd2fcbdfd445690175fa53b8255c3906b6,0.4553575575616584,67.48
461715b3c27a4711193788c0e801fd14436cb6f6af89296c93bc733605d8bbae,0.4552251303892964,67.47
3266020b7d75faed757deff80965a33532dff67d3b9d4c4529bce18049156005,0.45442386274744284,67.41
74840159c7719f26f9a129e56b398578ea2fefca5425d87a81e5ae76778e9844,0.45403435634509554,67.38
e3057a40aa94ef15637738bfd50596a5bc95e8da673e89b288bbfeb0abc3e8e0,0.45369927358792705,67.36
f078e67e5e2ec055924561043032f3eb9cc28eacb0021ae728bc830cfc8fa8bf,0.4535541533237117,67.35
2b24b141209019e4a1cf4a32670d064e99a022c4cb2590be55ffc14ae381e501,0.4535420968091238,67.35
faaa34a15bf23550c224a2d5ee5315a34a8713fec5866538f7e647e0c76a4312,0.45351783611206814,67.34
42fdceb96e44007b5a27d0d6036fdd58855336726f9759a2edcc1757124a0386,0.4533799150136961,67.33
e7c4db344c436f9884c8f2dc776990e4a32c85a3446b8331356b416424e84d00,0.4533436227694903,67.33
87636b33b73bbcf2a0dfe19730b846544e1e41a4ed35687bc7ff96ba1face6e4,0.45324638427877173,67.32
056e5fd856d3ea6584789fe290f3e9d61ed67e08c952eac74209bb4464d8775d,0.4527962548891862,67.29
b0ee56a504f9edd504a38f6cfaa2890aa59ae328820baf33371a5ae65dca649a,0.4522966947665086,67.25
a046d409524e32ff2f4df94f3bfc19cf5122b0375ee7837131a5f1358857b164,0.45206777463951786,67.24
b31f8a31a00f1881c5e785de8f32f5072aa19cb893747a6138251f47daa9f749,0.45205087766552476,67.23
1c577f77bcf929976182179e4d53d330211f0f2a7191b457e62e734c5e6c7ad0,0.4520010256693501,67.23
be5342c0f97db48d04981c8175fd8759aad5f58b6172845ef21c475042393830,0.4513766237604046,67.18
26d4d6e1f19d9075c45b0edac5390697437a9c6e0f2f349c2533752027be086c,0.45118036305277637,67.17
d4f0ba0bd984d1b33ab122ed8e45fcfaf28e1b65e8f7f3d6320978f72e4b9501,0.4508634312494526,67.15
b581f651c2225d6d5bf510e0ce3e3f656a371f509ccbb0434e336a0b4e20811a,0.45089047885582845,67.15
f5a91969e2a84d821ef3c3b20c4200c801e189578c0341274da8bd65df064719,0.45041708030995536,67.11
1ec57d2c1dd0e3757a2c1f30710d987e0aafae9c7e39281ed532ae03a9a9da78,0.4499115959730083,67.08
c51cc7293344c638a550ecff9167fb4765b65b90049a6754515db941275448b0,0.4492403858073832,67.03
af66e33a20d3ccd89415470e55db00e2e970bce62fda29a3fbea2d87ec0a39a3,0.44912148099007965,67.02
fd03936d4d6ad94e1c1b70a10a207d582ed505355834cf72ed2b37ce2d9b6a96,0.44919959504738743,67.02
83e6099512dc9b721289f349f2d420ce68e1243c1f32bec63daf856630a741e8,0.44910944953324017,67.02
90f84aad2c3ecb1d36273783c1917a94933f0dae463d6fa3425151ed17308feb,0.44892111966111803,67.0
9ddd548fc7592b989ea1fef1c40ce22d597ffd7f88592cbf5244ce41a6a91a5b,0.4484530137946582,66.97
027138a38dd60ba6d2193a9fa89ee8e351d0f1c64667c13d3b66adf01a7a7736,0.4484958746587218,66.97
698329fe352642de36458853aa841c15e109e75b6903eb1e782ee42c400da2d6,0.44834026411195743,66.96
33fb35611a6a7cf3a68f98af2c9a214620e27fb19a81ab145187be178469b3a5,0.44794726177318384,66.93
32ec9ee1954eda278d2bc2ce97566335e6abcdfb6f7708751bbf37b2577adfd8,0.4479716761969888,66.93
7fe6b3fccd62cee556de57df6409e3d5b261bdce1504ea2cc37a0d9edc8c86ed,0.4475621420836188,66.9
796d702b6e4268d9e1dca907b561bd1edc3e6fc7e2fce39cc627dec214a85e66,0.44704380049608317,66.86
969cd90a54d765b852474a99bba3ac2a5df6ec841f28caa9d9b0afe4b9910875,0.4463157313948391,66.81
6bb1e31841bc46d699e97617d97055a8d84a3f817a4b53279ebc2aef3c19b72b,0.4462423127347139,66.8
998c50e149cfff2344a8a68e5df79e81afc6bfe557327d6b36bf10351e6be662,0.4455502835566025,66.75
6cba58a48c425330d1b0392163aebfe44b3b8e38410b2c7033384bba1384ad13,0.4455560106724825,66.75
c01ffae69b5ec868cf143aa7405553904b3378cc2c3ed4c0bb902f09efb6aed9,0.4453103034293595,66.73
91005e3d52d08988817033dfaf746f9447ba009a8cab4412ea387793dc6c22f1,0.44489906251342326,66.7
9d734d3478ef743e7612e3a04492d78cd17c6d27064c1f095419a4fe16298f14,0.4448111584910107,66.69
d6aebec31068c4a11129d85bc69ec44863d24d3c747cbc6c13c89c7a247ab3e4,0.44416239293506943,66.65
df48a1f04cc8e7ea819e744dd2540a3f9c4994cff1f5ceae66ed8fa10c8e2575,0.4440616236664369,66.64
eb2bf8fd249aba3ac61131c9fd067d9e7631cd08347bcb158530ffbee244d516,0.44329085988702205,66.58
f41f76ca0d89d350a2bd4ea188497644ec5f9d4466d72ec17f2840e8e27461d4,0.44320146906644503,66.57
9e19265076f99471573fb18a7b7be6c093dade7f50df3f0d6c60bf679e287b78,0.4423718788223722,66.51
67bfa28328a79fdda79ce03e44907018b1c27882da66032e67be990c2ff5a722,0.4422847433431115,66.5
fd8370b24a505373f9ced7359f9a4ed78c5e4739f41a1e4e89435798f3abb34e,0.44217031674834706,66.5
fd689fa39575da421cc64a883e438a30ce1613027aac73f63437c19ecd8c1ccd,0.4421569162097473,66.49
f4f6a4e8f1220048231d4f14004b3e144dee787ff588d7a1dcb7269734d22f4f,0.4416537724651793,66.46
3bd0989d0854c02172618e30bb9c44fdf911c45cd55195d059c2fff6d9b49972,0.4411184036662099,66.42
cea2aab745333a14388405f224cf20b324450b1ee55ab1893d29f4e072967bee,0.44096957131171943,66.41
2e62936249a83955ca6f4aa63e39c2eb35d519b4d523fce71e4b8e3c294ff81c,0.4406880586993068,66.38
df0eaa04c8b4e94f685e3d772e8f032c783c8b7d55a0272e840e32f79503f206,0.44015733537660195,66.34
1170b4a92991e5d6d1017daaa62855f4eef1951da1f7d1b14204ea9bda8dfd19,0.4400912956127863,66.34
d35bd4be6006b8e9443171a55417cc20a72bd84b106c9d2f9578d6706bf81167,0.4392604531792123,66.28
2ee79f50b6134592dd2e04c3897fde59d6797103791b9ebe2da9685785741191,0.4393666361181332,66.28
51935820a943793949c51cddac0c72f6f24720ff99c07504b87b9ff017324369,0.4392093383967602,66.27
1e29e6b143f01bcbf40d7c497e690f802a94302a659818503749a925b97975c3,0.4390947425375159,66.26
6e4a16270755d2863e2b985840a625aa5bb80540016cdfec79aeeb32acbc0d75,0.4389953954892731,66.26
ea86857299c7f600b38130034f4a3f0b21899b44624df402e22d14f9b53a3599,0.4389083976593606,66.25
abe272e5409ce49ddfe88f19346dc4e21f5378be6b4066e65721684c34c24633,0.43861448672141556,66.23
39e02cd119596b12238efd115d7be221f16a0a2fea9cb9fed04ea596e6832130,0.43856700359395207,66.22
4ff4bd5deed16e4224d03d0f4e5c82555738ad1f203bd596f9ca21be2ef17203,0.4380785536721099,66.19
4f27049280f332bb6fac6f9845df035e7574a22bdbdb2e0ff174e68c92386922,0.4380442516950845,66.18
f36cf7f0f86d12de352d6a1f78354a39e3e470e83851566e4546f6212e219535,0.4378161763718795,66.17
c15ae8d7969b40d4ababed4c38610bd05d5c212be71dde9ddb9ff80de6e34715,0.4376399793393866,66.15
9c73f72c2acfc40493df3ffac92c02f6e7805300e31157d4b47a50ce17ad6122,0.4369881720303844,66.11
15a02a3a4ea7ffe2a173509c787e71fa42faa7cf90281ce0e5914ddae8f30c31,0.4369247294503033,66.1
4dfaec3dae328efd661faa836cc4a97c3bed887247b33514a3b6538e8ce8396c,0.43673964161602086,66.09
fdad61d1ffdd6cb2aead02600c19f4dea0a6c3f8291fa53e5d3a781805afded0,0.436699697229694,66.08
28472fe908930290f78594919c91e2522a5a7ae02a8fcda8f769845613dc9094,0.436581196835715,66.07
ff67be71f012ef03fad1cb3d6810ba1889e5a1ec01554b3499611ba66e913136,0.4359724874586623,66.03
9bdc3b21a2400e4f36cebc15c0f7c3775d74a63a74ab4404176e33b380431d67,0.4352508058923831,65.97
61b75624625a3dd1210bb9382adb96aaab41b284f111dc490cf099ba81aa11c2,0.4350229850393591,65.96
6185cce40288f4a0a772c8aa74f7f3b7c98f817420935e0558cd6f8050fa3930,0.43489887740209565,65.95
741455dc017aeb81e0ae22d680230369cbc7b0d9b893da5f2309fa081912d156,0.43475863191291814,65.94
489d9cb3f3630002687c04cf4bd1829dfbb405bc29947f86534f991eb79a2964,0.43434263681087587,65.9
6134d9598103860ee7e0a0f5bc182ab5b5189d2518aa404301614d7fcd90f448,0.43422408042714933,65.9
6697703a41ebe38bce43cba1e659161cd9faf660237ebabe49d00249a29e1ac6,0.4340850349184685,65.89
1064bcfbd37b8529c95e11dda1849e4fc9ee07812aa6da0de4e2b0f1c79fa102,0.43398984300713045,65.88
100ae3a619175102eec69c825a3a42ef3ad161bc0b91da9471d0c453ab17d21e,0.43396499006621203,65.88
d1c2c71b49fd004b719bc334c04f1078be39c1f3523982056b259cb8c171dd60,0.43388066263368225,65.87
8d5f49b81f51030242b76df3848057869a33175fed6802b24d31560aca29f497,0.4336023736453056,65.85
b37f042558affd44e6401189fb76a4a40010f3b724773ddcbd306f22a03751e0,0.43352275307997956,65.84
368ba2d8d88327028b5e3b797f6ab0ee43d4c6c0b5c5913779e65cde4ee46ee2,0.43353713069121774,65.84
ccdd4f55217978a634797f60503d6109d7b84341b07e1cf09c3ae6fdb978cbaa,0.43355056052086455,65.84
b50d498977aca37ce76e15f0358590de503af94533d23eb8b9d6173106877349,0.4333405785699537,65.83
bd7a9999465d40a34548421bd8e00d353781003b1e2582a4888fb4a502e900c4,0.4331098728972649,65.81
c2119c5aa80c99d539b20c0eda767ec1ec843894fd81020df624af9bf05c32ec,0.4330103418832239,65.8
ff547e79430ce1279fc1e4902519dfb343f5c5221e5413d49f307f34af93c9c6,0.4329665525705251,65.8
8b8c0ed22f030c0dbc6fc18e0f49ffee8a4052635b76e2a8da50e931318c92d6,0.43273883740236685,65.78
bad6f499221ccbb816f71703cd71353bf487072bcf1bffca707110a8f365713e,0.4323562354852191,65.75
ff35e63ad92e327e180caf3be468adcfdd852c35ed1d75f00077fde9a9a2da0e,0.43217857476785326,65.74
5be9a54fb0f50907fac9d5b6536370dc915c4ab3255eb07467f53a384889a80c,0.432043866298532,65.73
363c3511c5b7a433a423da3eed787c85ab80407368adff98bf673214b5b16482,0.431816480526848,65.71
7e273315b17a52e603b62fe04c76d161bde645a45c933a16da8e62964cf6517d,0.4316268570934523,65.7
241e3811328e8bfae89212ba8cb70ba9d22229758391773d7092107b08667438,0.4315934995862713,65.7
00d691da6c8f782090a2fbe2be54f9f849a9b2fc5ad9679a84424dffe2c0aedf,0.43147619300662965,65.69
d7ea40e16216104c7e6a0a4631df5ca18d0ecddbed0f9fc4a255a537a6bfdb46,0.4314962213710809,65.69
631c06017e4cd3be2e6f729b551f8240c31af4ebc6f4fa5e7a3b1b5772fc2355,0.4314880295062601,65.69
782007961427fb6e791f6218c8bdaf64118eefaba3c4b10661f52d06ca52da03,0.43127603535092063,65.67
566bef77447f548f67844504bc3ebb5d2aaca3ebecb5851793048c176da8489b,0.43127803781978247,65.67
371a71a87f841d4eab08e4552e0c563314e42fa93bb59a95b566b9c527b12257,0.4309319785964238,65.65
090f11268fb4417eb654f9493942635a66d564569daad90312e94ffdfc923417,0.43079551264484933,65.64
5b4021903849991973d8bb8f444566c0c3302b5315261eef83be4bfcc6805fac,0.43074905428130217,65.63
6f0b2bc5094d7680c03325e4ae504957b64d52d3a3f624a2722942fa00cee33e,0.4305813474246169,65.62
075cc7cead30211d41413eede17f54e80dc26dea158e3a9e92d9e99e5193a9a1,0.43024320387285897,65.59
58ad6b29f8096cde4747c3740085f5f9156006e7d9d305de992c168f96e674b6,0.4294274053108583,65.53
e806b8d7f6ff46c0b7accee85e69e31de95eeaaaf6e16e980971ff47de07d49b,0.4292909007500196,65.52
7d1c97ef456e533611eb5cd8ece86ed9adbb8b0d71a9b0746bbac26a2ce6a2e5,0.42934975749550547,65.52
1d51d25f059cc82e4f1837abc5a455b6eaab19bf90ebd85401d0064993a72fa9,0.428722823356049,65.48
8e136614ed2368d8fa4b2347317bf3bb54907b0aa1c2e8a8947c93fcd6985a0b,0.42873794906903223,65.48
4dc4b37f6ea1ea97607a6959244efa924c35ff8abf17be003ce105402ad2b667,0.42841472432866196,65.45
5240c81ebc3e51fc9c9d78ac5917d3470b7022254be490cfbc46127159d49531,0.4283296495919439,65.45
e237edee9235ea2203e552bb80be17643bdd09fbe905954ca7f9a7128defd737,0.4278247375008531,65.41
14eb68082f3d8510c6ba3693354870b656fe9c12bdafda0c2692c205142cd4e4,0.42782740718207074,65.41
32212b027d0d275e873d0b496066ec48bea8abd966f6c689d0210612dc4e23d6,0.42775765840409746,65.4
055a9711fd8d7d2e12df2d4e463768070056722c65f20fe1b90bdf5663a3b1d1,0.42749421751052125,65.38
d718f070279988772126842bd5db063dda473968a727140eaf96b25e2759cd69,0.42739252179805026,65.38
740be47223385b50d7e02f93ab65475c5463534e0cdffb4845889f952c7b73ea,0.4273140337113909,65.37
e7b709d6fd0a4b96c7f10f86e560344e9f37cdcd7fdd4f36c65194c2981343b9,0.4271451028674976,65.36
9a57f96067aaca1b16d4cc9149c43156c54f12131a0adc7f5b7255703645fe8c,0.4266056119058699,65.32
43edb443e7559242566afcd7817c6adb9f6d41f3bab0373179981f42f37c0eb0,0.4262571068609941,65.29
99fcb5e2cdb560ef8118da23f434346928a75d642d5a169d2dddfd80f273549a,0.42624558851879124,65.29
ee8bf6afee1f7e9f455f42b84a0a92141f53790b842cd54de5a83073d437acd8,0.42618918561443436,65.28
529c9d80c1d7dd8f1feedc98aa3558c01ef7877e9e0fe2d2f35d69b11e5ac0ee,0.4261459621222366,65.28
159b123dfd9a7c630ff5124eb69dac448a2c60f24417661131d7f2e05f42dac5,0.426203638411643,65.28
2232b8edddb96938e0db958c9e4e9f8a3b6a533f8803b9cd231af93cec82a4ba,0.4261282283655122,65.28
f141dfa435b1702642ed8f3a3b91659284ef6bc810130e5a576fec007ce290ed,0.426014865700544,65.27
26049fcb4ab8414c29a8e2f326e2105e517a6eddd68a23d1b562d5351cbf6a5c,0.42578642670430505,65.25
4a6db8e0a3fdbcd99eac6acd7ba7492b96b3a9bb9a428ee9e7fe744ddcc93660,0.4256465747130885,65.24
d42da69fcdbb43a77c72f5875f7ae79a2fee9c5640b6e743fe921dd448015790,0.42552112884197585,65.23
a58b6fde490df3fd64eb527d44cd14740f25fc065a935133b9814bb758f3f3bf,0.42540505951607194,65.22
bf292ef79af5cd0c57e37f33fb8df1ed0014aa4734f48eebaa555bdb77d0dc07,0.4252694045035815,65.21
8eafbc02b8d4be733e46980e41f3e48e9e9b0ae43516c8b3dabcf0174222070c,0.4252458593383553,65.21
4403f5213ea9b0685f4fca221ce2de859b9585880a1ce96062794f4e3bcc00ab,0.4246741760332703,65.17
ef7df5a35dac2dcdb3e4243370618f8ef975aa604820108f197398838f380f4c,0.4242088368844998,65.13
2d8e66cf80cf9d5f28979cfbdcf2bdb73c73fa7e0f963f0e5f19ac33ae381b90,0.42422377447477466,65.13
fadd13616261045e8d87002ab9e0e0af99a896101cd40e9bd08021af54578a07,0.423994579360844,65.11
9b7584bd47d27b9ac168ee1813acd7bef47ae52ac5bb791173b7a3cd33113154,0.4239818838775852,65.11
bb8372c2061f443e2bd130dba342d8df35a7da1237edbffbd1e5115060d353e8,0.42384769459488914,65.1
60ca49a47296897cf37bf8ae4656af881fe8c2412004bcf0ab5f991be186b709,0.42369641570789246,65.09
69981aed870334377692f008a8cc62d430bbe0079805274e30270ab487f3c5a2,0.4233164432888901,65.06
6326f58540eb952762f0208dad609b5df1364b80a81607c115ccbed9e490d4d3,0.42333098218083065,65.06
5ae1c46f875de7d8f3345460aa2f7da45d4fcb92d8151127813f94350b849ee6,0.4229089073301532,65.03
eb36d01a8e721844a0b3f03cf94e2436eeef8ee822f12807fe142bfe0243cba9,0.42261761661501007,65.01
6b43bceaa851009e50ca79c7e213f30d2fd6679826bc8f8915c92ba2f30f6826,0.4225021469339766,65.0
5e7ba4cc2ea079cc8ec51fb9f2f413bd2466a9996270782d202f4ab78d2f9cc3,0.42254095532146513,65.0
006ddd6f4debc561f73453bdbe3d6e97b67350a11f14294d206082d785dc21d6,0.42254151364093273,65.0
d03e2d82d2305489fee8994e09c2c171f7c0efae4a402342c3e65ce9e374f28e,0.42229144788056083,64.98
105454ceeda0c95803df0757ec14d8563e53835558e4e0c08f722675ecc0b0f6,0.42187907641161915,64.95
7b6e32d256a23fb0b160d1a0e252d2353f2f535546bf8112a12c10bf2e47ecc2,0.4218703539259622,64.95
b1ca1918f7f8a0bf69755dbf761b6eb9ca3f7a2580d275c415b19564b4582f99,0.42187436722835625,64.95
9a4a622b52524b763ce09f71d0278a4811dd503313ca92c57ac8aed5ede7c1ab,0.4214492652618444,64.92
df40899414dd12eb93a963caa1207318b2e18f9195970692a253cac31eb9f2dd,0.4214405948260924,64.92
197fb7b056dce59ddce881e51c8bd3d407a73a9e14710eea8c19d76d2907843a,0.42098810235156475,64.88
a576467b82befb724442cbdd53d90e90eea9d1151b45eabacf773c2524bec808,0.42080419389509255,64.87
23e7b28365f97bba8dc101ab1951bcbfc320e20d5127446b2225b3d7bfd828b1,0.42053783944186646,64.85
014653f5d081d06f6ec2320a828d05a973823d5453ffada5d62069e9c1cd74ea,0.42036657381446185,64.84
a263c2c9c516dae29ddbc60617b44900dab1f5426622503a07d9740ff3a9a508,0.42000731392433777,64.81
2a7fa6d5a1aa1e537e380c280e2cdec074acb5a0ac5965e1aff6155721b7332c,0.41957373301881895,64.77
95e32306e6dafeefac441bb730bdbbc93219017b85e0527bb9e33e47e647a03c,0.41899235970052495,64.73
38e8e590d937ea67b72998b3ca23ba18f7f1629cb125889417ccf2055dbd9ed8,0.4190327321948788,64.73
6671997cf2ea321a566d54da6f3b633524ca76018eed5231d21f584fa6028466,0.419039828449486,64.73
901a22fb9f38c86e9f0bf3294efca84eb1e451cc3b83b2b96a569535d0510526,0.4185414557253525,64.69
12e023cb68542835772e78f30efc38e686120c711c316a35e82c9e87282905ab,0.4183335021371817,64.68
32544a8702155f3425acc403fe9bfc8126ee5010dcd2f4bf4a3162056bce5691,0.41715232407238423,64.59
91810b91903e644647a154caeabd4703008a9285c73af67cbc0ed23febcdf52b,0.41713150794192727,64.59
a9b2b30363a749466c4aaec1ae82c89c768a7c58c56c60661af7daaa3093cec9,0.4169495788620279,64.57
a4277dc521b1dd2ae107f80676518e5f43bfd5804fc4f72f8106f6b96d099c6a,0.4165520732566167,64.54
78ad80bc0bf43a5ace0b31cf84117772f08d6fbe767ea19261e238ea42b91fef,0.4163073197624898,64.52
8790367c4f83ef1e2f30f24b5fb8937f1788e02f5b37ee2d1d7a2b0d8d298f27,0.41613888668087723,64.51
fcdb8edc89a2f786906884c334791e0f16993fba6632eb927b607c9609e13954,0.4162048371072736,64.51
8348dc188505dd9408ce8361b9c378a96219463d930bf972524fc470b01fc497,0.41602804087649636,64.5
51d3e336dd73cb526fba85e433231b74753d6048d50e95059cda104392810550,0.41602250205215285,64.5
0110ffd5003b47483e9236913c1ecac47aff1414f5212f62d81c1f95969945c0,0.4156895342376169,64.47
79eb9c450342343a87266caa866ee7dbaf03fc5b08b604acf6e81acf1626ec1d,0.41562689920314766,64.47
13417a28593f373aa516d1b75bc580109ce3f18b1006208b2aef9f00a5c41ce3,0.41547289529070575,64.46
ce57cd0323cbed40f619a93238787fd61b317fe2b73fa148700b6072cc2a46cd,0.4153986160606564,64.45
d40f2aeb30acea2ef57b67c4967a9f32aced2621bebbf8e965890f3916aab6c9,0.4154341954704946,64.45
10008b3d2beba65acd4f592aeaf8ba78f277e44dbd0edbf468a985b85c0b0e5d,0.4152494875431969,64.44
4ab305e8cbb33913427de5827f181517f82c962feeb39e06a3229cfb05c1024b,0.41496190830170543,64.42
68db085225b02097d7a51857dc6610abc89bc3eb2663775af8d1d6ce0dede938,0.41473934107660987,64.4
0e763879af89b1cc55faabe4c93ba60e42c4d60e358a4acf04e125609e8260f5,0.41468453773848746,64.4
6c7c00b9f77bcd9cc1a32b164400bd67da7820ebc78dfe2f0736e61c54cd5de9,0.4147458639348369,64.4
c5d18da233d3777f8668e49888a22983f78336be028e948a4b353db44cc6044a,0.41418235001116044,64.36
b6405427854257d97168916727848b95bc3857c2beefcabaa4b917e3c6c7d7fe,0.41396352577799933,64.34
273e1355035b5c8fcd9a4cabdec76d2d9982383e942152b3bbc0a74150ce2e0c,0.4138757796170722,64.33
5a5c8e8299c9599377249a4ca1212a4d2a3359b9a8cd4cd1853839262f655bbc,0.4137850662108451,64.33
6a2a817ad6a4699d3ff23977b417445d91a610c5e8c0a62ba6d370589d6c7d5b,0.41380427769567296,64.33
7ad1dcdb1df50a1178cf2c40a816787df3b8e97be5943b1b715a1d91862f1b53,0.4137860430546105,64.33
5ff98a0a0c32e041d5fbd3c093bc5818f387340a31ab7bde65084669e2d7ceec,0.41364444821695256,64.32
4aadb70e204d43e5e51b1938e5e41e3e036073b2c50f1a9579842f34f5219477,0.41363214098329437,64.31
533771a74a2d58bdb7a00ffa0241ae6af29a3c59e946a980b1448ad4d152cce6,0.4134704561080499,64.3
df3cfba1f9530c6f693dcdbc105c31825a68bcc100fe03690d244a9316017ca1,0.4133465302090722,64.29
1bbca6e660096a26b57545f3ab23c732c6e8a876b415ce6a8a6bae731cb4de4d,0.41333908262802155,64.29
bf067bb81e372baf9bca83e882ec9c824a560ee1a24cc68550ae411973895d4c,0.4132526348128621,64.28
c6f32c85f8dca3a81d3dca2b7012e56da2c37cdaccf3aeabca856255bfce8f1b,0.4130163969129509,64.27
586328d9cc9ad3526441f192d2de2b074b6aa45d1b05973c135720df61c8d222,0.41300559180126484,64.27
0b04cfa800d4793a42a78068ec3137e99d81dae077c4154bb80c30d0bd58fedf,0.41303317323961947,64.27
5cc468cdf920d31f76d73936508aaab907293b96e6cc773292ab8a43e17eb254,0.4129575067495059,64.26
6dde676e98c863f58f638f4ce35087224afa4bf3ace37491ce83a848d4a98ebe,0.41276848388553466,64.25
9d098aaeaf55ca4c6414a80bd310d77045d36caee94f72439af914891992e608,0.4127809737077777,64.25
5548d848840bddeea43399544f3413d96370d0ebbfd9d5d5b44f16a776421b98,0.41212492266077755,64.2
7192b6316074c7c09a9eb43408e485dd8bbd2cbf4a4aed8c606021f982a333ab,0.41203617746105503,64.19
548468657fbbcc9dcb668049957887c63e6d9e7b4e9f1c4624b7b8dfd06c06b8,0.4120744452541228,64.19
df5615980eb607c379cefdd9e8acf2b6d2ff7a621ad6a37f5f3a065242a2108f,0.4118689941454645,64.18
eea07b8cc523a4ca99381f050ff131e5c2badcfb875019c8e822f4ef01abbf60,0.41183445736499147,64.17
b9649cbdd0fe665754b3e55b760c2da35376f92224e4cd0a0a26ec6aa89d9622,0.411658671235484,64.16
c16c88861d1189a7a56b6128a1b80f08813fc0eda61e357e8b0da6a5f0b1945b,0.41116493300932255,64.12
b357fb7df143bae3c37fbe0ce82ac548bc92ff4a4f1b2f4d6d4ce8f10ff70233,0.4110264811196566,64.11
e03fc0c677bd6060227ee632418c2c6aa0e792539af596de8265690d0f7d7fdf,0.4109106531292803,64.1
fbc23b20b3f1cd26c858f111aba765e8a1079e5353932ea432d8fa466a78b40d,0.41058197708552946,64.08
28d6cc22bcdf01cb879deeb3b580aef81a54bb7c25b15e289068af5ae0bae612,0.4104546084148826,64.07
d803f1499daad82f2a13426e55b00a01a91c93fa28a97ef836a9308e0cbbb211,0.41004714332994724,64.03
79afd20d541fe1edb2732e6ed1d9f2f1f3447aeb2492289e46b82f86c7c2f128,0.40978159201815934,64.01
4866bd65d3f66934b4bf8d11be1b6c2a0397a5a1bcc3c9350bb4d6422c2a94a7,0.4096709489184369,64.01
5458b25b5793b8b8184d13fbfa1cdc4cd69f4b8d1eec3ccf5766238b7930a60a,0.40965890336146865,64.0
5ab89e83d120763e8698f8c3c0bc2a200e2bba3ec37e164d4b36a6fba41dbda4,0.4095596977720639,64.0
8d8b0329da8ba72d1c97e70701042ceb87fa06bef1772da18a1fe5a9dfdce2d1,0.40945067196763696,63.99
d2d4f1b9d4a0046e37448b08bff16c7d29870261d4cb4f07a9c72466e05af2c5,0.40952647980938905,63.99
9e99d690146b64ed73c0bbfcffc46fece294a02480d31eadd8f2cf11dce6344f,0.4093936432925352,63.98
9159d35c2888a3a96d1ea3fe67e126317b11a07e222bb1b7379bd6ab00950735,0.4089813907364648,63.95
498810b9c82ffcdb5c4182149a87cee51eb3bb4303e76fad4bcdbe01d837d776,0.40892454181682125,63.95
e68ea2bff20d48ac5c77bba8e9244ec7d03b0cd2f31b961f1d9258a9924db03f,0.4086997577725016,63.93
b5ceb398dd463802516b33186425e423356a46e34790341ba312f1996f67363e,0.40832258024057,63.9
c3ff992e1f4a70169f19e52560f036c3d60ba60ba1dcee6ef3f3f87f8558a696,0.408253283182453,63.89
c1fec641025ee1984b5a0c92b62e009bc4f0f335da70a5cfeb0eba2822d4a97b,0.40774869988551593,63.86
fc07683f3393815184ba45c9092a10d395e52e4ddeeb5d8e717ed79d1f797be9,0.4078568114163319,63.86
b913dbf05e289cf063d7a9c64798cbcefa8123a1516389810e7b85e34ccffb9b,0.40769285591226156,63.85
f225aedc50428f2d60541953a0c3b287d443deb0a4c0c213e353b86266fffb9b,0.40767426544961943,63.85
eff0d30ed61d48df12862d2e48e5b23c9e9b844d8782f5baf6f71fc2e4bc9104,0.40754382843798603,63.84
41227b1ad5725abd21ae1aca56b44daaf32eeeac8de5fb23990a9095aa2f8f3a,0.40714009962951425,63.81
7d77ecceb96ad93139a0d4e2359df300d50c29b77b17da0a3554f64176d735dd,0.40714664076136636,63.81
171b8f0807f6c8a6301d54b3cbe13c718dd0b99bd5784ff6621bf0d7424b17af,0.40698872549952325,63.8
67cd50d94b248c1d686566e6461f57ee7389f3a17682036a6de85259329621ff,0.4067636339800778,63.78
a900d59b7dd3061ace12f30e5b534d0c1f6f10dc7b52f89d2fa4a93dd3eb0819,0.40657469889271947,63.76
2cc02f3b52b31245f9f686b4d8c15ff1959473f5a0b2f0c870b83f31986cdcf3,0.40654001437078685,63.76
a077706fc4beaa27234859cedbe45d2b30b7d59f889a4f39ca64d5d9c0d4754f,0.40640026395619677,63.75
d3b838e507badcd692f64f377beed403a3737f7ab3eedddc1a5d88a634ad4854,0.40626338522753325,63.74
cd5115a900bae92981e78ca639d65ead7bf39505cd86e62e9d3ca9d8d4cc5987,0.4062803196197058,63.74
43198eb1c502143dcbc777be6ed188c8dc5a88be1c05e66fa0d78015ab9d2988,0.4060100512638987,63.72
48f64f552c3be3e96f7d209d2ac4c04c3534adee3c00d4a60fb5e953566eaf86,0.4059782440975514,63.72
46b3c4f799968283e2e129a8bd9cf555d0c5400c3725a97572c303026b1b97af,0.40577440277780247,63.7
22f3d07942a984472a17b432f419879fdf0771e44315fb93d3ffa35af9ae913a,0.40547557334163997,63.68
c86ae81329589536d0b92d630096b8f497714c4287e7d7f96ad333bf9c4a4877,0.40507221619098305,63.65
db4b0a9f14ef1d123146e5f48b744a3a35cb6d8e7185a4a4c579379338e83be1,0.4050965070554743,63.65
56ce1fd63a09d4bf46778468c9c7127fc69ec7e50de78f26c4fe33f245d89537,0.40500025365217135,63.64
b2414f215ffb862f7654573e5e8eb4cb92000b29f29ed670f3cd83629f4b47c8,0.40498187582930606,63.64
8fc4bef89c4b76c69a10aa3d9b0b81861cad64ff4c3f0f70e2545a2b53e7b779,0.4047514464740054,63.62
b83ce9edaad4f74f52b6dbab024b653df2bb90b5dc0428bb7fbab6c2372e168a,0.4039173517128212,63.55
81dff5b561795d5a3a6189a35b53bc8441457651b4834f4625808e8cd54d77f8,0.40369111075392966,63.54
82e99a94a3e2be8dc39baa4413084ec2ca27e0f073fc920af27caa71b5335c43,0.40376012120022947,63.54
1069a342de616f52ac6971e9c9c8bc93bd07dd46b18ad7a8c33727dc1b4d5067,0.4028045755379307,63.47
587659960a992488e5477516994875953f9b2c315719731fb2e954322e6af0e9,0.40266601966339827,63.46
d299ce13086a1929f1bf1190c936e818063b44f868f492575d86f30ab2361494,0.40255307184239975,63.45
04e77d5211ba457a2119b302ce6ee48fc388a6397dad7ce1ff8c20c7678031f5,0.4026115708222615,63.45
405940096067421c019ee62800fcca7fbb48d66203d05dfebd7bf06fd8ab1495,0.40261328393568346,63.45
ab622aa199cc88f40554293c632e26c3df4a9471122d45891dbfa4a4bc8d0774,0.40261520862867317,63.45
38b439a4ebbe78a089084eea23bfab08899b7bbb8c3f4f5c22905e1b6ff29b2f,0.40222407203239213,63.42
7e08a1f959ec426380e0296733a3fa234261946de27490a0e976972615cc68f1,0.402230525188656,63.42
166640d2f42cd69f8a897582c2e69ba8b242656f9327e595c672c71dc64e9686,0.40157791073757404,63.37
0e1459dc65959cd57f05fb7af4fdbc9ded198d69edb072fa046cc5292b08955d,0.40150021558804333,63.36
38ee247b2351ccec1b1ea381e7610ac5a0ee62288bf35b1bbeb08947d7be9e7e,0.4011172893636089,63.33
3badfeafda636ffb438f6c46d7ed6d7cbf3770f7a83049080379f2536a719e5d,0.4009636633001704,63.32
372a7a97c183b4cd5414f9634a3ffb2eaeef3e42d2989d53badf21dec63a5038,0.4007566628483157,63.31
5f028439a643ced1cdc5e6830889cd3347ba529c30da7437b8512abf8a63b65c,0.40061358181708207,63.29
864aa104a0c7d421a87ee293280f4ccad87cf3491b3961259fc05ca8ac8eae08,0.40062016041653614,63.29
345e9a0444fd61cc5c5c870dc396c4f3e2f8d71e397f6862c019c0361166f79a,0.400459039205871,63.28
c943062dec345f1717c4ca0ceb500ad23beaf6efa5181ebe63c8e5acd2521c66,0.400323375653152,63.27
3847a657d1b08bad84941da3baec0cbbe3c6f58caf4e7a336af4945ba8efe1a4,0.4002304672217978,63.26
33f42ad4c461f226517a1446b5350df48ea63c79bcde9c74c049ceff838e664b,0.39969310212429526,63.22
7b9413a5ce9d22994754b9f319b3852e35c2a51db8d3e697e653d51792cab195,0.39936232738449406,63.2
1e32c5dc918663af15dcceefb1273f906d8ec186002df5d2f557d130b94f32f0,0.3994349487281194,63.2
f010bb5518afc14ac2ce7c9fe7b1c6ad59526bb2afc95117e25505c15183ccc2,0.3993319193549858,63.19
aeac16782243be13c42ee22506a1fe10a3df35a92e1df850dc253393df549f0c,0.39934135063665066,63.19
92b3d114cf5d5bee1667201283d73dbeb76bf4d6f9aa50e6f1fa402983e4d6cd,0.3990971802662458,63.17
61b147f14fe3bf651ba4d271db8f452a6db5be94aea5d640604ab7a71a856f37,0.3991045058370149,63.17
d9b279e97c671aba749b1b7981c0ab1366f7d92c1be2133490c3bd35fb8a8009,0.3988620182093736,63.16
d07eff07e4930446dc4d308f018d18865c96d338a04efafc01fabae5c3439371,0.39876343221090466,63.15
3fe13fc6f5e28ee313733585aed7563213c850daf4e44eae0fbbb2d4d842f53e,0.3986417289143251,63.14
26d96db2cdf9aef1aab7b6db64d00228d1664f29a5a1b1b02c25fcd2b15beac0,0.3982651136731484,63.11
5a8a5f77c6c4ab4b96aac3116b54a1834b602baa31f6957690e27f7c12c5adf6,0.3983456861462729,63.11
d949e6d59edad1afee336e0209f25d7bf598c1c65a7081013c41f57cb7e23af8,0.3982995906747731,63.11
5e2247d25014218435b7e0db0c02e5e73a725ae1b86dee7746b6e4b6f0306cf0,0.3982149108815338,63.1
39ca1edfcb001daa018911dc6e6069c088012e7b25a3cc9fbaf309b66c0d5c4a,0.3981326048287629,63.1
808b048ee005ed52356d6cd3b170618e3ec046f9c27ab999b18851c197e0d75d,0.3980155487844355,63.09
84ee16e17d297ca8e0da68d80a4a58b8812ca5a01cb617562137d3cc27cb1bea,0.3979019469640251,63.08
f28f386582768d2f03922938a770e1e60d8ae706d5a8166c974d1e27b45975e4,0.3978406571447811,63.07
9d56c05a11f8b85ed416d04f97bec5d9f4f14f8101de1ea396e8b94b887c37bc,0.3973925357940013,63.04
f33d5c27d6dcc6fdf8d217247e4f48410cb33ba488e0f3ec19bffe78200cb23e,0.3974639707906704,63.04
4f80a545b2a039abb460f0456aa734eaa1c432b29b37e076ef2353e22abfa9f7,0.3973369716673153,63.03
eadef0790a9807190e65eed21b7bdd3e44aa3833cceb6ff6977ccde00ec16098,0.39723810927477865,63.03
071773e9347bf30f4607ce95cc58049554517deb0540a3f0d81eedf3558160fa,0.39720334684742853,63.02
66755283edd6dfee01af749467aa65854b985a44f084a3b327eb61a79b23ae8e,0.3968490925120463,63.0
92cd179a08dfc573836a21b3468d9a1cf3b718b29fb2fc845b233b000384341a,0.39682271592542767,62.99
77da66e9825a6b31dcafe710782e698d0b5e476f1bf5fd96fcfd115c37cdca4d,0.3968326996543546,62.99
2f34da0acbf67899f6248b3c83a3662ae9834d75fe02fc8263d90fd4ea815ade,0.3967077018537681,62.98
e648b5ac4e28ea10a89fee45c55969f199106ac07f859c5e08f989f8a2271983,0.3965493296418088,62.97
4c445c1a60eb10e8e1c44764895d78e638c705c3de567ebc3b8cb5cab6e4864a,0.39653933638940103,62.97
5089c804cd788518d87c5fac053625f96e74186a9836aa94b53ca52b61787fc3,0.3963420508513849,62.96
0411565b91b3f98d17de94eb9d21dd4c87e67df36b64e405aece927db962472b,0.396242304605509,62.95
db45cc5e426b14b933f6f0b69d92ed3d2f724b908ce42a6c0e4bdef14830f806,0.39622881719392367,62.95
1e9ade5163a7bc75e00fd1e59594f4dc9222cdc591d7252d2ee71818f2eabf90,0.39603555229284804,62.93
f6e427dac12c6ed36fba27b346c6f5fc3cad125396c8fbf07ec074ffdd109b71,0.3958609004527424,62.92
41d5ce7567170c0b04f3aa25acbe21fc56e6d2aa6583846990f4199547aa9569,0.3955140057768302,62.89
499f556245d930abc773f0d920c37bc8fb2ead0a8b0671f2dd56db221f46d9fd,0.39537247082389954,62.88
e371c50a8c7a00f1d7c28df59fd2577b5d83e34719ef3e933433911e34783c46,0.39531504343075446,62.87
bb4efe0362faf1efeb332e31aa1f893b4a4f3f886332fd7eb30076d05f5df990,0.39524191861070174,62.87
ba856b14c944cd4b7aae9ee12cdbcb97d87100c3e59efa4599192e245dd01ccd,0.3952200190219653,62.87
7f7b704462d7a36e796238ce54c25e4b593ff09009d75db0e77ffc56827aabba,0.3948891401157464,62.84
fa58bf54b99b52172cd6e7cc150e3a4ced73a19cbf15ecf7c37a5904f6c86f08,0.39488220638629634,62.84
1587af4dab10d1034a0da623dc61f5945c51e960e87282f521b6a767dab2ded6,0.394860459918331,62.84
d7b4dafb709b5a3145ff30b6b5269bc775cd6a8f8ccce83126a1d87e8de59f66,0.3947276229555966,62.83
21c7d68d2aea43a18ad9e24a3a29a3e00bac11ed93fd56ce7f9bbaebb7f49dcb,0.39464092640340764,62.82
508b6e2184a3ee57c66248d39487bd9e34068a4896fc167feef23ff3922d7453,0.3945387315954344,62.81
5fb3dec7059f5930e6fc5b12b62b973edfe83edfa2dae891c818c6b3d527d2f0,0.3943537082460707,62.8
28c53da65e66d7edf13bfcb7fd7001a4202610117dc2afb0a8e2bf363f62ecc0,0.39412265876412805,62.78
ad627f4ff7e55ba49087c0b694cab96c190a7619e3c3b6939a1ad6182a2f2b4e,0.3939993861905271,62.77
e14725f07b3980ecb407ddd00a283d97480d631a79ab85eee6ed45e4dfeaec2a,0.39391831367813296,62.76
61979d92ec8a3a2a1e3ef2fe2fa4705008b4242f572892c1344dc2d691f64d48,0.39360551656978465,62.74
4b39d20445c034366f35d0474da683b2b60e74718272188ad089cfd9795aef81,0.3936768598278098,62.74
90d51bd1310c52dcd1fcca3c4a146d6fdbf6ce5e2dff614c4066afdf92d8404d,0.393356893874863,62.72
feb049af4db5ed7863f99182ffc02d7199fc1869d27f79e83abe60c1ba6b663a,0.39342499333630904,62.72
9d5e3b44c191be65ea46334a338a040dbdad94895a87d59907a4504a0bb881c1,0.393288385754474,62.71
46405986fd3b2fe10661c38b7cf5ec1361d99a87f4e84e8bd6e7a3efd9396460,0.3931994884004433,62.71
f0eec6702b867c48aa5771ba48fc88853451811af68648f970b265dffc0e568e,0.39319929108455676,62.71
f9aee5c04a581a49c25c0bb52e3c052b6799131126b3fa5929e51a2a1dc12fbd,0.3932483708200185,62.71
23c5319b8fb520f321fb3d96c083e63f3b2887d7072f31fdebce8c4af7c4433f,0.39296754918889776,62.69
fd82ea431cf847d295a8b04ab4f1d0014bc5789ea31e7bffcea8658e9b036e8d,0.39265018372613847,62.66
1abeda1515332964ae1aa1e45a08277f451c23d209ef6d2c37c3a367bc6c69e6,0.3925081348687521,62.65
0c9b496b797db0e2a06feef5d27845d5c5825d4deb69e80e8d572e28b845ee16,0.39248557727901007,62.65
cf0f276f077338760986cd18281c82c093507bccdd491be57ba89dabc7d6abff,0.3920260108066422,62.61
f4db0d69ec2f95503ef64a2b00d5b9302e4a721a344c705397f1a1af71fd2fd2,0.39186602234323176,62.6
6b9109468e751a4305a41b67bcf96ac3a48d548b5b7d3f8d7f9110ceb5623170,0.39178151115099447,62.59
ac32c1a7b1bbdc324e0da15bdcb58a899955b168dca3191234cb4eff835d85e7,0.39155370184534766,62.57
9b0aaa6f16adeaa404502ecd359617a3dfb4ed963ce39c5bfbe369e7e3481408,0.39148877506636626,62.57
12e2987c7cbb78b4ef289ac72c81e1193a8caa206a6213e826de57852a92c7e7,0.3914696449687932,62.57
e2b8d885cad3444b7a713acd8e382c7da097cea2e50611b2c3689c9575609f24,0.3913546883537118,62.56
2150167af311e222ec7f6ae49a63f652ef38021464b5f7897fb70ad64b4853f1,0.39121067730147957,62.55
cb78ece9b574f9aebcb9d51ab8fa84772a50b7058868f7551433a4d2c1d56511,0.3912913035968221,62.55
78c869fe6465c10f817e37718e3680ac7b101417aa83091d99a4a99ec0eebd54,0.39104748467888384,62.53
af82ab415ea20b32dbfa42e99f4c697d5057e7378618212b08d717c4369f1f45,0.391052068495868,62.53
629a8bc00bec517dbd03422f25de635053af9a58a4e17c2e83c42d621f3f05dc,0.3909878674506868,62.53
262fa7411aa87aa01c7fab5d34aabf2cb1db1c7305d6c5fe48c2a9451e430292,0.39065535767073384,62.5
e3cacd0c362c3d374ca7b1a7643d8db967d3b6e0a7cd572caeba3f85a4f2e2d0,0.3904477301043023,62.49
2ad698cb93c20d99564cc19af4300ccfd9585f636b1501af7c8242c1e5e352a8,0.39039287342399576,62.48
8313beee56654cbaa538ed19e38f38f3a458af123a838faf1c2128b123a98e20,0.39036174562934894,62.48
ec36f4ddd8ea7c03cb8ab39e15ccc174659073cb279bd69566d205cdd991c74b,0.39037140732743547,62.48
ab5b64e11e7f5dfa8bfdd9012c9d4aaec7d01e587bbd659b937e6af82362bbc1,0.39023910578092563,62.47
0ffcd40d931e3fe23c86cc89588a240a6607b7ab15bc25a10d2f5b9aca279ce1,0.39025510558942456,62.47
a24cb8f0ddefeaadfbe0b88ab328082b77dd96adc800337d6309ffa3c6ddf0d6,0.390280083584695,62.47
750f2a3b1d1198efb06dff3d70eb4b4b24ff969d0e93408bde6a4c4ed49c22b6,0.39012080239589764,62.46
38bdc8f1241ea231c469d1344885b29680a09d0dc371e6fe87813ef202397d8b,0.38992024313233453,62.44
5af681b9c9c4d44313a5b7762089930bc97921cab7c8c9b66cb5678a902c044f,0.3899086315715294,62.44
8dea6b704e9de52ffaebefb63da42b919ed908bd5a587a9f7933d03b9a404423,0.3897982128979194,62.43
d384dea2371f5a4d412916cab01b9a06740b65f7e96a659fe760a4982adcec03,0.3896482363726472,62.42
7d82af62fb19948935f855ec8ae6f681dac3248facdfeba492c82a4cdc4ff1de,0.3894560724906272,62.41
b64dfa1e13c6d8506275887782c6f6fc1e98b6298b66017ee86dbba2c25c4b48,0.38932345132577206,62.4
8c5541ad4a1924612386a9903cddfa80baf23cdd5d893ce65c5cbcaa6f38a477,0.3892559619588949,62.39
88db971481434aead3de740a7a30deba48d1700144ee88ba11575c761ded23b2,0.3890516186382111,62.37
caf9d490dc9ce6837ed01a5f7d70f8795d30db970f4b6b8418376e702c761cdd,0.38885554863509986,62.36
d8aa07cd658165fd2111f0b1a2d8460f9af8b6bb240cf77a1f9c359fad25e305,0.3887743563230313,62.35
05de4a5d1c4c7a733f044dc8044ef056fdb352c4efd68d591d9f30d6e053dc89,0.388732620491914,62.35
51929058e573f3cc633b9516bb4b016195151de60dcb5ce62e059e573eab2c59,0.3881978322700376,62.31
fb756a57bfe6a680bc180b8896c00a5ee8d0c6a281d1c58d4bdcea7929c49f0e,0.3883080746407304,62.31
8be6f5ca0cc1b470869c827d50c3cbfa7d46f2bc6dbadd3c978e33415bfc8b92,0.3879880773863584,62.29
7d47a0c492c0d9a3af97b217f76963f640f65cb92bd556618a23cbe4a990f21e,0.38794496451083527,62.29
10a88dff05bc97c9c3bc8000dcc4ed8f339cc4439f516d213012a87edc80a374,0.38789926591100504,62.28
e55b8ea6f1e1e3e8259b9ef5b8f0bdb253269aaaf8724b9e27e89ce9337b364f,0.38777972405372085,62.27
0c2831621aa334fc7f36a715fdf053ccab1a6e3c381eb83deaa97b276cdef835,0.3877521494430712,62.27
a84023dac508c9075e1b68a2b25f5940320e322334f8dd809ecab1ac5909559c,0.38734488759449676,62.24
32cce0ab826f38df27e56a281b7968231242d16aa9734678bbac43cea9d74cfb,0.3870638105940394,62.21
ef7cb26c7689a4ea2926bc59b023179dec7e77da9f07a3890b9e165743c24c48,0.3870000711494801,62.21
470df5346f2cc960a9daae4ba586c8d7afd109a7089cf77c032e8a7d91841bee,0.3869279452286174,62.2
98cd38121856f84c1b621237e4cf9193e0240e9d35fef01aaff6cc70c4d42a39,0.3864831200904859,62.17
327282e1f6025e087a2ae80b49b20f7f98313a7df8aa52c7349cb7e09b25ab9b,0.3865514777782208,62.17
8af9603d01eb4ddd40bee1ef40645ed87631f1e15b1d89fb3618384a24f1cea4,0.3864445760251206,62.16
c7ce9445c42ca1ba34d7c90fefe75880eb496b54e3bb4bdc3212c2ab8a87db0e,0.3861679481425038,62.14
357f2fa9b661bdb7f9c7ff6048a7b077dfa87f3d7f130cc6f409874bf878c94b,0.38598416185995704,62.13
3d65a328bd513915f7621b0e33b64a2e7331c9b6b3271ef5a1c5835e7e92c08f,0.3859353447634302,62.12
dcbd441257a78f7fdebbefe2076d30d1123cb7646c0adffd931b72c21d4e209e,0.38572039386079754,62.11
28d6dfaf8a55747f9eae365eaf3c332546cbc10eca97a53d13c697810eab58ed,0.38566186263446334,62.1
9c51fcc9c104cd0be1b6bfe64d8f7e856695bdc3a381725206826ac2e3307870,0.38535638774859104,62.08
5fc45917a073dd2e9b3d111209acab599d85767b6fe6cc6bd6cb1b4055a4f763,0.3851850978140813,62.06
035df856243009903cb8e305376b41ed872a5eca4dfb94b853a294971e3ee54c,0.38504752996775016,62.05
e73c6c1895f430b4085269ad74b7537034e904b573381f3a2e7e03c74060e4df,0.3850413365600558,62.05
0904984c1b451db7bb9eebf233646075903ef2e656a11d7bcfcde9677bdfe4bd,0.3848628357634781,62.04
69812858924c1376630f7d559736e002465fe791936aa47b27c4ce4f83d456df,0.3849392209091978,62.04
bea2d56dd8f6ded99ed766270fca0c5e3dfbbcaebc98abf9f5b91aaa6dc9b5c5,0.3847141825510538,62.03
69bf5942b606e56fc2757e534f45822839e3a6ce245fe3bf510ffbb3a6316082,0.384725839659408,62.03
08fe8a2cd2ac3971cbb9316a74707b70c24da141c6112cc55050d63094ae04a1,0.3843665563764891,62.0
8ca4d0c7b3a91ac6209da11f74d1b03c1a959b9d16cf1a8754410b1f2d47cf0f,0.38407764207729334,61.97
fe6b8053549cddbb0c6d190c78ef51020a8ee99b64ca734708f462c9abf3570c,0.38335219934419235,61.92
09f7c65f876f8e32c804a1d83bd1a43336d23ea1042c15990d4e0e4d4bf4c9db,0.3834133224872259,61.92
577d86f7be3fc19feb06181d7e36208d30fc3d0947ff54dcc5059883fd24dd89,0.3832516567891339,61.91
5cb925606c877ac49711f778c6da37f1990db42487061f013e1e8bb362165002,0.3832381457424194,61.91
3d727b57cb7b47e37e202140a6ecf45a1cc546066537e868fc1b0b9a4f90af26,0.3833392760775273,61.91
afca1c094370e4109583065a9340b7bd2d824dca971b0ae8552e76d43539af9d,0.3831302885955639,61.9
d52abec12fd09ee73dd597db6f59745cf56279c59ca3430680de2bf50173c93f,0.3830277831395771,61.89
22f4fd6c8d01505a42d105561626791300bd25c21f1b22ee653fd427c604f951,0.38302201396390423,61.89
c9b03f3e98884f5bae610ed2714a0477fbe04608195f056f987c4f68d9162bb5,0.38291492466554805,61.88
f1363d447d30450308e13ae72e0cbc6138587d3b222ba3ebd8bd454daf1d6d75,0.38284415367569347,61.87
689802251be603ccf373fa15cf549f14ae58b22617cffff96c4983364e3e3c0f,0.38247609294243956,61.84
9ca51280ed46c7ed76d14b9030853d8da705de1262384dbaec42c4654e26d808,0.3824047492655673,61.84
2176a5ef88844c3058c55d070a2555af4438bb61423709a58eb03ec433e14b19,0.3824390212998218,61.84
903fcbfd80ed247bb093196108594c0e0480c3539dbca2e68f7d823e22e0ccc7,0.38231710644858047,61.83
41dfbd6663d40175cd2e8d14de958f83e3c364c335cd250f2989966faeb3ad5c,0.38200132810724946,61.81
dce72a619087a54f7f55e880fd27d8198c5a24fd1303e466a855b2ee787cbabb,0.38187238945930646,61.8
09a10a698a265f73a60a3b7162c73fe46c408c428dcd9aba2ae60e38caad57be,0.3819765419993022,61.8
de4f7c0d48737be8a5563d3df7fec2ab2295f5c374d518f4c51b7ca92729a2cc,0.3819549574315645,61.8
7cfee22205668235329122c2c000d86659811de8be37888a98a87c1b4f9abe24,0.3819258599074793,61.8
dae1030ded3b08054666f9dfd4c777e67a2738600570e5f52244da5c462db8ea,0.38165432371528096,61.78
2d45134252068d67ed08554248b153dad7489fd30e2cd547e2ccd27e8a79440c,0.3815253355809966,61.77
daef310a8fb7f3561965cce7ebbdc95f69167c4d2b329ded53109564bdb68076,0.3816138803695446,61.77
60a3b1a313579e67c8913737e2ec9b996587d3b1019da89381df663c1c3c3ba1,0.3814794511310114,61.76
b3c094cdf05d68f061979185cda49a118a9963382d107b167d6e4d404726b664,0.3814636347337162,61.76
90a8a29462e787ff800412dd36709822092b4c2b1b03a0642bcfff7f0f9eed67,0.3813948533289833,61.76
d89f25255359ff466d5af0aa21038bf74b0aa13d17862a34bf42d5a9b08041bd,0.3814330505944063,61.76
490b62a446056d2a910672c17c06b9c11b3a077601e779e0657b8924241321ff,0.3812496616859522,61.75
53b6e8995b35b21aaa939efaa1b7156a6708f5b8da41f15ebcf221b3512c4db8,0.3810969400882505,61.73
052dc11a85b029b11026d4e13e4c2db4a8e7ce713a12ff7347da17b99fd84157,0.38094158876834106,61.72
19aef60534f716a256dab633c6be26554a1e48bfe09c75b842db2c1ef3f82a38,0.3809316040523435,61.72
a9252438f75aba201a1191f559293d36201afda4e8f86a1e973ea0b6a1533d62,0.3809090955886084,61.72
172f7ab36256a571af353ec16d37ddc0207ca5a931d77c4683898b315c8cb2a3,0.38085718926679596,61.71
50d45ec4466fe0f37a773cdee536499f08906d381a5e8bee217009da99d45076,0.38084742493666035,61.71
cadf7fb5252925a12459804a40a53cfc18b1bbd83e9163233214c7b7f2e1bd5d,0.38030478979924587,61.67
6fe88fba2c9bdbbb229f2d12a141a19994d2ce94af7fba1a4d39b01d79907889,0.3803022692556959,61.67
67ae6e5f7b87dd6c3ac0505ca58e9f3a4647c3d1b7adae32168b9f2f6c52ef2d,0.38025253903070655,61.66
7fd914d9e9c70693ecce736cc355da09ea19dd43bb3a19ab19ae9d0c80c21737,0.38023112872572157,61.66
40a1e407d2481e3a7f0b0b3dfe8455f523d89b71ab1c89f040d3568e4c96bdf5,0.3800284718650397,61.65
dcb7979e11c177fce5506b68944e5eab29ca9c8e74f5fe41c412b451ec1b11cb,0.38010148416254347,61.65
ff2a30735b7387060ad10513f7707de7a5d0d169a88cf90bf2b2275b0de452fd,0.38007066226169717,61.65
2ff329e790d885ccda18777ca875d5b5f4e15051078b3d56f23ba78caaffb2d4,0.3797011272341901,61.62
cf95c87a007e0bc918fd583ae89e95bb60d6d5df7d908d538e7d5b88cf94675f,0.37976153050906974,61.62
34294d8aef39c8d1f9d2c5e80a9ba36452f44fa0109a49305d7a2f405a46a3e3,0.37964909662606444,61.62
890b5cbc915a1ffddd465d1d3aa0cdccad109f4a987303ddf84d405a1c9e6140,0.37955491761487137,61.61
1a07f05ff3dc04d7fecfc50e7af5dd3780d313c3aff7d43fa50766fa225457af,0.37949712631342636,61.6
1fd335be97a9a7c3ddbc269a29e3477b7129de239dd67e4d840a9fb5ce428c29,0.3795107649212911,61.6
3125841714a2521bac72e71c991a43ac59b700be1647b157cd94eed37a96a9fd,0.37928319049994547,61.59
930caa0344d95b63a4e015dfed6113b9f7b5c191ff5ed6b0b9fa6fefac73ee9e,0.3792359165802522,61.58
477e711fce61b41eb7e595b4825970a20a52b256f01d6baf492494bb25411fe0,0.3792245573069607,61.58
0f171be9b4c07f0ee3153e76a9fa47ce0a807f2a9aa03789a69a9e5ee9821e6c,0.3790401692162441,61.57
fe833c0d1b860e6e0bcad81a620dbfbcca9ff92db97447e9a4c3571e658659be,0.3789065347845986,61.56
16408b9765d2fdcf943d61bbb07def5c9b3193aca33edf4dd17f4a05de627e8d,0.37893963550551624,61.56
640f21cecc8d34f0057de68f2c144969acb4b76de8b1cb2c0102875b7cfad0a8,0.3788050201371885,61.55
50f7aa11e06b5d7c6ce51770e289204e63642c79724c3472b0c54be1127fe177,0.37836364133015477,61.51
a773f6bcfb7eb51ca76f63d115e776a5559f9c22b2d0f753fd05ae2e4a904958,0.3782542897303995,61.5
aadbcaa8352dec3024e47878ba50cf308973e55afe02abf1e4d618c2a24a202a,0.37822270902223226,61.5
bd7a90ac393b80dffde4b5d7c8bc3a2032a08fb73a17c1310c513d4911edacaf,0.3781187322072173,61.49
a29bc7a3f57c7c1020897353371ebd7d4759f2718041212b08115f17dcb3e92a,0.37786066741516683,61.47
71fd8ba95aaf423af145c76d0d200c5a6d551669912a029d2fcf9bf12031fef3,0.37777457280537585,61.46
81192938e0520de09af0ae4a6a0027e2869160cfa1fad3748a65eedfdd2bc91d,0.37767691290453675,61.46
3880c05294e4f5432f0ec13ab375b0c9ec1a22ebe1571bd3db50cece3cd4c180,0.3774852663623917,61.44
c88ce7cef721da5257c0bd226c38299c98774c4d42188419bcd0f9605ee63502,0.3773188892101293,61.43
eb1d2180b63d01375ee7274fe765d1eccd3e4e88c0c074b6484563c4ead87901,0.3774121526476424,61.43
23adf0c1d1630b6b8d2b8d3becee9dfba4ea1d4234d8e4810742cb91ef8402ca,0.37724125449026324,61.42
184cf054a596b2d4ac30a62de9646d931ac9a6616120fb1e61f9449057d09d3a,0.37723799374513545,61.42
b4d84dbd2134d0ecee666c2c5d551ca322728570500ffedd8509c4dd430d40ec,0.37718684770489896,61.42
71c583669b04466ed85e7035eaa9458425645a53e4b8dedc76eca3d4af887cfd,0.3771634166469098,61.41
df4bec8ae66f9ef8d6e0e74f9cd9370d927bc5f4bf05166a79f6bdd99a6b2bb4,0.37713635237184917,61.41
3ff13e6fcba5ac3653dd56594243ce684b7092e381cb4e46d0b09bba8b9606ca,0.3770453309135573,61.4
342c96c62c5672205488b4f5048a749a5b1de03636d1eb5de4190a1134c8e923,0.3768510356734824,61.39
1aae2a1e61995db3951c29b95b02f64eb926d7e47a906428bd86c9e96690b4b8,0.37673317790984207,61.38
fca9b9427b163a63441ccc6f4fae3e77a66f21d6976c5d0285a549ce83e32748,0.37673252745152774,61.38
6ce7a1165745dcb9fb7b8449a4a799296ec8aa5a0537680074390865c4001eda,0.3766780912283146,61.37
28df24e137955888c6deafa037f721fb43d1699e20ec47e044309108d397e631,0.3765922802247,61.37
145e439c01044a6bb0eae0a046a3df257a3422eb950cf4af6122536c31351819,0.37633924204051206,61.35
05a9ae04905c396c8d326ea6a1d57b0178eca06048d93ee701313217904cba5f,0.3763566700465412,61.35
ca2d7dbfce17d50d56debfabaa6030ac624d1cee790a0506956341382b482e4c,0.37642750713217366,61.35
2baf8ad792c80f1e613e8b662e5a4f24db6a457e9f91d7e77630ac76dca7f322,0.37610349520212055,61.33
ed09ccc63694c3ce00c189fc8c1b5253c08c645d517818b1508e37606f8bf019,0.37601371368762954,61.32
bb2e556ae0d4bf326889706eb15d2e8536a7f7f3d49e939d161e169d7b9deda0,0.37606950833097924,61.32
4b96a36f26210383a3bd38f95944b21782293bb583f13665838d5120bbf18762,0.3758801871410941,61.31
d12223e8ae312501ccf18739d2b3599723bfb776059de89ae1089fa99dd30744,0.37591106917900485,61.31
6a5047d0ce2052c4b1d1ba43273f4e2cb6637e5edb478d269ddc38eb21308301,0.375750127684846,61.3
abc470d09c646a30fa05248b5d72fed3a8c56d02a19e28baa1b90e926ab4d32e,0.37561537422802005,61.29
5b59eb7701e7030429c66c43f067a39b4239ef2328e56ceeeb6764b06ed311f4,0.3756310161101038,61.29
8adc1e7bf2121c8a2f0a5cadfc2e0f43a96e428fe9e2dacff9f1aac8d4223f70,0.37547897641472666,61.28
cb4635cec6716adf61d0f29d8c2e000166f891c687f790e0aa24b4c8db6d0376,0.3753112149124462,61.26
b54dfdd86320f1924eb312da8a87377c9dbd278c85a8159bddbe0a38d92d528c,0.374885292632409,61.23
7c6d964968e6ee0052299fc391038c61546357e0d5d74cdd34176f13c52c3142,0.3748904173133027,61.23
a165dc935a589d9530547c2f2d46838b613cb13d17acbb90437745f4572dae69,0.37492581633712196,61.23
7ab08767826db004a3d4e0a43d5e8ceae7adde84e2583f37b50d65b6195db33f,0.3747092174029647,61.21
5e3ae018d435fd43498da12a71126ef0c6f581ce8014b30f9320a7c44dcb8153,0.374590977089239,61.2
7bce8598388d3c90e5238104e672387513b0d9702f5ce13e543bc2691ad242ea,0.374475351268371,61.19
e5cbfd608f2dfd8c4ef525ea00c7eb081e7a09875fa51d4b80690c73961158eb,0.37429325041313916,61.18
82ebdc69f02b7f6e3f70d8f53da368c15e91c6043edb74d40aea7b116532a6e8,0.3740136320879145,61.16
afc62f0bdb4083a3cb08db95deea03ed0bd8d20d6216d941e0c6a3a8ee089a1d,0.3737434459256013,61.13
37fa418a174f42799f0d14c655da3a94a509b3d63afdd5a1aaabca905fd08e64,0.3735671754893783,61.12
33d21f2d9012db49174e5401ba12aa9a893a87b7d859289ca3b271a0abacafb8,0.37346063260842,61.11
5ee559fd7af00c3486deff02c7da6be35ec1225dca69888a6b70c02e48d34e6a,0.37349722950515385,61.11
c1139c5f576b57d5d8b8ccb5fcabc2d67e7fe55090057b7fd9ea63679b862202,0.37342393540094493,61.11
fb46653f559ac6796bb61f2a08ab67f3a96124e4b196828a8d0f98235db415a2,0.37302767861067276,61.08
37ccfdefd0bc253bd0c563ed81e48ed0952a2cacb44e2a164c2f88783a9e5a97,0.3728291266770485,61.06
4137377103fbecc3e0959ea3a331264bf6d4c6e674fc1d2a75aa104a57448c09,0.3727411559826328,61.05
7976b471e5f475da316317a11ab03d875834f06f574544e38f07a3a446f1e6d2,0.3725607868254032,61.04
5f97daccb2ef7a185998b1c055ad1c30c8806bbede8cf858888cec0779a6b025,0.3724687041207315,61.03
3abbd8846eb1ef4817e75c08693d123a1dca0eb5bbd3ddd7c0df80519b98867b,0.3723468918724406,61.02
c387852ec2acd397e252df035dc5ab889205cae016c86669b25b13dd62601828,0.3723876838037207,61.02
1e7489ab99f302ec4a41350cdd43de0e962e0a9585facd2236a0547e794766c5,0.37188440525190897,60.98
0ac463f4bdda2d3e268ef2c5f7b866bf6c1acbe47c4522aa677472c019ee54e0,0.3714305209740541,60.95
2dc020021b054ac8e3ee19be9ef64a8507753f7b8319d557cd3cea2d51791dee,0.3711320620245307,60.92
21e2fad5da7e82126b56ae1d036d06eca7c4c8a75fcf59c9ba130f28345ad971,0.3709715163572047,60.91
2e547537fb7e88af9462219a1be5ba107d7eaf6d09a803bcfdcbbe502c84cfc1,0.37088096645942514,60.9
500e2f31208fec8c7f3a6553ae66231e655a590b89918bc78ea55df0b45bdf06,0.370737914595268,60.89
caf6870b60d3cda78242d8c64ad4aaef23d2c43d7dc65be905de4ac85598e868,0.37077818259374173,60.89
fe81fb6af9af415aaee21a3b918212fffce3c2fffb9fbf510a2d583c5f2cf839,0.3705552816156205,60.87
46a5f3ef4579e75e105bcbc0a21cf3fedd6a236ed0decd409a32a25049212664,0.3701971274958256,60.84
07f074003cf86ea362c4498ef5a8c5d92097cf2c3dfa2a8c1ee1409d7bd51118,0.3699949311721643,60.83
41bffa86d189067d3f3f99dce63429fdb680867b541859a221b89f76e35c3a65,0.37004422512381185,60.83
8bdf2d1f89b207fed9db4e335e5c99e5a63899d2d43fe5bd2a30750d7257f448,0.3700142280982769,60.83
86f1b2214b54e2b80484085796dc6d6172354073ed159bfa3c65fdfa6d57f6a2,0.36997472794104885,60.83
744fdf75667ebec470a146fabaf114b09960bc7421f9b378d5d481583f1d0f52,0.36993148603526876,60.82
da208751e3071e633d134202e6c2e80c1fd34c3506e9d712637e41ef44e091c4,0.36970161979440413,60.8
2f8a4cb08db275dc71073bf81abeaaed82d79a85cb0c14db0948d8546da02066,0.369552435785501,60.79
1703d8ccb9b60650431cdf5a2e3a47e73dd25786de667e2172435ab7262d259b,0.36942117628473087,60.78
3250810a6b230a05f1c72a591c32e0c4951f943b5ec2020af584054feab3e73d,0.3693722357396563,60.78
d6690b86a8a00ff9194c44564f8364e3bb4af5280768bd69d9fc157fe5e2136a,0.3691981606261105,60.76
2839f1527d92b43e6e6bd7209c7cd3b7858af9fa21307c84f41b5be05ae1cba2,0.3691765314172625,60.76
593f6f309ac38df29e8ac7186c6fc1cceea0fa4f48b2c8665f8e6554472ab9b5,0.3688412128470984,60.73
5d0e71525901931296dd09fd6ece6580c9ee738ac55b0032dd458e9afbf832fa,0.3686469294311715,60.72
f3a0eb976f7a2353f668eb18266563cd69a1925a011ed05dcc1a5e1f54568bfa,0.3685122142539654,60.71
8d850f48ab20faf02568c068d6385cd135b70cd3026c1ea24605d23094f3a53a,0.36844118691937067,60.7
94b6f3cbb83550f8a40cda5981c4029b7c01f55b4575a02b5f820daa1236e50f,0.36782348317171487,60.65
55e1707bc41408b7f85bd0c5f1ff470c38faf3533fb1096c11139403571e1247,0.3678119554814963,60.65
6d7384d2037b36f682c385db56c8e5871be383c83e9a4891ad073284d4dc2051,0.36789644286266004,60.65
8b91b420df1710df63387ffd1748f376705e388ebdcd3447e54f7007e726070a,0.3674397908233184,60.62
c5b0e2a79f603ad7a46787411f8855c3b150bb181bba0ae4dcdb421a6265e47d,0.36706359439028513,60.59
15d534c5be0e2ef6ce594072debfdd942cc8ba96b2be655d920eb4a4704b8173,0.3670240847812469,60.58
608afe0d206cd6f19f480fe89b640af94d0d37cdd8f2102689eb5b7fb4949f3a,0.366718921382396,60.56
08554427c31f6abaf833f14502198a422bea563cb419a6b6960c70633fac4571,0.36675434318234224,60.56
a7042de114cb876771c9c6f3f5604b6848c1f7aae30ebf1ce0ab6f4077fee8ac,0.36657567722756956,60.55
680f34febfa7be65a0ab5263d0c9014ba3c3176cbc7f43b912be0eedd7b22283,0.3666549027461487,60.55
230ec2ca84b469019106206c076c58bf81a1f122f83e1eb4ddea2672b69a281a,0.36648023693797116,60.54
04f50abd88361df3e751770692e213a99a862f587853209c9ba894ec6dc54134,0.36649459545292035,60.54
e8427905b4a25958514803957da6547a067f06788f415e24c5ef8b713e300e9f,0.3665149154387428,60.54
29e9224d961459940783000524eeb85030ba81c529a5ada50332f61bfc85d682,0.36614378402529446,60.51
cb0c2255cc209aeafc35e958b022e0092c528dd1b000fab86b86a8ac0ef14e3f,0.365883908625853,60.49
a64af8f42386e1d27466bce2758a5b02c093711fa16082356f97478d922d494e,0.365952789580591,60.49
98367f84f3355a530a072645e86fc444eebacd11dfff9ec29c5aeb8e17591d17,0.3657352891277021,60.48
7669f29e482cdf6def0f83a8f6e499b17e4e600ad3396e3e1d329f565b39217e,0.36569265449828087,60.47
eaf59735e0657abeece1dee950c413e4529e6e054935c7d207d407f900c198b1,0.36553718509882144,60.46
dee624e812a81222db31a6d97c6ff56c01d686d774c1538a0808a51b211e4995,0.36544755444217225,60.45
114504337a707fdcd89633d16e7f28b89d1f37c88e30c862bd83a0abf6a185a4,0.36537842443816465,60.45
9eb727cacc753e70b73b55dfeba784d9a97725538cdf86d74bfcc8ada0c5d6aa,0.36534781947539935,60.44
51a3212be43118fb43dcfe48ac5cf30f62cd5ccd572f80330baf90f6f1f02466,0.36530860917092517,60.44
dbd076dc45f4c0a40b71d4daa91a42fbb317026f54504e20ae691ec0830e9f70,0.3652365630654316,60.43
120376ab8cd607a7b9e782234272bd9a4c4ab8355799a1d777b3356f87eb73cc,0.3651340110029518,60.43
bb8b93446323d85a944dd45210911eec7c8b25cc39860285189ce4874915a848,0.3650271891016184,60.42
6cd68f274b0ee97d2856ea4c89dfda6cf3fadb8459564ce89ade07d6aff51fd0,0.3649850681564332,60.41
17e1881cade389d3dd210c70fd562a3084cf9e49494e9a2756d519e2b531b6d7,0.3649851774030579,60.41
75398fb757896eb6543ddb3f378aec9720784a7e83c1f340093a3f4640aa4fb9,0.364979610092004,60.41
c7da13ee53efff2e3114e0159b00a4ce11a5fc92f4103129ac439fdf229fb18f,0.36478850781647487,60.4
aa8f1660cf0929a53e33c48cf99f72c2014e9bf9e08beefb0a4eb8f94f2282b1,0.36465441866451803,60.39
b35d4a62fd7a42a1e5afbf72847ebaca72cdf0ec5d18fc4ace6724991211aa43,0.3644887261586471,60.37
c97b4a3e627199df16411ef7480868b4429d95a234e5aa7e8eeaf8ce58e4a088,0.3643016039713821,60.36
989f53d45ad77c3058bb901df8e540e37ba3bf2a1d535034a5b560eb63af9795,0.36434323868707474,60.36
619250fdd79f624d58e7f1ab8ff9a682a45daed2a3c5da5e0ec07c8e46360766,0.36398328336770447,60.33
394ef1dac6a8bd34d732b320e988f18773d29d9dd1fc10d8c6107363b78a49ca,0.3638259056969012,60.32
aadfc85791fca27f0a38e0ff34928db087dee6b94bcdf5e39861ea2e74426bf4,0.36348643394910524,60.29
226b3711298dcf239ab6a0409a9e61a5b70026b79b36bb85c2d1b921a5023e3c,0.36349958381612396,60.29
ca61dd39108f456251cfe5b179a749cacffb9faa16327a796085b47d673605ee,0.3633210094688074,60.28
9227cf0a012afb049e4f3778b964999371aac433c4fa6424477ea0377b356306,0.3630088790381433,60.25
c5df7f03a39380a464945e58c6ffb712750f37696f926bcf4ded3b8f1f5f2ad2,0.3628962735551835,60.24
b97cbfae1ab61db4f9d9e064e2f8c9e1d0bd1a8778a6e6f878e48e3bc167db82,0.36285881762552696,60.24
34582cbb0b100d04126600626b48fd241658073d539903d0b0d66a56d8cd9c1d,0.3628853001993236,60.24
0411bcd6bfc0e308f766e2cad4028eaff554f3022d42fd08ee1bb8fd36bcd472,0.3627449928408884,60.23
54866eccbcf106abd224a8366c7b4eecb8e24711674856c2d6a401ee2c6a9445,0.3628160611360262,60.23
294f3688f4e03b7cc30a3de9390a8a81417f0c9b82766a99eebfb7ff904216a6,0.3626514591894551,60.22
58d80339011ebbfab1554718d0c4d9c1d2a390241cd7c54e9c30473b27658f10,0.36261516512980047,60.22
efd0b32174f1c6fabec79dbd5b89f827721df9fc62ffbb4618d217cc61dafa6f,0.36255877634741096,60.21
8b90431a1a599849399c168d8e470226ba01a588d61d04b5952952d2dcb3bdcd,0.3625514855403636,60.21
9400c0a78292049f5d1002447bc79b4981f12a15141f0e2680ffd53c10d791bd,0.3625720939034796,60.21
6c44a779423064c83136a024da21d358a96d2db644c21446f8785599484435c7,0.3624009721677639,60.2
99124077b86a4ae4a0377285b20dc3fdde810fc7719965ae1a57754e64d2fc87,0.3623078507183701,60.19
1702c75e97371d8e5251bc92e97a932f0b8456d88b58fb4a8f250d417bb796eb,0.3620421004400542,60.17
5caf6835af0d3dd8a3457bf99fe30073c75f632dd8132aa4d4e3a9e01f98e04e,0.3620292939183328,60.17
89371d793e2bc370cea6af72eca0ffebb5660eaba263e1f333f2465060d091f0,0.3619024168321825,60.16
5cabff07023204d18b67cc940aa709716a40283d2ec8a2faa740d6412feebbe5,0.36190780378915444,60.16
a48ca0aaf9b67364289e29777faea013d9a44e4184776dc1fcde9cf6de249f67,0.36164173701547014,60.14
008ac7d23de34f3657350d2af48eee0141fe9d5078d8934c91440d321576c01b,0.36156353054695517,60.13
0321f309179f4fcf1eab1b28ba3e4f127718edc30f3c0c449d482a2ef045090c,0.3613170042365264,60.11
eea1d7b137da849dbc58bb8c627edfa6bc12600f91b29b89571a3bde6181fc25,0.3611283071575653,60.09
b5f0c5a77ec71b5fdb02f0a8a0150a9c0639277b34032055e8eade1c10b796a3,0.361084110503324,60.09
0454d4b61e017ea19b26870eb7f22e6eae02773bf4bc1b0e95006fa44d61db45,0.36095518273382915,60.08
787ee94f305f1cd877ce917c3f5e43c38bc3b828bcd60186cf442fc4d08f762d,0.36072214324818447,60.06
116c7db2fb6e940f7be5142ed4577c743d6feaf0b1309066b6167e762d11ee45,0.3606019619655488,60.05
04be0ff3a7c0558eb80889ceca0fddde6181a0f3f81f89faa03bea195d34ef2b,0.36056209418770835,60.05
960137d35bee5074f54606083f86ea07d9ca49fddc99519f85ebb307e189b3f6,0.36047356032533995,60.04
418d786f6f4c0f49cffa8f1f024e27898f64683ffd0c776759497f4e0a45d3ae,0.36042558336180763,60.04
c6097c4ffbead5e435d3d76b0590e0cec38ebf670de49507864de25b9b124a45,0.36030559993128386,60.03
3d12774075f24dfd7d214c84453d940236699981701413128f6d0b010f42274e,0.3602765565413508,60.02
9c646a3a4104c3e05e66c7d4ec3496f5142fafaf102b23f5726d351e1559dd6c,0.3600847995571613,60.01
26d17bf8c03fb481f55bab591a6952ce66a817f6489ee5eed8d378098731ff3a,0.36000083084157825,60.0
ca7899e517b684f97575ebaf22d62aae3f5d52040f03f68bba83c2a4585e0113,0.35993267036939636,59.99
8f5f35d0f09cf5636f4ac4a2a46b04773806dc04c139536c64bd8d5198642b36,0.3598983349235249,59.99
1e3504e0d1f50f78b9265fe09839fe70ba7094c6eadc8bb99dc8cbb489cc5496,0.35984844447119685,59.99
2a5b5e32591a60f84a301e7ddf81a18770113acd7cb9ff85987d227b2725afd0,0.359782723875351,59.98
efcd94685544ef7406f99bb2dd0f33a708bf582b9966a92de0363f4cd5b079d2,0.35952286414004114,59.96
25fc16376d0442f54fd7a3cf3abcc819984a069d6eac806ddc35e6bb36765524,0.3594234674981681,59.95
00b71e6723aa55372b9055505e3a40c07b00d35d9ee67697ec95108634d697bc,0.35930730922243137,59.94
dcabf70d4fcc2b0e6d573af90d41aba9943ae219449b870f9631039f7f92ede1,0.35913272258885043,59.93
6d5285fe21dde3a3384c605e152202a4c66b3de11da617ca52bdecc1a6d544f2,0.35894613134741166,59.91
5bbe6fd8e8dba390c6fb1c4010114a2918235f207915ad97d7e936c78b1dd8e6,0.35884783579562446,59.9
42e5768a4be53ca5b5c4f5dd0d1bddcad3f70b8234dda6763272f6bffa87ec16,0.3588563033219818,59.9
e2d6efa4c8ee06b9b8a52832778cc5ad431a30faa2ac77ff69c58603094dc6f1,0.3586504506030379,59.89
d20e980b0b5f2ece636f099ff2461be69f3d0b221711e91eae45df268cb6b673,0.35859132418979267,59.88
35e744d029bccfc112ca457f63adf654fc6eb3e3d9a73c5ff7ef149bc623265d,0.35855761440232087,59.88
a51e3bc24a1545d2080ec108f53be5a1ea9d50ff5890399ffed27a095ca86b64,0.35818003974260615,59.85
1f93e1599366e00dfd056da169362d5bceafa9eab8a62858b2fea496a8e2e9c3,0.358028068429603,59.84
7be76525e3ca8afe2fb30d4aa4eded6b0c518542f0cf461b7954355e45964dc8,0.3579499225107889,59.83
5400baa06f51c2b2276fc229e67fdd2e3308d7a8aff05743bd2d8133f549f6d3,0.357922584960508,59.83
ab359f040e4f44bce53c2cb9583d776265cc1ce7bc78c4571c27b856a78abc74,0.35771440579053765,59.81
79ce3a0a72150942fd9afd1782161991ecc3e3ba860b9831f7c5ce9a545f57a6,0.3575687647875066,59.8
5164060f8985016b2181f378396abec620cadbc5bcbe6b05694fdfa53779c148,0.357617105105751,59.8
d296af53504db5fd367b7e126ae3b7131bd4bf6a43548259061e44acb69e78f7,0.35754619268778726,59.8
aa9e2655ceed5aa0673657265501cb8fd05bbc4f02a6e155e0484f8fe2430465,0.35739066806098024,59.78
b30fe83720f761d1407921f900cc46e51947abd6fa82608d0b2a8e89b04f55dd,0.35735913247838424,59.78
388b64c408a79558a8dc6247742031ef941a700504fc06a504f5bb20a7e0e843,0.3571912746524098,59.77
1c3740b47db9b2c71de3ad3a3c1ef83058b8e27135928a032a97d624cc5af6a6,0.35709694157222643,59.76
0bc3ccc574314fab66268c3b4782c98ef2658aaa8c80b58ae5fda83068a185c8,0.35691363300813583,59.74
8c44cefa278221324bb65ffb67e5456a378d400fefa917004aded49c48cc0929,0.35683018090549906,59.74
d4b6b83cd9554f7a217d61f3e586d0ca0ab3c7544ba1e6eab1794177c8fa4a64,0.35693996006464274,59.74
544c3bb831e594ff0fa01985b9683fc2d7ca109e86898cf31ad6076cfbf4d602,0.356715945625862,59.73
be18d84eabb3c3f7b82c4f52f0734b2820185a8807fa2128b392c919674d5989,0.35678875614844613,59.73
4e8f8234fcf4bf42e18f56283a9256832daaa7b795746f9a38522a63acbfaf89,0.3565969456099172,59.72
d42f39b458001af69e63cf110ee8effd230bec5b0199847109b35d6c92e0315c,0.3564751506860373,59.71
9311b5671cfe79c6cf049c7614f238c48b38d4440e6066bb6e3b5db97e45bbe1,0.3565214987803466,59.71
7653a5418b9a23bcb2181a4ec63a2350206f2ca3389e826b1938622684ac1921,0.35656582965856315,59.71
6e7821151ecdfeadd1495ccedc405acfa92e8a8556c95880b25f91f479f6f4ed,0.3563738668108885,59.7
b6360bc2726ae4322a73268f6b36a3e7ff4a479be7b798171a56fb4f3270750e,0.3562253190342454,59.68
00ad54e8e225f7676e809bb4fe62127c0f04735632b47cd5ee3afbc57889321e,0.35602754428526373,59.67
476f767c85b75f920f466978ab794d342522af1fb2e4994d355a1aeee6f065c1,0.356064598278599,59.67
06fb7f404e081da16d5747723d97b1924b0d8c85fdfb25d692cc7924c704bcd5,0.35591350924038906,59.66
be2a71e73435e64ebe1de0b6b044e21a5030e28f963c485773ef88fad10af49e,0.3558019876545865,59.65
68b4568c8e413fc06aa63322044fdad616b48d7015bb6cdeefb5b843bc21ad5e,0.35565017809725086,59.64
895e6c664cdbff35d61391e231a59da80e399acdb34c321d5306a34381c8f47b,0.3553061225849589,59.61
04d2d3c50192cac772c034e353053d48704d5818edee300fbf6dcd9218f6b530,0.35478812665901244,59.56
bb46c3be5bbf128487edbe79adcfdf5abb399ba85f813704971f46fcd4952ebb,0.3547094297467767,59.56
03b91f62d25c7d7f2cf945a27276c16036e70ce26305239193149f88b18a7b34,0.35478621607678434,59.56
9e429e3c6f72b5337814df404c6affa564e46dfdcdaf60e2ec4fdd1967357d91,0.3544243192665799,59.53
b3eb1677ca10add3d66eb0a323287ecdecba6aed19e2a560ffc8175792ca3a0d,0.3543676287764795,59.53
92c778a2310685fa3b68cb4846fd9a15ae18801a91463e4e78c22b34a10ab2f1,0.3543542602701482,59.53
491c17c61b9d2d198e42e5ca7c61bc552263f8fab4724b6d8eda0327251ad101,0.35422901390394285,59.52
05d2a7e82bb8fd7581315d413c4830e3f405f2b8bc36798a4efc4c27e78420f5,0.3539068282790272,59.49
bccb363a7eeb07270c0cf85e0685527748538600292de93efea20c299c04bc4b,0.3539265229206531,59.49
c7a844fee94cc540b3b9988379aaeb8c5505e9deb1797685d99cb7f27fed8a34,0.3538375722375278,59.48
19060b30002912e38638a28049f3a02e10cc2d9cdbbdba724d45b7003b4e3b18,0.3533422577375935,59.44
c34de11ec3569043a23aa1794f184f7b2fd5802b430a7b3c94e77a056ef603d5,0.35321342648673665,59.43
123bd563bc438d07028331c43c2b097800a804ecce1395a8fced9f19e296d886,0.353098592616443,59.42
854bf691e8d1f04e82cdf8c5ba1d72aec5645c2ee013b3ea664466ebcd2c7a22,0.3529337184347441,59.41
08c38ca99954ff934e1215820c696f3bb9132a18c8d7eaf4519c70260f1aa858,0.35281494488741894,59.4
022870ff2c721011407e635e5a3c6343bc44cbbf92f18400ab5a6c3ef7c3b137,0.3528645040837781,59.4
185068ef9ee8ea3d639c2ad4830b5f4e2abb07d2da3a0e3a80ab88992ccba4ce,0.35261303839589814,59.38
2c1c978ecc227f8d5acc1bf7e3f5c357b920d1ba7351fe9ccb872b5ea16f2d31,0.3522643496928343,59.35
20aeb9d5017d24d155e490c6c8838efe73b51600a7c78039d96579de0144e82f,0.35226868312249315,59.35
7ed62ac8d4aa03bdf95668d4481e0babd85a8f3083af958607b170656823f7e3,0.3520789745259721,59.34
57d8bf89a39b86f8b9a0a1726155d62dac483aaa845407b8c05cfac0a6ffecd6,0.35216159752273585,59.34
775c1b2e744b2b03396d37a423f306c0ad3a9a7cac4cf3935b9020b37eda39a8,0.3520364280077468,59.33
e81e35f06f442012f0fcaa0b1ef1364a115ff80144a002c169c1bab8d8b669b8,0.35201689259461333,59.33
64d6f05b4707b2ebcbaf70772401676828ccea88ac4d08f2b6b7e9d6fcec2eb8,0.3517311981823915,59.31
7c2edb18a506cc27ead63e4cb2b970f6ea9ab60e002c1616e03979a7d6cefc7e,0.3517914780897832,59.31
7c1ca20610475c3a4d8c8cf6f6d322f3a97b2e36fd574678c36529bd8a119486,0.35153409005302605,59.29
cf95949a36602395d3663311c5b0a504982fe3f0165cfa5981bfb01f7d192acd,0.35135472485042973,59.28
d5544a34d15eea469fc85d3eaa7f81e2a1ebf0a392341267b75ecf5eaabf6eff,0.35145974677923486,59.28
4c620c071740c8708f082babb9dae6a389b06ed4d537f333937c7e5bfd3ede47,0.3513054429644559,59.27
14fa4e9ae0d7a8d4c0bd1d85a3f8abf75421855d50c96edd7efe7a04f7d1285a,0.351050916301949,59.25
1d90452f406a0991f12e951fd765c2fed2699812767ae18f937139b1c22dd600,0.3509793873375966,59.24
fd9bc4fced39a63e46cf082d63e44f2354050b28d220d0dce6d55fcf7228f674,0.35080019370742227,59.23
9e6f1726508033c1bbb606f27c25830ad121d7e967e2784ad24e114862a0835f,0.3507239606718565,59.22
09bc1cd9131f8184b1ac7c1a318ccca57e6510d2e6e4f00318f96be4dd98b24a,0.3505463152070909,59.21
10faa56b119c06c562d6a4542fcdad6882bb954cb59e8b6e4aa3b12e6fbe0166,0.35047790922146244,59.2
8f4e91de80d68a483c9ab4c1bf3161ed91d2faca1a87567e20b970c118686353,0.3503945225376415,59.19
3f2cecde230b1320c96674191caee0ad3d4b71a1ad5807a14d9215003726f6dd,0.35037916990382423,59.19
99e2ccd3b664849418ff77a2edf039e8b9d55b877acc3f91830694542700a855,0.35007797883177166,59.17
f375ce4fb74428bda899340259f3dd602a80a42022cbf53bb9c019c0165c690f,0.3499726828938595,59.16
655ffdf10747968c0525f779e9ad2c84c928c8c85b8305b09bcff1261637ba16,0.3498372031445581,59.15
99cee9698235bf0f74ea54ad9fa6f13c5c78648ded055cfb868a427749fe3e46,0.3498880989346657,59.15
a699d39b3c2397602b42aae08785cca6f29187f15208353ddbcf816b968db48f,0.3499272062120863,59.15
78ea6ee64c4223b07ed33e7004884b43e52362cd0858cb0273ae44e753a24695,0.34971270535195537,59.14
16764eb3eb8317852b372c55c9a0a1bd4c23b2d5021d07b9604467dca73fc859,0.3497296903356395,59.14
a24858451666506fff343cadd2fbabecb80c064a80d4acb01dba3ca541c41188,0.3491614146552972,59.09
97ce9569d38020c9fc8995296a88b3c49733f2fe8d1ed19d353ba7a70f2e8df7,0.34918196006878377,59.09
67cf19cf693c3034c79ea5a3981e74761157bf9dd535f3635cee5ca56dccb34d,0.3490994967057701,59.08
059247781dbe193e4ca36d1abc150722f6ce72b7482bf143572684c597788fd3,0.3486489481389102,59.05
35758846856ff0aa28b66f820a7e94c3b40e8c65ea4aef8fa82c38d467524341,0.3486197326794857,59.04
380f06839934865adca3da8e5d52760c0431c355c2e8cdf4cb866546f9c85b88,0.3484193984968188,59.03
fd8efb968d3a3420715a8458b5836bdbb3864d8f0319b91836923bdc37fa3f44,0.3483353171052843,59.02
1aada4b973ecfd62fc4dd807456378933c28d662e3fac06170fdff9427589ccb,0.34821335303440015,59.01
487156972dc87afa524e99e36d6f13ac29a354c476d812ee7e64589d97ee3af1,0.3481659139487938,59.01
7f33deb7d04d414141fd2d7d71458a89c8e99c7dded547142f3a5a7ebc052f06,0.3480861256560512,59.0
c9338ebe4198dc0127cc2b93a2ebb4e9c54c453af507302795eded97893e037e,0.347994160596796,58.99
51a913e0a58a120a8bffd197e1d8f8d83ab8f3f5b13b89be4b8a011d2572b32a,0.3479996302808888,58.99
62fb38223fa96c091db9cb0177a75cf77284b054c075d449eb73bddaaba7cfe9,0.3478735730171494,58.98
806df22e2421d93508e0f7279bbcd214837a6cab09c00c3b5d8261ed2d147b73,0.3478488480231968,58.98
e12a3813a76e6f29a372dbf0dc07d494810ad11fa2a2ba697f29a06e5fdee6be,0.34772883876939603,58.97
815e603dcc959c0877c4e0e9db9e74d3c93fd5543479cf23a51944204faa75b4,0.34776632539779306,58.97
0a1c714217acc4186d349efba39d629e41e18e48dc83d4b4608b8c63f5f041e7,0.3476373890090366,58.96
fa923ef7124ee1fe0327906483039c2906e71df6e3058ff9134a41d4e5378a10,0.34767878090789395,58.96
2f9175807932edff5cc0b3f94a1efa3048d7b3d7d8b98333951dd75cbe7a0325,0.3476418608958081,58.96
98ac934350bea0496d6781e31be1af6cecd51a284da1f8ec65d67370e14b3348,0.3476012324022739,58.96
bac336a0fee519b805e686ca194fc53784e1711ff47963b31b344a1666d264d7,0.3476385259870417,58.96
257506c4d30e3bf4db39fc466c4820a65d0ba40168353a6023308654f77ef1d1,0.3475166592904173,58.95
86c89180205af90bcceded52b1e4623ca010901c567e11c52a9eb7e97a4969c7,0.3473578782599137,58.94
62f791b88e93094966400642d8fd06abbd85ec93b47fe8efed939855ad094a12,0.3472420339683924,58.93
0498c96817ec12ca3acc927865521a378f318ff0075fcd7f8469218efeb57b68,0.3472989439178522,58.93
65fbb5e9c8147a517dc015eebb6a0a42be3ff1381e02056adb07364699be4375,0.34718487516728935,58.92
fb984a0a263539d65d45bcdb48fc2b363a5aa23a855d1c05dbe62afb8dc8644b,0.34714276127358734,58.92
20241baea2bc9ba470df56b17d12940b9f16a38f04a066de4534b405d76c15a7,0.3469597024516046,58.9
6077495b669dca56930ce00ee6b252f61a237a406fde90a7be5753f514195a49,0.34678623921688406,58.89
689f1aa9ca9dadac2d2c41375fc9f9a8972c5749263321a80bcfae6b7c6baabc,0.34650853412355614,58.86
0f2ecf705e691a790f87716adcc78d06f7a6eb092e75202edc1ea1e11f633824,0.3465058155212888,58.86
8053804aeb6949c6db3805624efb734c4849bbf4672cbe36b7994713992eb3d0,0.34615930472481793,58.84
c3d7a9d66ea9861e9b4ad4f5e9a77d47ac6daa84e65a80098b0310a768b92df6,0.3461492181781605,58.83
f8948de730ceaa954e4bcfaeb15410075f719132a82fc0eeacafe4d8c000d705,0.34606712339502627,58.83
a21abff85c551315b64a9a534e7867c65b018cb1b079fc80e14040e41c010e16,0.3459812559531773,58.82
456ee3c781808c2f12bb47e5086a20cb52fb59e76666dd92561206ba03a3dd92,0.34585881302407273,58.81
805a4959cfdc01ecc18fedaba86dedecf96f9b58c8535f572d96e96480b82ca5,0.34540961191128594,58.77
7a539692c02f8cba7b65adc0234b66ac091b90db7461961cbfc13528db9f6ab3,0.3453129846169215,58.76
e923d73c0355460481d1761e3ea70ea11e5c18a73c647c6b4f56e944e58c89fa,0.3452303868126383,58.76
153b876b1ddd69b5e5e7c6c9ef49cc0fa72a8f1dc4de1ef14522a117153d4924,0.34505476827183756,58.74
66c54150828f8d56b27d4a054642f2215bf27d17f46ee4c335d9b7b6c8b9d7fb,0.34505067373688286,58.74
73d0fcead458398f5b7648ec95cf91c0fac9892df03ddacfd5565f538b6bcb47,0.34483166563294065,58.72
52e2d1144324e73fe4efdc0ab89e6f2a9c9803210f4956f6113eb16fdb8ab904,0.3448087618169978,58.72
1970d619a1c484e9e168d882399a2d6f944fe6dc2a6e2c23fcde5e3ad12540e8,0.344500862374517,58.69
3d6a903045196bfc324cd3cef71a57d9089e4e5cefb057b971e45a9eccd86d6c,0.34426930776315345,58.67
daaa36f965b57f5975798d96fa8526ba21f55445cece685ec856b055342f434c,0.3441044610215752,58.66
177d0fc568bc2ba23674460af9b26914c2a13cf002109eb999918c411a888e0a,0.3441535647219764,58.66
4917f3e8b00967e0d79033acd708f1b22149db667a0982c5d18dfcf2d5e88077,0.34402427303962363,58.65
59bca7681f7ab9c75e9a27d3a96e4a3824a967cdef7e0ee045e50bf7bf6afb1b,0.3439410176761629,58.65
b96da86307d3dd4c84940ae9deffe41c2bddcebbac4e611502ccb745bb25aa7a,0.3437046204315278,58.63
64359c6675747ceb97a727e4756330d110db92212d2fe6df5dc5128f266b2d17,0.34367607201147793,58.62
34390305089f29f824244802dbd9a05ba0ee2f8f66f7cf0b602149cb6b1714f8,0.3435110920973476,58.61
9ecadfe3d1e496b7540c31a4840831f1ef6365c2443021d26174214ab3ff98d8,0.3434655004392354,58.61
82c3a510e8b07822b11f7648f56b68c9acae63d29c8d1091c96d9674105c292b,0.3434410056248701,58.6
eb4e133e0f88c3c76a67ddc5115e4cd7c984e8f97049c017fe7e95f7c2b5f979,0.3432824695358271,58.59
7e6ebff1d10d226bbbaac0cbac1256a264c6737111084254bdf6442751ce77b6,0.34302483649084264,58.57
9cab53a758905d268247f80322a7da446ab984f64fcfbeb6dadc3ea12e187728,0.3429736337382743,58.56
b004395e992cc3cfaf67dd88d2b86d5205303b46e786c81f411e7f8a198c20d8,0.3429186577369326,58.56
bf40da80bac40ef92b81970fe36b53a0b0f8cf62b17195b06f26e5cb914c05e1,0.3425228989517708,58.53
b42e7c33fc0a6f94a03c2989dd882b4704dd0744deba65605499ef97a3d4ef66,0.3424546660754953,58.52
cd06483f185fca84c0f550b558b3a3cbbafe73ca34fb2d98be70fc33dfc2fa90,0.342316414313632,58.51
a0e1d43cf261f4a4b00594b37efe30ef471ab3daebd4893dedbc62a467a50329,0.3423491265216471,58.51
dbb07ae586ade27d0f30239448119f5dd8efe2cc4ebca8805a184104e40cd9e2,0.3421905254708537,58.5
1e72dd9841782c464c2e3021ea042d97b8f2f118e9c0258ca93c981bc29e0599,0.34202796488860515,58.48
75ee65bd7b2c855bb6d2624f59c91ce8e72db879e582fdafa2596c3f3bbeb5d1,0.34195884840409513,58.48
aa7353dd3af259a862affcd0584d4689ca8a22be95709675a5bf0d27e869056b,0.34175661041433103,58.46
ce5db5fa647da6b2101ea78bcb8a034b42c880146081c8dd60ea3ea51e158689,0.3417853358656717,58.46
e9c0709d31cda45ce42b8cac12c350d137aff0159df161b21addf8d4ebe55371,0.34147236669258574,58.44
dc9863fea15aef1a4211ece10fc67b165b9217fe81e0a0c30240192ef3aae828,0.34146556152063334,58.44
51caecb25b23810ac40c5669967b4504ea2d1914e2f6007a8b57aeef401c0688,0.3414223951982555,58.43
a43bb220fd762d3ca23fd6fb6a69aafb4cabcc7b8295d4bac110ec15f66ee18a,0.3412459172595749,58.42
a801bb247ea3e611cc30dcb783fb7ea5f828257d9fc9b2bc0cdd1aaf08a4ca3e,0.34113152109356326,58.41
cfbbbd4573b4d14a36420b3f476b00b9298e193995da491266265feac24e700c,0.34114567846240634,58.41
12c258c7c1b2d96967ee4734a90d6e5f80a58838e296c06641a8aab48f7faaea,0.34121605314664144,58.41
90629dfa673606289dceb0a1bd83f1d0c29e650e523ce8ce4e62e0ae1e9100ec,0.34104413374617565,58.4
fca96e831d1bd5743d3769b72cc70a96b9c66955ea42d74397a18e92f561e38c,0.3410075488516119,58.4
6863e0884339c37dc0ea25a07cae87206b36b7825c141fddfac19a1b46dfa35e,0.34093016106513757,58.39
1a87f3b82289e97e10737de3ae7c2daf82280eeacd36dadb4b30dc91f0aacaaa,0.3407289572390539,58.37
c4e09a71861e9ad5915badc7591c25269afd1e1c7a1a0347cb15575a5074a81c,0.340652415227988,58.37
b22bf464372e0a656ebbf9a08e78e27b387d5a7f6212cf6194c8974bd37a2add,0.34053509726460035,58.36
68b34bea5913266fd76c520725690ed468f89fc59f6ebaa0ca54b3cc6df20edd,0.3404207680485421,58.35
8365bd94eb49a902f03f6452cdf0d0a572cc57354eb3a9b22fdd40c31affcbb3,0.3402721871553836,58.33
ecda20d3c470430ab7ca20261ea6cd2a6f7550a9a811de1a2e80fb24389dcb6a,0.34021082272277275,58.33
3d5c3f4f3a48fc01165843c7c02830563793b8412b99fd624e7f999e50114365,0.3402521583707147,58.33
83f9ac1fc7d562a793b31e94cb0d2a4660090a283f5e98d471104df8c5283525,0.34003505863443906,58.31
93cf8c9019f01576ddd85b378e72fe5eb83bb3844d65da7a7bd7f1044ecbd3e1,0.34006119791274253,58.31
8a34b5f796d8de009ac113b145ad17471708f9fe919ac0e267b41f813a2f753e,0.33989941485094605,58.3
ab788b20977636d72b81cecb5d277825ebe0cd029d1847a72dc2afea5f609bda,0.3399186730670791,58.3
aa9bcd6688fc994f20e170a77bb3f53fe31a697ded6d4c665c3afb6508ae8149,0.33983210215701554,58.3
f5cc8a36c1c414f27e61e206ea2984766d5265808a82528d94e5f559cce9976c,0.33972082185089086,58.29
abc028027849259ae0c3e540b98157467f92d1c0111622080f00e8fcaae3bbc6,0.33967441122969566,58.28
997b28478dcc3148e9e0e281714f6360820e1a7f0fd418de5b9c60f860a73a3c,0.33962496985991947,58.28
545a0ee2c281a903d6d458fa56e76ea89d8e6e217dbb1f617712aa7400d5627e,0.33961518617631886,58.28
39ed41ff9518ecf677ab1cd93c6675c4b80169bc73d1fd3b7dc65cb5196a6cfe,0.33963357799373917,58.28
ca578a2358655c259a4bc7b98709e9b9db3635db7a653d9fa0383136ae0569aa,0.3396337803216848,58.28
9adf13baa16f7c4c51cc141e0c42e6d6900b682e686824e0c93714bc2d37162e,0.33921888164763025,58.24
ba42f761cfe17e4cd8f3be8b5702ebcfe79ca36eea937650900c6230131d62b1,0.33921155633409883,58.24
b4dc99a403592d4b28c3ad4f1135cdb6037ee267c55dafbe2dfb7996bec1997c,0.3392307420131071,58.24
c5ef287d830812fa24df1f0b0000de972532e7bf837a40a558e025300e8e3346,0.3392067941406867,58.24
cea4cf79f67e70756c211723c67241ac7e02ff74043345d8fd86ff2a07b38a84,0.3391128265456448,58.23
8aa6115c5bfcf371b22747711bb7dd357afc74b458076c391feeeb69ce30f9bf,0.3390137337909342,58.22
992e2b0da7b3382c6d5810c33e7e7dcb278c6706724a42762f2af5a175877fa2,0.33896629034320563,58.22
98de4d91e2ec5e6a3d8aa5d569a35745aea0457878fd1469804037fa38679b3f,0.33900458297521685,58.22
07cab64dad47440daca408d94d3d839aaa1abfe3b3e108c0c1fc652c876f5a09,0.3388815763727001,58.21
6ca76f7fea06a34364999766f7b1d33f3a0c917f10ba0f67a65d68ddbc745d58,0.3388365019294299,58.21
c16fa8f9c9ca890cec20ecab56180bab0a85371f42e9bdb7e8914caf9eb0f491,0.33850540127978307,58.18
65420a56865ae2b0e1647e571e1884ad785ce45e5e1dc95828b51f2f4a5f9f4f,0.3384505435996295,58.18
b3723cfbe000dbc589ada85204771e983f3f8d1687fb3649ad2764be22f94c29,0.3385000978658196,58.18
7612fb62522cb521b372bec80a7ccbd221844aa48ceb4964700a67804f57e39d,0.3383363938937133,58.17
b51765f8624ea664b9c27da52cc486cb9262997c97aa6944fce5350ab9685453,0.3383104824331684,58.16
41b19aa9036028ae0dc84f9db5660087aea68b173aa43deb312c5896094789d4,0.3381906145535279,58.15
8ccf9cd01b204cb09a5a125add5c736e2ba37a9fe85f9de4fcb35baaaab5f691,0.33819033681197636,58.15
eaa56183b8d9bc25fa7868b92e1c637fe0194ea314b583a796f1d5a7437c239e,0.33800609151501176,58.14
0142d6589e5cbc527608a5b178ebfa5f043888eafaff9e36adf50e7598456520,0.33806280180888104,58.14
cb4cf8959636f22e009009d1771bfd998afd1f3727ac4d1eb31f9c637170ffe3,0.3379757543659329,58.14
db13fae32a83ec8e2a1004a0da1183c50e2b6b567145481664ed2e3d709a5281,0.33798341896884415,58.14
368d096c4951662b69e745333c1b77d571733a673a5d7a7cf1797bce06a3d414,0.3378592746630116,58.13
0dbe72241666ba131b0792327e582148fc4289b3cf34b3e090318072e0c36484,0.3375794117936238,58.1
2df56b63e5c36eaabba3b8eb50eaa40e2496c057e5a9108df126afffe0d87406,0.33704583331928234,58.06
758bd46aa258565df11c24d9af7fee77dc2bec14f99e0fa18e29d6431d71c3a0,0.33701774746744867,58.05
464a2d418a288df97ab71879c8880d60103896a45edaa809fe8e76c42645d386,0.33680250783503834,58.03
7c8d870e54de2399c1b4c261341c9b3819e8f6c4343f210930bda244ab0983f4,0.33664809647991356,58.02
fe1207d4ae48490fb600690f666c718aa48e75b19909fad5da3cffec0a73133a,0.33667936039072416,58.02
3ba6cf01e1d7f84b0d87798e7b9370a714874095ac73d95ec38c8153a2a8617e,0.3360156911278016,57.97
812e68b036d66688635ee72b7984a298f8be0313f4664b35cfab7362e0bcd82b,0.3358391165222093,57.95
93a38ee5867e2f899fd655f0337aa5a7d5ef730e88ce7dce7626240bdcc7dd8e,0.3357621864196132,57.94
82b6643b91cc9e3940b05a6b092fc96dc05ef9429835a3008ed5fb66aa6732a4,0.3355863051422077,57.93
70c961f1c04819b1cd201d47ec79310f41914f91bbe813286f6f84eefa6d6b27,0.3353677847757849,57.91
fb12f80af93940967bfb37f1f3d4cdd2826743fe27521ea045cecf52830e3280,0.33532889481453565,57.91
f31c687fdd9446ba1dfcf0d03de477c9bcc1b029089ccfa795abb954010d06f4,0.33531055717920727,57.91
46aacacd34652de94e431728b1f5b94304642e2db4de51ead89e658378eb4e1c,0.3352844152340537,57.9
b2e09d7e3d50d7c20a688c8b595f0475db4f93f49205a86f56e35ac42d279a3c,0.3350940411218288,57.89
d55f3e6053ce5d65ab3facdd6ab5a9bfbf43c536915411e9240c7fa289e4c21a,0.3349122552427298,57.87
5b3b12e4b7dfc3dc086dfa3aaa7ff806eada895e50c6283f9e3829cc05570aa7,0.3346912000946392,57.85
6bb4f93619c8e92ee3e8e1f899ac45da88b2eca7a3f7622bcab66954b2e74c4e,0.33458369593535375,57.84
815fdca1acc757dfb7f8c838f8459efffa2c173bc656176b2e2ed3685f365884,0.3344127047338942,57.83
32f653b4a39cba7f6bdf9d55d4295a7b74e9898331d6d6b701ee5e08a7e6aa23,0.33443412024895763,57.83
919e54c1c61a9de2c2ea0763ae76371436a6d4128dde85c5dbb1681223d07565,0.33417895206193937,57.81
b6bb2f2ad7b3d9e846b8a0a55e6d7a2c7518969fde2d9e7f40c1522a659dba80,0.3341101790331076,57.8
b08e0f46c85d442f9cd3dd05899e4b0a815f07fad810d87c69eb0308395b4e74,0.33387321464633224,57.78
28a7e6c0aa7102d5fd2d86d99ecc3a315feb59bbc3eba3254928abc99764aa21,0.33378349415083747,57.77
61df6ebb1a6698a4f61d562916e1853c01a38031e3260755cb1631fc0efe0050,0.33374123042233805,57.77
190183eec8993d10ef47f59cd41926838f082da5938a799b16f1d8c77af92ca3,0.33358734714885463,57.76
b02ca260919e8d815cb8f69f3144639e8d749c06d3e0f6a14c7519f61737bbba,0.3335260385858717,57.75
081fb2533390d36f5c875d4e4de06a61be3c61ad7aa6c7cc34b47b2e10f027f4,0.33324108243620304,57.73
bbf591ec7d1b3f9cf6a5d6de337a4c25554bfbcf9cc801a9361a58360e7b63e8,0.33315617462064134,57.72
77c0f578417d3eb67eccd9d39d0f3953f3dc05bfc71120594e9b2eef80cb7c88,0.33315740870174326,57.72
285a82e9eaaeda7baea7006b9fe1349cdeb3a02ce1f34c11e057b6d230244444,0.33303249978380295,57.71
b957009546f85dee5dddc6bb8bb24e696d4e35b2cb609c811f193191c9dcacae,0.33294457081460554,57.7
f70ff9d1a117bfe0f1a32a0e5819a528105d338d6e0c5b4fc4b6fec928ea0e46,0.3329198276137008,57.7
6a388bac220c66894d0dd218f519bca42c9190798743d0d98e234100a0a694de,0.3328191559982324,57.69
7b741dc553d54f397eca546e1d0759bfb8f1298cd2c5ffac52b892889408613b,0.3328084846304195,57.69
fda00ce9ce807c2fc0e8f184fc8c7f8787e7a91b9a02c99697fe909b6bd026ad,0.3328704853291953,57.69
7acf5069e26158a92a8192755de327ea9aced149ad5267ba9c5cede98bed72c1,0.3327268486473099,57.68
d648c2cb344f2914d7bcdc72c620a679dbf910f791792d4e8e62572299187a4c,0.3325404216021214,57.67
47e74c26673887230bd260a648742d346032b997501c5318c07211a0d62ec2dd,0.33253324606575846,57.67
69d7411fe4dbdbdce4a3a4ec4d984b389f6f0fd6201143f57c9198a4c854dfb5,0.3325843238313124,57.67
b521038ced3954b85e34ccb124d171a24a564d9a459c23b406adf7ed3e5a48c2,0.3324690401213858,57.66
ac236564fb9b4a43b7fec0cf6691a1f2021b72607cc62740e15ed268c95addde,0.33243666027134827,57.66
61b400f7848bc06e9b7877d7a3e1deb8366afdf828b095bd29bcceffa4fafc15,0.3322335950049043,57.64
11f8e3fe810605bcc03c6edee0ae4386ceea1102ed18321d57d274e0d8013286,0.332244949041434,57.64
1b9d86e54a43f3b2599c6b02b924430553fe6b473f74c687c7a37229467be258,0.33209262420010677,57.63
c76b31524ba0d2574163dcbca164495ae63c1d8e8868fe48a7bb10444a9f2a91,0.3321444997624184,57.63
6c41f70cc9fe6bb4328401920645bf1339eea5107901c39c16a03e578f5a6409,0.33172097419969865,57.6
fb67c32191b93cd756ce6a60c7613b16d6e95919e449270573161c1883c826d8,0.3315793042128472,57.58
0051efb26d43d98cbe45d9770765eb4e8fc248048d8f53af777aa4e126173165,0.33140969618373567,57.57
0936eb8967857e2ae94338a63a8e69bc28b9e46fd022aa0061f1e7703a98b070,0.3312852643428226,57.56
ac1563d7e0b48b2fff8625cf66c9661888b2943d912909be3d30aaf0e2f5d965,0.33132678524896514,57.56
99341851c1004438536a756fe87be3dadb56c9411e7521c3cb7c4caad2895ba8,0.3313506802019258,57.56
5f194f798fe3101e31c21bdad0c5c5091c6deaffea9811a673216d8fbde1533e,0.3312001625133222,57.55
15b6436fa8fa37ccd1e0b59c54be0275db234addedfa40b8ff6600be32aba736,0.33104821453441213,57.54
73de0f2bcd38424822ec49bed9a7ff1240ce8f306c24286a6cf0b326bf4f1d3d,0.33098419988953437,57.53
735dadf1a6905cf36406f2611877234aad692bdd1dd66646e334225843ec8079,0.3308093431162352,57.52
093234922394e1624439c98228cef87cc857aecf44f561d9e3d56d46849e932c,0.33089965163970214,57.52
8aad90242b805b9b03f91ca249531470def43dce5bac2b347033a3ca821b9d6f,0.3307561909142265,57.51
d318264a2e60ac683619cb0df32431fad84d2374447e2e7ea578bc41f02d0c4f,0.3306949659101586,57.51
96a9fcdd6854e07e19a605ec69e331cf5c04d7b5ec010b3e386732c328b14cfb,0.33077197736960245,57.51
ee611036b8959d0182bcff3b683b06356d1054bd9b5765c63c84c76565ef8900,0.3305931863540373,57.5
8633d1fa51a2ab76ab505ba9482f2961bb841f6dda65a6697ba05cf749526ad3,0.33067712079493594,57.5
dcf3cd8b2888f90c626477db0945c1858c1fa99657a1519279e074d8ded2d38f,0.3305338843239343,57.49
965754c9e3363c7de1aa99fcdfd80a0bc66c6e070ceca2e0f2dc1f8a7129906f,0.3304503338248903,57.48
b1a4b3911e30f8de075a5827eaf189e19e6c80773248f1e6abe2a285abec67ef,0.3303073705402131,57.47
45b721e9feb902333e5cf65a815d5aef34830affa6853193761c93940a53879a,0.33011798229672434,57.46
ad673815ddcd7ba71edb8adf55b65e651353eb916f8602d67ffea8fb12b37fba,0.33018344636263763,57.46
01f77acd3b613508e75496ef468ec7d2cc7283ec3df546c00ebd23d5cda39f97,0.329809102184791,57.43
0ee0933fccced62811441c9e3ea7b5052aa1cb5221be489ce529106a42b2057c,0.329646430778932,57.41
8791b888b6b14f03bab289138f927ab49828d772aca979a51a13b6345721d5af,0.329544951139305,57.41
3a7c9c0db6edb92d329d58406328007d7ed54880183e048c3ddca43b934c3404,0.32964550648470786,57.41
ff62cda44746d103a1527499005df744e080ca91fff91bb346807b7b9fbdd30e,0.3294478290049543,57.4
f27e1d6bc5d16e14ca970ab03e8e4987f872949473e7c1fa4d25c86c2d70b5ee,0.32952732470926344,57.4
fff06e64271b9314a17ed61a891591a846ff64a2114baa66834c2d744ed30cd9,0.3294013067093071,57.39
d3f7244a1eeeec847402e906ae2b168a736088028ddd874cf9c5d0d7f779afbc,0.32935474428318395,57.39
fe2519fc3471f238c7550a951a8d70377edd9a895df09c707521ce27d129dbb0,0.32917510033775693,57.37
185da66b9831004dc85d89234e6980a1fd79ce850431df9d68f2159e095c2081,0.32897101586784705,57.36
36193d6fc17be3523ab0ce1988f30877f667c22204eced86cbcee7b26438c590,0.32893531929855363,57.35
6060c32d9a4f9439f2b0861ccac0ac9fa1a130a9a07b6ed6dc9043ddd20b3655,0.3287151793204113,57.33
b5db77b54c73b3dc5b936a572065482b55c71d814aaa0ca3a11654f44b5c02e7,0.32854713204091934,57.32
5441cc76df6283c8fd5adaf1763d9d18ed7520cff8ce55fb81c58cfc23f87864,0.32819929314013613,57.29
c1b0b1c69b0f1908b7755091d485035cace89d5b74d7255481e12c1e91934559,0.3281815997848959,57.29
91941ea8196d561f132934d09e4ad759e6c6408513e4cd5d0c7e7fdd23e4b455,0.3281420231802475,57.28
818f8a8ff467c610f3b52868f0644a4221f6f743f7274e609e821622b6eb5a47,0.3279693052083241,57.27
094979ec43ea7b42e6796c69884b33562e3431faae778f0158d6209f4c2d9391,0.32784423812061414,57.26
7bb3e22d6df3c8a9973f056feff73e24010589e536cb8254ba4fb0e468f904ac,0.32788922804346937,57.26
83ce47ec25a71f00314dfda2509ce5ff197e38706a6828f3bf8282b7e4c8f70d,0.32773346545156623,57.25
08dc368b3b355ba14395528e88c779f7d9db21780fe43aacfe987ccc99eb60b1,0.3277613868661141,57.25
ab9d5fdcc2935d41e308580c63d9ed8ec5f5cba72a734a41a255f98cd730d805,0.32773803234414073,57.25
da1df9505698163b8079d5964ea794ee2ab87fa7f37fc132d56694e372e6df13,0.32767142531029114,57.24
c0d3972d918ee0c170c4bf5071ec91eac56ccc4a16869e25d8496ee83e3c0e77,0.3276164762137834,57.24
71e2d6ba0881ca61d6596b61e07e036207d981bde1141ce10160a3696472136e,0.3276837535412488,57.24
f076d5e4fa0b40f211e533d6b63ccdf982372f260e866206e51bf82d2678010b,0.3275289656843799,57.23
2dd77d43afd2db8875a01d0f1af5a9922926aec37c4f18cec9446748d7c0f241,0.32741926098984486,57.22
dd511125223ad8343b7a808420bb09e466b722a194e01cf48b667b2da1ddbcae,0.32735986352816454,57.22
c032bf819ef4127019d0f191fd06ee278a74b94d00fae461ee6e076ece8bb086,0.32702051150656675,57.19
34fff3acb7521daeb9fc08384219544417049af4b820249dfc8f7fefd4544f82,0.32694964918741254,57.18
2338f8e69439b10d25235ba5e7f9e4ca1e43bc4bb478aa6c4e6f86ade2295b0c,0.326895951196102,57.17
e446dfd485505d908a0be08915e8e1b594304cd62ed96aee32140a036304c922,0.3267867035408571,57.17
56a7a07986a00ba44d7641338642ee900fb48f6ced745c26f80960789376c23b,0.3268376290101358,57.17
e8c376729553a00a369015b4fff603195c55598fdcdd750148f7f25795f6cb16,0.3267341132480055,57.16
569d9f354ff76dd36425de0a32cfc388090a255f502c8e960ab0571e0f77895e,0.32658235012805004,57.15
62ee49ae2deada082e10a3c2987a12b72f421978012ac37df7cfffa68b70c3c4,0.3266484156382077,57.15
a4cf1a0ae951c854ccd63874da2cd03caadcbb0486570402c4a64e88c857979e,0.3264698295162844,57.14
673129fea3f5924d8dac5a32fc9aff54eba02f29eb2180163af8f23c950ed9d4,0.3263838438868099,57.13
62ff0bf88382457e96e90bab3d362044b2140af6b97ee55fb8e25acc34b4c82d,0.32602250808753835,57.1
e3e1d6b32186de28eeb4a134b94d7ed76457b2ad464245e1478c12d452d87304,0.3258822627637107,57.09
516737fd2de53c9e4547bea7e50d9f275894d41a9398d92eb3b5a77a1ce0d29b,0.32575654589232905,57.08
a92b3648d04667da86ac69313be24f7e9878a718c65e20f2ff92c77026bcc0d3,0.3257920449202598,57.08
d673b5963841b1d18f4c314f57edbe8e6317eb664e8b01e82d5d421dee6cbf91,0.3256735164683625,57.07
7def2638fbf68dee854ff3d625d528edc0b742c2b7d6519e7df96700d4b16fb2,0.325532451387742,57.06
2191852e8ebede1e4364ec8bf262c95ada4011528fecf0a8fe9311c35beaf38a,0.3256040984567384,57.06
78834b1aa50bafa44783e905f506ba600b115f3f559df9792c4d4d87bcae8f58,0.3254762008397973,57.05
99466e1625ed1c54eb9e409afbc2ded5b873ef175c469c6368c4d2730aa29c77,0.3253274087493012,57.04
0e9a3211e354fcdeee171e9935c72484002dcd870954b4a47ec9dc6b03f96c93,0.3251249999414604,57.02
766c38ce0b11ee93acf4f4061fa4a88b7632ad84c3d34711b449ed0b701d8d98,0.3251592544145907,57.02
c36e0fc12ee1572d79e23bc044a14bf39bfba0391d2eb0ca06bac151c9a7bad0,0.32514748745630206,57.02
72a80b6f62e90d097e009c0927dba7154fbcd84af69655c1322b155fe32e3a97,0.325111733566743,57.02
919c11f216fc08fd1db01111e675810c5e5596c9742227daaf755e795d30477e,0.3249721344358843,57.01
5aa3c0c9baf65821959d02a6afa77b1444209a372e83d32974943ec7831234c0,0.3248853404125744,57.0
4f3810f3b2b0fd90b64ae6d3352b6cc7a6a8cd42dab6a4ccdffb38be3a3c61ef,0.32482804572489,56.99
77b772c595b70e07f54cca66b31b0cd45960b70204ce69a8573da9337724770d,0.3246312739029236,56.98
44928a0455a8530bfb3ff020726e09fce205d46755c8da4903531abed3e45a4e,0.32462008898099415,56.98
6b2cf13ba0048aafcc5756890e56d47999cfbcdc74b12617143e855ec04496d6,0.3243979733322198,56.96
0c2dc1382c24136d903a6f93986840683e77c0e27a47b17361422073234fc6b9,0.3243531274268248,56.95
b1dd31bcdecdff8e7db388224a61b89093a4596f2f5f9020cc0b10a9a8bf6fe2,0.32430205031503084,56.95
df9e7cd5b8ea09c9225c2a7b16be142da4f01761d94e47989f37aae6d3abc578,0.32405319653134007,56.93
c7cdd3c6a0a83f89a6e9a57648cd893eadf9c65ffcc5acd4a36d10d762904897,0.32411816412594335,56.93
75983d248187ffaee87e9fda21cb3d79ecab72d04ca8555fd6a4f3f332980721,0.32409429246282173,56.93
86e739ede4a5ec25d261bb5f62647319e703027e175457d64aa3a73d4615a042,0.32398932389291624,56.92
8eeb453ab2e45c214ca6025c031b31454107cb009bcbabf66bef15bb8bb5de81,0.32371871777106215,56.9
bfbe2699484797999aded4b09d452516f3ffa247725f740539c686f2680ce706,0.32379470769526075,56.9
17e71a4d10eeca181a9e3694f4063fac4b75988c4c5aba3cfcab5c9b57de3c74,0.32370276080418575,56.89
b17279f8d9dc8a5d18cd15312b8c70571f944e28e2d6dbce7c1988306cb06c20,0.32360310410750415,56.89
0237a94666b6b404233a4340be67e97aa86076eb1e9e24719651cf72c64818bb,0.3235213671471716,56.88
e40409eb543785a31fd4eb4ca6791612eee1e375535b1139e1130fae62737ce8,0.3235398373946501,56.88
32818d5e84326ce4cb14acc8b5ccb692080f9d6b00fdeb3523102f7165d170bd,0.32356488359449176,56.88
2fb747942f1469510bb16e99b36b38ea2c871eeda0e8cebd89f3f3d2d1324c13,0.3235745059990254,56.88
63cf58363adcd983a11808265ededa786003e9e8c02ce5797893933b0ab6cd0d,0.3234463815406288,56.87
3bedda45cfb034f605b76f70542e52c58fee44c2cdd7839adff86944bcfe5ce9,0.32343492846910443,56.87
b748625b98ab3ef82ad1bc2446aa778ad0abdc162e4bacee88f2547bda818f9f,0.32336580127653247,56.87
d677da1a151c40d2a3816ac51075f3c7cd90f2ee526c5828879fde2155dfc761,0.3233588156244579,56.86
2f4e1fab57c7672d48a568212ace58fd83ce01922c549acbf15f4583c7cb1e7f,0.32317408582433116,56.85
50b6d21c4a4e348d0d43a62752222989c852838ed8d2586514d03dfebf28e0f0,0.32323502962015793,56.85
2b53968a71eb66d9470cff156d15846ce272452ea30c556d8e0dda82f0e9643d,0.3231794666255594,56.85
0ce9f55c52465be3d47b7a474b7eee4e1dd399654154503b4e7d579ec188e4ef,0.32324416190793975,56.85
e2445e64bb2b569405aed840b6a43ddf6663d9aa3afa047d960370c6d4021e71,0.32308165507142994,56.84
5ff78bee6b51172c43335fcf66c631c92463ca1a533a8f8a2fbed56beee93069,0.3229444048098793,56.83
5ec3c583e2304f9118dc078eb0f35bd5f5414faf1775c26d1c20ee841f025e11,0.3228231925992203,56.82
3b4324e25f67e5da575a8519ce995d3d941d5fd0166ea792ca93960fef36f2e4,0.3228602155719353,56.82
649dc1839fa359e616595d39b587040fb1166fe98ad65cdc43f550cfa7cd9f1b,0.3227745063131004,56.81
4c9c0ce123bc6d99eab6f31a5c75aca66b84c5de9df32260ca01ab1f06f6e73e,0.3227925545878982,56.81
a8bdfa16e9781fa6c20c8b6ea2fa9134dc7a2044934440222e92155117aa0154,0.32257378293307426,56.8
151e325e86eada6efefbafbc131062661116cd5620a372b0018b2be7f754d5c2,0.32239128710799536,56.78
e320c650710d2885e536ab915e0be54f9a51f8e8377c44d036637bf66fbb9eb3,0.3223569030506588,56.78
59f5dc0786fc9d98fed66f7b6a524879c3b570bbddde98785085af59afd45c28,0.3221613449046318,56.76
8ddee40535ba2b82b60e2fcab034bb455e6c01001420b98aaa8a26dcc67b017f,0.32220607862308065,56.76
a0f93053f460fc9381ff4bd436ee658d57d3b0d7f29a860013195428a066c21f,0.32205813391809845,56.75
bd277639d42a3681aab4aab11b763f7b2e2bd1c7a70af01afca60c1e8243352e,0.3218584558932085,56.73
bd63348a76512ee7c6dacd839a3561a422cbf5a2800aad2d1a8a52c2f4882e52,0.3218295992632797,56.73
3fe9c9b1b83efe859fae0dac15a0967de5eba0619c0e094bcd6f055e09b1459b,0.32182191610876076,56.73
b53d8806aa2ab3c010733b6a11cb7c930c2fd649765c046720379855734fa578,0.32186092869573224,56.73
b8b4ff3a60cb1901143edab68944071edaee01202fe32733fbd9a2bfae483b27,0.32186234208828585,56.73
ef84d81a0ea4a2fa6bcc04a02349793a1f0a9ad2fc051f560e2c43ca84c6fec9,0.3218054115569972,56.73
56c15b20e734c21483109675cbe1f9516939b9cc84c70193b8d1c357cbc62b8b,0.32175576883423423,56.72
c4c5bb7bcb4a8977848ad6ccdb4ee41fa412eff4ac8905116d0f11b84a6c62e4,0.32157494590270536,56.71
fb7a39f8de0fb6f2e1a1755cb36a74150931600a39378777e697579cacce10f6,0.3215704033459778,56.71
daadc587b516ba762879bcf581d8d9f4eeb33429da17537de2bb0a6a8119ea65,0.32157923116070203,56.71
14a6c328c32ef362ebe377129fa279308a8a1fd79430876639b224597e4648ba,0.32146972737914625,56.7
f1a73d3b7dd98f7b45a3301d976655dc3feef9eef79fffa5cb564ead6a9aed27,0.32145370228554937,56.7
799194b2d9e73bb693c1f94dc0ad597fe74367388a04085a9559716533f09e5e,0.3214465188676881,56.7
889e471a4a09b7f8ab1256631a5d19e99f6e6881f32bcbf5a55de18758d81193,0.3213510725534954,56.69
792d6081ccaca3cacc50290588946f8e742b7166a07f83884c9f3db747c0e065,0.321225858804336,56.68
2d4942e2e834cd1d781509eb1d6cb38469628a35d56567dc5f84c2814ca79622,0.3212956916265363,56.68
cb0a78d03d47450a22ff6d90458af26a53fa1151097a5b51e1a629961d632cea,0.3213122418475403,56.68
fe6fe29a23b56cd938134a1c627f27a43000246427ffb7a9b49f14291ec21fa9,0.32111324312616496,56.67
8352b2bdb4de77b74d8770193171d99f8e870ddf8f2d68aba18b60a0936accd1,0.321173155339128,56.67
705406f1ed87cf87fb9319ca76a3b00b4fb0928c5d48f6d34d151cdf6c345a23,0.3209598948614934,56.65
25255e1ca6fcc24eea386ea150ab8261912a3c3b7bd6868a032ba2ba38a7414c,0.3209563144200463,56.65
79f6857be7d31a3d5d6b7cca623208a5befccb7ac68ffe9f2b477eaf3de4243f,0.3207989892191684,56.64
a25b3d925d785de1d755d4ca3c1accee1b73092ab2bb0e3d8261ff09098660e3,0.32077316355198937,56.64
90dd8829db99c97c6b9acf893e68b375ac3f92ad5cd1f3423d8664ca570431b6,0.32064743119471956,56.63
ef78109ae57ac5378260a1dc7d82375612d33154785fd2035ced1e64101c9966,0.3206685359858725,56.63
4c5e51d4b561fd9e199b26420cc7995ec5c8cb8670832af48a5ca7093cc429d3,0.3204466784243278,56.61
fb0de17a2c64be4d69a429e07b5a4dbb804c9dd4ce13a92cfb79c9322c035d8a,0.32032680606610214,56.6
f0fed55d99f694e36f959339e6112bcd13ea0e3c9f73d36ec5678c04eb04bdc3,0.32024425335500195,56.59
051c45529d76e777e0ffefef861329c1e9ed589ed575f1571e838378974199fe,0.32025313123916854,56.59
91bc18c993821b243ecdaff3c7ad01769d04497dabea1b700c64f1e5f92ae304,0.3201303800362647,56.58
a001256f99fae9a464e1d7cbcd3bf7982e20396f84c17df1911bc4bdbcaf6e6a,0.31986929632846695,56.56
a89fead67a6977ef47519268b8a9337593d2876f4320981db4152bfa0738a657,0.31978801355535563,56.55
7b1d5808b69ee3ee478a54d936e01d5bf8df22800bbce9703961e51b9433fce3,0.31967558944424646,56.54
e7d5f1ff5024fdc5c8602a228725d00585d0738c740b4abc8233def6a56e3834,0.3195843427465153,56.53
cd485949b75d019f0378b61bb0aeb58aeefcf0bd4e3df5bef770ab11f7cb38a7,0.3195413364377635,56.53
2d6e64301600c2a4c1a502dd4db10842d2df7a5831187f7928c8852b63550b33,0.3195194410677308,56.53
5e51445a18de57ec026a37c92328338f2853fc8b813578234c80c277422d3e83,0.3194475259049061,56.52
bfa7831b42a938f05c313ae082e90ecebef1d130637522496f3af644999ad1be,0.31938112924641976,56.51
d2d249fe659505af968919e933aff748a41080f88568fc7b2eeb0af2910cef29,0.3193671351683865,56.51
3ab595785f01a10c9d54934de04c531769d84acc401308cf9b059c4fa279e17b,0.31917610546750147,56.5
a9ae7f2f6a8d13b90f7a52d38ce1e1f212c3076d3e57bb16c434488de2085af6,0.31925128201940295,56.5
a1d924e103501eb6cfb1d86eccb2d35a7c19bb6deff927ed7437b2d5b4e9422a,0.31921917904632363,56.5
692a24211849d1b8f140a39ac058af8c231a48b2e09059a98c211b790e3e60bb,0.3187652320108697,56.46
6cada9c3e22f9cb2dc3e4cca0614b1351cf9073d80b003000df0d6e99870df32,0.31872650439602435,56.46
e0fb6ca3d856783a8396b06b88106a3867c9827771fb84051fc8a690ee6e3aaf,0.31865028846053745,56.45
179992804e95c68dc566c48acd3d6744257dab426d9562678eb05ef3e2615872,0.31866143064576424,56.45
68bd79c2791183c43263ec5c9c464eb850b53beb84d4a166727952a322af35c3,0.3185009942577721,56.44
ce9f0cae71b3c91961eeab32fa0fb041f067f89742daf97d2ee1752f63f4bf5c,0.3185178503749361,56.44
bc980d518054e3982d799debdb644a819ec35d84031ef9bc69ba35264e20d2ea,0.3183853901226012,56.43
005a7186eb84f9bfbb579f7756f066660e133525d661d04719021be3a720c063,0.3183423798356698,56.42
218c67c1499b41ed3ee917201ebc88f70319ee2a46b4c5457e280d619a226de7,0.31814659034754195,56.4
98ea52f1b061c3636fc7f53ba7c0577d2e62235375898beea8a4386320dd8787,0.31801713838049905,56.39
ffd95d6316b0c975ea1a1bc7dbd95fb73febf0166d7c8df4cfc71cf34fe362b6,0.31803776935230516,56.39
dce676a213fbb5ee7e94947162fe477d541e901c55085d3aed35736d0066e9f1,0.31774147704895317,56.37
a65da6ac838a7f9fc1cc97a34a3bec9e68bf80fd8211f0c9fdf6e92c9af856e6,0.317696305752016,56.36
2d2a7f6788f36a91f46f45a93e9df7510c2a7fe44faa9fb26d8ee247ea3c047d,0.3176584213374246,56.36
d97ddf172eebd4fdaa511606924e4d560256de9c8322d95d063cafec352094eb,0.31759924222529057,56.36
41f67004f824ec3c91b4e6abbfdcea521d512986b12215fc620970d8a4d9dcc3,0.3172408914383046,56.32
abbfd6555bb03731504c9eb4ecefce4efdfe89e341dd3df32e4d7b50b4913996,0.3171569769944376,56.32
bd7d4f331258da12af488cce165a3b72bcb8d5b419f5cd5d283ab2a41cfad26d,0.31724016680970424,56.32
ed6272c000d710c3c05bbffdab9a315398b5b162b2e9be06e72779f20c68dd35,0.3170778440741397,56.31
71e2521d2f8376202b02418bffdefaac0ccd7c7fd6accdfa1d2034ce4ce73c74,0.3170461500978901,56.31
f7a716330c114d1da1e46225e2369e56db2b0bf5551f6e254c8fa9a9dab8aad5,0.3166999863518834,56.28
519a99690c6b78608da11bb0e2926fe2b527a9ae44c5205d8fbb1a06314497f9,0.3166970404639432,56.28
57018f66fe5ca10fc0c0ad3b00f84b1f89dd01a4425aa5a79929f1329be40d1e,0.3167097916855502,56.28
465d9df761107601023dba975bd43e62837aa3279883829a3d78ebdd25d2bf1a,0.3164425570153776,56.25
24b0b72c19e53949c1492ccfccc5b3cd48f5d811fd1357e744312170552f2642,0.3162803643650903,56.24
ee6758869e6df4b49baa0ede23a641b941f287550b1907966d2e0d22e841bc70,0.3162826110669603,56.24
c0346e8b6865a46539fc61dc94e42cc7b630b44f65c62cf3f33d78da137d4e07,0.3162978165684803,56.24
9867f04571a729913dbc8979e586c3f494e7c4ef799b8df9f67da45a59a1b471,0.3161736361529954,56.23
1807b5841883be84240d4acc2c4de404e3d4852ea5dee0b75465f0b30f6e88c2,0.316106024554481,56.22
caf1618f8efa29c737c1ee519c970b344e3e4d3c9ceb371371446e4c80c7d704,0.3160045275609597,56.21
ef88cadfb3dd37552b0cf695a505c7d66131e2690df72eb742b18ccf4dbc81c8,0.3158051689287924,56.2
b26d6fe0c75c9eb3b2e5b7c890bd8d2ab8cb0b1398b193d885b9ea8d83de7827,0.315852511786478,56.2
fc2122920d0318b00d19563438712408abf2b7b6bd4cfba6f717d1a05cde8482,0.3158025719651616,56.2
e617cfa2abc8ce8686c796e0955283e4510d63fc8e3d13edbbf966c7b19437d1,0.315826058160937,56.2
16864681a3968cfc78bd96428641774f1640ada25ec7dac023f2a9d6e60d7f6f,0.31580042904018757,56.2
24df77ee21000711fdf6ebcf2a1ed881efe949b6a97ba47f9af4d6debd29ebf3,0.31586667991073314,56.2
02d8b886d0c974a638ff40a2c8e4537555d816a161f33ffb004d96c017606b2c,0.31583705289451247,56.2
9e6ea50e95d3d3f92809735d31ad18f408105ea2e88beae92f28cacabe725a1b,0.31547875378047746,56.17
b976af599e29537ea653a491e53f86aeeb1db4f1d1f8f0999a32a457f9e80239,0.3154780444142893,56.17
7066246f0587017bfc6ef5ecfee60aca64ebd6b20ca9ff1d1eba7a575d0a1b3a,0.315253495879912,56.15
50dbc079688310c965d55375e0f9718f2088076bd85736fbb22a29d2038ed6d8,0.31524885832243454,56.15
ddacad9c89bc5e836c17782b35072bf6529bf981e958342a00ed2672d34f7581,0.3150158651545368,56.13
8e8e9c828b15692bee96f65dd354f3286ec6442a94ca897432a9fef8930a4d7c,0.3149108476132809,56.12
8f7e8160d99ede63434f5119942ab9b3db906311d24da5a99d9959211a78289d,0.3149435896771789,56.12
1391cabc3545776056950e856de9ac9cf44c645b260948460b9167758d8810b1,0.3148667276879017,56.11
a58c1411929c847e715c46dda56b790a15dad8325f581a31c64bd6ec5e20401b,0.31461631223390946,56.09
d89db479167c8ce4208bf00b5126fc62854ec9fe629605decaa4251a30c9f6ce,0.3145061659153637,56.08
c0d680726b33afe7adab433132f479d556888777486ad89b1686594fb9342c84,0.31450664748664275,56.08
fb4150853339a06cff41d88a71a235fda5eb291b951d261f6979560c5e9c1819,0.31448476966389527,56.08
5c43935307ddbf42212e9a55984d324037dc8afd1e090853753a878d2ea731a8,0.3144514178224476,56.08
2813a3d52b5be8b6d55d8595fc4f60551b352d4fb50c01331a56ca914cfc3c8a,0.3144473590265615,56.08
f31f51e7b364745a61c6b64a937abd7b115a109bea7bee690909da5714061a42,0.31424101090036016,56.06
c83ea967bbdbfe3b146b2dba2c234f2718abb0db9703422834e223c31a50372b,0.31417044737401073,56.05
d08bbc6c44b97a47e4d2bcb8f50c9ac76e3442fdd62ce09ae85b1a96ed61ef9a,0.3141514927749454,56.05
a7a6e90bfb9a94c9320bf226e911e7000f79d238a69a82c5b0802f7828c2c865,0.31401659818763344,56.04
a16c0e50d5aacd12951f7abeec30c430acf1e77734ad799870aa488ecadf79af,0.31400447200277537,56.04
de9f776ef1dbd208eeef7ab321a13a333e7c112efc6b84caae0745304efef91e,0.3140515470147149,56.04
f2041a49bebf178f4858a0bc6e1908f9e2f3e61eea06e37bd1ee885a68c62b3e,0.3139922506403381,56.04
82e7a4c599eac42197f81d6aad929c9d9bdbf46e14df6407f1cfd20ee0aba343,0.31403135708322655,56.04
7711264a04fa747169b187a8a7daa5e4ac2ef18c9fb3af54e4ce610140152df2,0.3139198092276203,56.03
f1c56052466869234b09b1f28f57238847721f37b7fc551fcf24115286d07601,0.31377247459301766,56.02
36ea562b0d2284f601a20249ff923c274209bd1b44242a9180d432486e5ff806,0.31377039983953225,56.02
ded082dcf29bb854b18cfcb889581cecd625245023c7c56d56a560470e822a50,0.31366243771115543,56.01
954d13949c2e0fce2a7c4e9c20000b230e7a948be2bf15581245c4bc233fbea4,0.31367604737341703,56.01
e7ba70b3a8be19401ac483aba85fd642a48b3975c00442641e4e1b8a5081fd2b,0.3135898808389351,56.0
a2e9b933e8538a5009b4c0d56e62594ebbe6aad8274188979316bc2f1a5cd8db,0.31355094950096923,56.0
812ad74aa5f8847aba501022cb3032c3d344482050f5859d0d8399ebeef0a6c3,0.31344469530526736,55.99
91d259ff67fa90138a580b1dbcdc7fe70db8e59cbe02d12bd7a6f1d9437f7817,0.3134343496623349,55.99
ba659e819c8509909f69361e9f0ae35e8fe7e0cde6980adcd3ec54895fe8069f,0.3133711717299149,55.98
c6319a8ab396c5d0aea378e6738f9eabd84dd0534447e7d36e8b8b6dcf1948ba,0.3133064283700999,55.97
6053e1fc419ef7752185767d88c0b425a7341996e6fc0454d0a99dcd80a251af,0.31328653161832887,55.97
620d239ad53d5b97f8aefa6589663294ad9812233388cd2b229f663f600c56b3,0.3131466772456528,55.96
fdd9873985e96a1f3752856aa836a15e134611896779fa10c3a129310423dff4,0.3131520005149211,55.96
29cb4d9646f94c0e6495222a0aa7d5135c73e8a092b5d04aa51d95ee6c95a281,0.3131408359289468,55.96
9820cafeebb00eaf7fe38c5609cd1e76f997731c6dc9d6eec025e717d2bb193a,0.31307071489205646,55.95
6ea2b0616d55d04f6e0ddcb46b9b6c6751212b15c4a882c1caddd11dd514eece,0.3126902468010692,55.92
e7b8a4fa67e04fab244d2580076af576b82cc107a9fc2a4ca3ad469d2c84cd27,0.31261956619565323,55.91
bba504a3f511871c62fa05123f7d99d6d257e4090004a0fb2739a9f0692df458,0.3125605020582372,55.91
736a25865291fa145a91e78893b8392791a5cfdcbfce989411e707d6da1fb9fe,0.31247036532243333,55.9
26a93208ffcc7a5ea721a6f0399e27e22b10fc88cdbf2574a1d70bb9b400a6a5,0.31248356654218773,55.9
82bbbe622bfefeafde8fe228f3edf67151ce20248970a5ea860089e9f0318121,0.31246328589193934,55.9
caa20f53377811306aaaccbb2a7364ebf61e9f66940194a3e4fba4f538a713f5,0.31241002810827595,55.89
f8a55a6009c6984ad1ef23ffcd320a0c43f769249e18723bd708f012cfe65643,0.3123994702529371,55.89
54ba18ade7a2d3fd5366d3114c257d50ec2a2b6ff2f4f9476b4efd46ad3e82b6,0.31220242359644973,55.88
9df421ab296284ed4918d78813c45b5618902752e62b9732d34d333457ca0c1f,0.3122820292673772,55.88
358d9420538a41403b0237c71eb585b036ce82d7b286b3fd8121db604f17c797,0.31224211698156223,55.88
53033c2ea32dbcd5e972191d875d030b50e81d112c6b0d5efdd2f84ee8279f79,0.31201452749073466,55.86
6bd1c481c7a5ef8a6157ed7ea7c600386aff17fe7482a6436f9f36a45f14f180,0.3117956867176987,55.84
a56c524d649a984fb6b905c3a20c51fd5965c6452f74cf8d0445e74477bdb1c6,0.3116674614025018,55.83
719ad7bb7eed36e80b0b76971d0a69452b2670902bb0ea352fd4417c28f98a24,0.31142495038582807,55.81
102330c33ef8a70706bd6101d3bf52e2cd6a48c9dfc15bc7d91a16ce41cf1e05,0.31152561987126764,55.81
31c2746c6fbf36d8e0ea8f1e6a382e4690871c892944fae3872c0ea491365c2e,0.31144313499325943,55.81
d251ee7b6de6af0b0a788b59891727669b1c212fabd3d35d91c7b8c9beb463ac,0.3114735594581385,55.81
c89c540b50855502da5ded1dd1418566368883d54923654383befb33eadb0d96,0.31133682871858726,55.8
d6ef0c40678371d9c869f0f1e1c27f490f1d780b95861570baa83baf0a9d22d0,0.31135647495570207,55.8
6375c85a02ef2a0f06db875652c4f60c76ceb940578e210d5c1bd896cc530660,0.3112454376546483,55.79
147cb89b65954295ed069868f3db7e14f0cc67b5f604a11f76c0cb1029de9fb4,0.3112204832812407,55.79
b7b75e58dc7ef54a672b4e6eede0aeefc5a3ccbc7784c4c8e8c31b984161c535,0.3112851835736518,55.79
f252321b851553539f7ab9ac5bd7a1bfc09491d0c9e96371cd3ee13bf39fb183,0.31115979635503416,55.78
9f5c8a0a035886156789713e3a6e2d93cd3a1f10db58cddb227fb81f537a4784,0.3110481087690026,55.77
4e45a52e44bbc71c449235c2419ad3a28fe4256399b483059007fc344682f0f9,0.3109547037713252,55.76
1427a31f2df658b41d74ec833f4e75c022cee7e44cfbf06b903fdbebde89f544,0.3108459952210866,55.75
a53b448178eae68fa2b91e8ae9ab7b673a55a1728560b0259c60360c7703b7c9,0.31067587714699973,55.74
ca8f763b5cfbfbe265aa3337a879de8c22913484cb5bd40248d96a9648477f8b,0.31055015667048463,55.73
9b06c9988456f5a45b7b87cc0372151027eb8ec6d2b7a403dddd223075946366,0.3105770960927536,55.73
cedcd3e8f72caa032722dcf6f31d08ab87f43ef92af3e308401edde37c3e2260,0.3106078485971504,55.73
dd0598de64220d2df33472825436dd409bca838132dff87a31904c66a923a76c,0.3104327551010875,55.72
43ee06181bb830d810e6d0193a34fc5d29fe5ac0e5b7523a155bbe0433102414,0.3103321676488254,55.71
85c65e3910653f1498c9500a3d4baf730407791b3577fe0fd61fa38024b2b175,0.31024347576853795,55.7
e18a504244bea06d53c0b901e62342a9ad146b2ae42652a01178648df2b5d993,0.3102699146194709,55.7
1e18f57403ebb27ab8fa4f156a8f25cafe7df8844964ec3551d5a939fabb146a,0.3101020036671214,55.69
477fda99eb36bc1b31d2f5769defd77a1f33683e024f3e49af7564e42602f38d,0.31000953989973634,55.68
052cad1bd95b3101cc8a25c1c7e197a3b25d6757eb204b62dafc8b6cdd3a40da,0.30978633376203235,55.66
d29a1085269323b1c7fe2d1c946a6f79a897571f3c652655850cf265e5e0f7de,0.30966611791819754,55.65
db994a83df66c696da25e3c909f5eda19203fda5fac7426456281f89b1820b24,0.3096049753548854,55.64
f7f0ab74903b398d5d64421e3b73240972516bf8c854a1a1a03f4e38dc3e46fe,0.3094645883057449,55.63
f3af657a5027b438f4fe455cdeba57e9223a7fe151d81391b9500d3629766b06,0.30945780529122036,55.63
1c64a15f9b14261e3bde365cb7ef3623c09b551bff29bf4985ed4361e2e9ebce,0.30947252860840224,55.63
0b7da726c1ca3803871adc606970bcc41440d3b78f67851f7ad62b8bfb9b3733,0.3091541463922188,55.6
6a800cf462c4222f65b46ee8b8b9c157524dae71c1e33beb834a0e991f11ee15,0.3090428166034586,55.59
dc29034686c38c8a918bb757b837d3e188bcf3786948801006861bcfa345476b,0.30907581432900494,55.59
15e4181c0f62cdcf834b2dafefc68ad83a55daf452abf3a16cbbfb528760f45e,0.30875702051693765,55.57
08a090913b0cb7a33f92f2bf6d0b9eec45684bfd0fe8193bc3f3e05ea7e36cea,0.3087470689186957,55.57
4b707c6f9c4bfb7574dfe610b92582043286db710079b25814b9d67bbac1c9ec,0.30883609293481784,55.57
85a15fd19d35f4806d3e080fe9c0d5894b72bb9b6638bdfe4ce2ae2d6d26cc54,0.3086707425263305,55.56
9d09a73baa3b7896ac6289180f161482dcfc6a86c6e0dc90fdcb5bf1e8f612f2,0.308675431663038,55.56
a1b9084efb2cf388e8ee3883a4f60911b5164c1271db085b7f06bb0b00fe7b82,0.3085834011276168,55.55
cefa421a293e2b1b3f1ce686360a9f6869cf86cf4ea9fadeb58c0f45698141ce,0.3084675177830328,55.54
b1aa82028d3aa2095b66fb311fa4f59195a64639787643376343392582d996b5,0.30835703555464533,55.53
039c853658d73a4b0d20ff302954a007983225a166b213b3d366529a9fc98dc4,0.3083572564936785,55.53
5907abe7a39869d2ca3eb46b2a7ecc44b09b839b85e3fa8c4a81f1f8047d71c5,0.3080910642823679,55.51
83650f96f0339774887cb54c6c5ee0376a2928d04f281a1b3b11e8bbe89b1e62,0.3080880673067365,55.51
56b2d65845b39b1c8f3665e313f3842e84899836a3f6eff62855291bb005f3d6,0.30806941205816357,55.5
4aeb62a8f1e7811afde6d1da07a3e0e252d202ebf64d817ebbe88004fb9e64b5,0.30791028787195746,55.49
4481c9fbb079c04dd74eaa201b964b852e92ca659e1c69d202c4a984ea148fb5,0.30779327604239637,55.48
e45d8559983037a7679c0837725930969817493c876e65d855ba975b1d150eb2,0.3078566078596811,55.48
1a4110b25d0c3c37527705479576211e9679f83ea19c5b29b5642b6c202f1685,0.3077962968132968,55.48
bc6f979f19e2e7f9f119265d3d837c9e02aaf4664cf65ae83db7a86000621ae3,0.3078062273741609,55.48
1c4c90d790987506ea6b513a309de7dd28eb49bcecad2808c3bbcf2cb548b178,0.307766766201626,55.48
4917ad4eff8d520dc23af65b7e558cbc8d697ee09ba5e40c3482eefa025056c5,0.30773637005203475,55.47
25ada9df95bfd78ac6af6fae0441d39056a6ff4b836eff44a97d3ddd0e9ddbd3,0.30766875580983866,55.47
6c01d2945c3a2cb98760b2cdab5e06f0a095d69e5c54ffb3dca769d683bebfde,0.3075704292779444,55.46
f1f4055b02b9ae01efaeac4d59c5925903a09d656eb5481f23f865074bd10801,0.30747850120560166,55.45
0f1c2c9ab2e6ab8f4033a0a2bb42639de71070c95289ad1936c8e807b199df85,0.3073544310739871,55.44
c189becc15716b5c15a0d260bcff90d01f1ad28952c44070fc67b6509ba65d25,0.30721485700606693,55.43
f1c3ba291c5450d0144264cdd99b86386a892902148ac1d557d276e44cb40eb0,0.3071887616469055,55.42
d7b3a77b7b2d577030685d7083257c2a07f7d03bf2c5110f8ac65c6238b929f2,0.3067957022555574,55.39
f48710ae6378cced1178ff769694593f91500a015b242a4dd8bc5c5b35131918,0.30681394745516755,55.39
5e8c1962e9c3558a86b18b5904dddd528176310850cca414cd21453d205e1dc5,0.3066912898350433,55.38
a72e97221fa851fe8e14d971c4559579ade775a264d36b72d2a6600fe3285551,0.3065626160602548,55.37
1fc02e3ebd6b8eaab600f585b2c168f30fd2ee94b0f84677f74326dc6e03ee05,0.3065245847736743,55.36
cd6d69ab209478fea9daa3b6fe24cb013a9f57648fc87804e0c22370f0cd8577,0.30651559390754424,55.36
a0e697e3c47dcd7f8ea824549ee22e2c3fb8dc662671dc92f8b4e167b43b7d55,0.3062759371371551,55.34
46abe6d8f4ba3a929d0265b9acf5d4bb6b36cf44d223e39db805dfcc8f197075,0.3062722013050111,55.34
549a6d06bbee2c04206e8250df27976cb8da981bb521725cd7f967808d0cd676,0.3062892170630367,55.34
f231314957cae5c09df11c76652bbe0819538d7d138b7d052744d396677b5341,0.30609521506183673,55.33
cab9fe58fb11af934af64145c6b78becd607ef4245bf65ac204db6ecef90d2dd,0.3060344717291477,55.32
7c80b27e2e540950af2dcbb45299c1cecf3ccb374c817812b6c9db2fcd177db9,0.305996192450431,55.32
7fd78968e037e5ea91ec7c7de9b20eeaf057d05347934e0f073d9a093077d9d8,0.3056923922254065,55.29
3e8af344bd04569b74183103909c8a7c0f4c7e2636c8bcbc388a16f209ce1f4c,0.30558215561254726,55.28
cd37c4377232f3932e991af56adb749758835536c49f4f3a37ff67656e0ef115,0.3054168961179998,55.26
6161170921810eedeed2af21b34720f13c80c6fa940767ce5b5384b3c400e9eb,0.3052910362782145,55.25
59cf4a28108882916139d6941373e2f5cc151c34ba958d5caf299431ddc89337,0.30525189874028213,55.25
9d84624be77743a1527142b245ca55fa64d036919c5a87558a0c98ff36ce14af,0.30526821876894106,55.25
0b3fa75d798aeeafba890d6d67a806f6b6760c9654bef5e431304e12c1d7e364,0.3053060132628802,55.25
383041a5438a318773db3e2fc3d2e687cd722d1d7d459b9bba4ccfbb1eece8a3,0.30531066125378886,55.25
0ca50f01d968dee82e527bae36e8738ca6a8a110ac8de856363c79b95e4c9702,0.30519577186966007,55.24
9f92bc2fc3535a4c9a3d2b4a43b6edaa619b2dcec661be49317f25fee268fce4,0.3051183210508416,55.24
bceaa85846baaf0f657950389cf2e85a9ff688b95274cd674c663481562defb8,0.3050904412307209,55.23
db34c3ae1e9872445a91bd1e391ed8738bc4b12de2911baa9cf7d95e83b3139c,0.30456961292808166,55.19
f1a1b705d7503df50c69f053316fe260401162f7ff9656ffb8281066e509c17e,0.30448816951510144,55.18
688f1887b5f3d0b1b2c88267ec151329eae801a4d7c2f516c889c0a0df561ff9,0.30451963027935214,55.18
0cd287e07dae23dd0e4e18c3c211af7567903015b2070e083686b79061addd88,0.30432966914932114,55.17
2ebfca0bcaa0e953a191ea29e888fda90c5e5d1fcb8630709a4df7dabf83d1d0,0.3043072794510919,55.16
77423fbe81579a65096a640333e4c96732f512a61cacc98e29be0bc7a9a626bf,0.30413667143894507,55.15
21aa2a314a13e010e88b78c98d0c40550fc27430b3306feed41ea1894a6b233f,0.3041179682792679,55.15
3eb0b52eb9685e5e5bff6157b9c6697e9df0faa64a0f800b0b348e951f9208b5,0.3040355693712619,55.14
d2fa64b0ce34b61750b3a78a8a8d9d824b5c0eaed51eb82390def42972f43a28,0.3039699265922042,55.13
8f9c35350b5c106b0973690f1c2e40e774668288313f41a9eacff2309f5042e5,0.3039351857884522,55.13
7ad12dcdc4eec055f5c6c717c90764177d0a80244891ec4fc0406a57efee6b5a,0.3039258279095992,55.13
b8ff4b9eef420ae468a43dc6c3c3891807dc5c1d86728f787db816795a822178,0.30380782200970335,55.12
5c081f27d5c05506194a820c35fd87f3d58185f65831de62f38759271504660f,0.3037098085693702,55.11
cac374c18cab6d429a4fe4c95d57f2605be34f068a0371385691c732f5b17b6b,0.3036964638563848,55.11
c5ccdbd3b74e8f4dfb16ea46d75579e12a0524d226fd683b438c86cb29f70ce7,0.30333670535695056,55.08
2ecc3ac0c946989bd6b491e214e610ed70b9f5fe62b98dc3bbbfa062ed0a31b8,0.303419529407204,55.08
61286131d20ba5e697d7dbae855f2c8f6959fa8299ba5958c61657e61006a2f0,0.30329938085475205,55.07
42326ebd738362f395b96965fa59fa1de8bd99e009f7670544f424c3aa58f7a7,0.3032752218610948,55.07
0ef7b6e046c9e19e2b40d76470e8954ca17ea02c5da9ee156a909ee9ad3548fd,0.30314302183944514,55.06
a11e4ab07ae55eb4e6ec3cf58b218fafd6240ee0560d4819273eace8d98cde31,0.3030922576952228,55.05
18abdf36de9b90abaa52b8fe9cab0764966b074328f8a743cad4d915e0d0129b,0.3027765367816715,55.03
02105863356b2b5766c956c9421923606be83fd9004f22c424b80f200f679254,0.3025916167766591,55.01
6f51c06d0480e441d761abd1625161b9f99260a19b0d4b2df1e4bb2d07f6c4a1,0.302631812412561,55.01
402b078fc6de3d301edfd463d51a99d1ca5c3dc868f495aae9e9b5b5f1792445,0.30249820298385777,55.0
4c85b7656a7cb511a74cde351478fde98c0654ec10104cffaf4af90f6fd68e86,0.302546834992951,55.0
3806ecdcfbec3159116f75577f4ced8bb18e069386d0c0395447e6f72a8b9bbc,0.3023895862866384,54.99
5bd28ce7e01de99033bbaaf7b99e69fc8f94f3440a47895fecece2d0bba6c794,0.3024334984217857,54.99
2ad8028ded53a242f9be470e2a11f82d5e88a47fa141b43b4ff9fbe213fcde3d,0.30232649140553464,54.98
8541cebafc9bf60b0beab018dd020aad657e34e38eb39d66c9e3cc7182df1c8e,0.3022680806349257,54.98
658dd550efef9704f61a3fd440f14c04ac7d4ff0df50bc093ff457b7b58a014e,0.30220638190375126,54.97
637dbcf93d215be4bd838fc62dfb00e252e272b78a78be42199274830d21223f,0.3020245790141505,54.96
8349e6a449e537b615515f4d3adae311c62f3a7a97dd0b306376dc8766843659,0.30210900916125566,54.96
e5a26e16b0ebd2445d9635ec1e84f8ef0a4ed3b5fd240928ddf11f9d6c4be999,0.3019433422425687,54.95
0b56cb485ecd1cce3b18f801182c2d278becb15872f253d670316c04e7b901c4,0.301995461459547,54.95
1afbf44254e5d3052182b97fc9f5dceebb362d14a2ff728e5f0212327c7ecf5e,0.30193163622963026,54.95
23c172dfd8a2a4c45fbbaddbd54dbcde6021b89045f661efd782c0b32d8b7442,0.3018000108080613,54.94
b7cf55db47a0da0b012214bd18f014d1b75274620e797c7c67d77d98988e5911,0.3018571103973301,54.94
ecf46ec3b2be06feb88708efaf57956be7c9f57ebe19e4dc5e0f00560d5a9f94,0.30180488107200754,54.94
cde1a2c9ff0f02d54c45f01e318af55edfae3a5474cd9f901a5c4f44a5498b99,0.3018424354753684,54.94
8c08591ce57278b90b7922cc64dec08595ea0304909c7ec935c2c49d648f8120,0.3018553946977622,54.94
22deec1ed73368379f1e43f9000ef08221ca751255ecfd3936083b6045cc8daf,0.3016815724255555,54.93
55219438faf3cb65d745718a2a1548ed0d7e16b12b794d4320e1ad7d89b95d2d,0.30139017538229895,54.9
466ed5993ceb9ec4ec52a4fdb1c545f70b87175f5f6ee72aaa0f2e9dca21a365,0.3012648758977249,54.89
50516ab79c6e514697c6c02695a2e12fdef0b8743936e00c22eaca02bddf2fc5,0.3012151134291206,54.88
3d96576144d04c0bc2dcaa2f15590415fe4fa417fd11e274ba37d69cee797c57,0.30105608436009024,54.87
614df982ef6e8a80ba39a190450a483c0dc884fe5b1199984f8d5642ce056ca0,0.3010442772234014,54.87
910cf86822fc254ebdbbccbb92a18fd5edea906d9cd392b2d647a10ccdd9b9fd,0.3009938942143998,54.86
ca22920444b36e350ae68d95db7c4185e0747740d3be964daf17f1274905d8a1,0.30099382870074914,54.86
13c8e59ad60b38737adefab8088fc6a0d6710ed53aeaaf43c2d366ad9e18e569,0.3009668091056748,54.86
9466c2f161fe182cbb010c6a754adb3ca0f4cb82d06141932f08c3d55cd69332,0.3008600718393328,54.85
51c7a9a7e7d2919fd05355d4c0928612299d163c9757afb0aa56fc7e77eea912,0.30085116665414224,54.85
839f97529ec7fd4447338214168027efcb984782089ce1790f78effe3430fc47,0.3008409886064024,54.85
93078f10242fec60fbaff5d56aeb91b4d5436771db12642f1a45be42941d256e,0.30076075572528854,54.84
df8a026851c96316186d46358dd31a57f586323692bc78ffecfd87fe4bdf0a5f,0.300653165729591,54.83
0b2ca58619d5759c411845d6c3936d428c021e51dcb2413b24daf1eb7a87a3b1,0.3006020355071071,54.83
813fef0407038272912a010cd847b92614aa44a6e3a3a7bab25cb6cddcda1816,0.3005077244085325,54.82
dd5dec95be1d133927d835a2916a65588ff79b5b2377ad352617695f62f426f4,0.30053867175954585,54.82
51be24bdd5dfe36d4e067dfff4e249305d58c0d799502895b750b6b66a30d12c,0.3003606885620215,54.81
9648bc430f6ff8b51d94907f14b878904823cc07f8e64e9d53cd4b23ae6a5767,0.3003761288057414,54.81
b19bea29dd73c0eccd136c3aadc3dbe2cc74c1157215a532fa17c640574923cc,0.30034501298271143,54.8
5734ee0ad451d0f10cc763d2d102b475f3896a0974671fca497a203b67529eae,0.30014585805777716,54.79
8c95cdd825af02deec1646fb573cdd6e5ca1e0f18ee51db0f0bc81fd1fec1cf0,0.29991471339821907,54.76
e08b2fa851b92246567407f64f6ca8ea4f5ca1be6843870e3d04ea9c82a86f33,0.2998265974827221,54.76
cc5d535c0e3243ceae3b82e7a641db9c1bfdc31dfc656aaa84e0498fd4ac156d,0.29972361608650877,54.75
869052c7fc992b69d4528948970866aaad00ff6ef4f35598babe8ebc0356330b,0.299551349904435,54.73
38827611186893c507d5078dcc53a9d1fc97baaf73596f645f37b1a87976c449,0.2995635586593806,54.73
8c811243de32c087fece20fca30f1bf316a74e342b45c473457558b17c173e16,0.2994581077671855,54.72
159de17ea7a6ac5d3cdb6de206791acf0745b3d4ce84372da2e70488c75c1ece,0.29944422271798116,54.72
570b0d7c4f505ea82b146b607d4b0eb4de9e36fcd3c9aabef4d7cbcaf321137a,0.2993995227042713,54.72
4fb3eaff80e8044c5e7ea81818a26abcb94bed82d35e366ba9ee780f638550d3,0.29921639499395747,54.7
d8d9878e64084ebfb514d447f984ce90901c7ae8bb4fa4d0d282dd561e507879,0.2991645802952949,54.7
1851d2b7a1a46d1fa0e5ecd3c7c8d575e846fd1d1dffad332b882ef694d56562,0.29904949783754853,54.69
25a4df4affd057877c260743c39bbac7e1ef9f782e9f92ea1628087e86dc30ec,0.29888312794163996,54.67
764c88112f2b4f0f6504eb186c66d1c61cfcccd41a9b10f8b3f8e20ce973f932,0.2989164160605172,54.67
fb3c520ba9f52dae59295132f46374467594e2d8e5f5933ece341a8d01c0c9ac,0.2989116281026626,54.67
4270c0e3586c7de022a827d72cd788f89a9def20fb3359fa072f778fe7f074eb,0.29873398809034435,54.66
55c6dfdcd6dbdcf693eba411391cdace4e9eebbfadf33fd758a0d06488cb50ab,0.2987897034608838,54.66
832fd21cec250e8b6b082d7bbde7ac5fe378c4bf0dea162839d59dc5508fb122,0.2988249273584263,54.66
a16e8e6fe560d3178863027b4f85ed6c9f3e629b0a8d8d4eb5d3acdf5b590c5c,0.29865050332049853,54.65
f6862aa6e6727e879f8d3e685f38d80793cbdb4a54e1833736e8c4e5023a46e7,0.2985039240421893,54.64
56c83d76d0e5d780c85a34ab34bf3c18719205e71b4924456d81547656773eb4,0.29848151618710717,54.63
1d5b6c6ec8cbf25678fb8114a449b9e6541c9c0d8e8b8cf092f2566426868d94,0.2981820219426362,54.61
5742d64930d0943f6f7f973a47f0bcaec855afc1e8d1f65a0f656b31f6c4921e,0.29818753264201414,54.61
6d6a1fd70d919a7a6879d8c104346b067639b2f16b23b45d13a78f60bbd88edb,0.29812327246822085,54.6
8664c66c16cb6d09df96426b7210ed9b1d2aa4615f2f78e97719f82bbf3de192,0.2980146340802667,54.59
e1781501cd61b39fec83fb496181919009cea09b34a525131f544fcc8edc043c,0.29797269751381106,54.59
4e3d5c77e0fbbfade074bea59006fc22f465e52077347f4e8a74a3d8d29daca6,0.2977572911124336,54.57
6f3ade3a16c7e7ab5880cec9ed2aac4701f546e9f988a5e726a19453d9ff0241,0.2977796636978,54.57
1ba48313de97cc370a47d9a1076436cf8df7160da607cd322bb17394d9cd66a4,0.2976435629477547,54.56
b358bbd6d6a6fe1d44c4e89327a20160a15194fe297c9989edef347dd2758191,0.2976428782745569,54.56
727d41187412bb8f0f381628d8d365e1cbc2fbce258958b3d6e7b5a8eb347a78,0.29743143219053975,54.54
319efdb60df94179999b99e47da144821c4380fc7a8f9b936b92fcfee9d784d2,0.2974812094963448,54.54
915120a2cf2611143febda98d73f59cb93f8f23f020a67d0b8f843f254906379,0.29743937016347033,54.54
a799d0bd0b7a7bac05156db1165bbfe85977cc53e850c575b09536915a46f164,0.2974932522781754,54.54
88c1eb7b5ed809ca325e929655f7658115e49364b09833e7de677cdaeb14d975,0.2973927792601225,54.53
1604365f753f6ca195bf409e6e4e5dd016ad59358a24b5dc26e8d7e463de27a7,0.297309488845503,54.53
d595babf535e5f47448d24ffe6db92cca05f3ecb0551760c137a1e81070e7f72,0.29724874813895413,54.52
f3704816499cd0a09b3e73c31e045262b2cec60bdf7e9101f9cc70cbdf131686,0.29728905193123956,54.52
a5132d9cba32a9296afee092f964f979be39e4439f573df7a108ee14652b7dfa,0.2972788204858691,54.52
ff2c9e596c7ef6205c64b16af822cb96ec4f7bc1f250240194e027b738074664,0.29717900738640446,54.51
3774a736d5e9b92e6508d6c2293fd5a5c0ddf5bbfe4261022699dfffb8c4de71,0.29715732012726626,54.51
95395d78b275ac47640c7b26b0afe12b634c334dfc0117fd5980826a9ff25acd,0.2970744270740371,54.5
af0ee4ca4af7a23f94056688b54ab8c050f67c332a8a97b55150018179f08ecf,0.297057735565108,54.5
d68f710bad4dacf0d5abcc65d771169380c238359dbb5365812254d0a4c31cac,0.2969126283791792,54.49
6350f026af8d292bd1a7309ba3ee909c63bae38cdfeb52e6c04ef53e9b6425ca,0.2969282894996872,54.49
a01ba7f41881eceb51efd7aec338aafd61ab754fc6833d2b7afabb99e79dd6fd,0.29684383979003426,54.48
ae25c6ee78e0a7d7f23c02e91f37a60b16234c4884aadc411bb8e696e7c7814b,0.2966389510862848,54.46
3511f7281ff03c00724be073cd372e6ee0b4e04c5f4c7d5a96639eee4d1f5e50,0.2965408824609451,54.46
eac5ce3430bc9b705fc086a3f94c4eae206d2ab90fa8a3bff8985e2556ad2467,0.29656638849322275,54.46
e6713ea647653541221941d74124b34c0e119aea1114fb2335bc7cfa406c7101,0.29651283326627886,54.45
5f4d7888ff7465c27c289cbe234f592263074972e1cbe552b41246b7898e2ffd,0.2964960771326472,54.45
59b276408d115f4450fe3c516d581bb25531e04b5f5cd131d0d0ba1e361c1d61,0.2963685301075834,54.44
55b0cfa5f7f7ef5259723e19a6f51000fdbefa6f313140945c30a060215f6fb7,0.29627180529062447,54.43
28112494d2494e32960ba4a151d6805958c508ca60ddd444dafa4cef8f14c543,0.2957988911527764,54.39
f498566f57974a7f3c2d00f78ad60a9816f2555d73b5fc622b208121f139d17b,0.2957580396895968,54.38
874f7e4b4525bb61501b702581fb5f0837949421c354e13dbe153b7c6b640606,0.29558215288288014,54.37
5b38ac259034b3d077b1c410e2dc80012aefc84907da282801a6d53f4f4375d4,0.2955062941346241,54.36
532aecbfdb3860db843b05c7c77ce5164d70ded8d3e21c80fec8172fc7c63cb4,0.29547484943436736,54.36
f03ccf146140bc2008a467e012aade73a285f0adb272b0e1ea6ed75fe6e4e3f6,0.2955442345473404,54.36
8074704cf134bd49ccf4122bc501a59583a200ae9b5c7ec5ebce5316cc8d097f,0.2954655328519729,54.36
052f697e394310d71fc109cb62d179a6540f5ad73f491cc9c3dbe300abc93106,0.29554580841736866,54.36
d7ca3ee7a7cf2e9cac9084b35a16c9871429d0bb965f74cfa016710bd8dd8e41,0.2953780194842026,54.35
ec0cbcaf6bea04f0474095a4e5e9773fdece879f737cfa49887d9c8febe94ac3,0.29538269746951173,54.35
def94325ebe7d49442e87728622aacdbe6d0fe8a56c9185cbf924b3b101cf2db,0.2954103403796221,54.35
b1bb4558f4f8e5b0cdcd5d13fad137987bb09d3226d4e9bae06f71766eb18826,0.2954287414713351,54.35
67074ed877eb041c5aede5540ef567f99863d25d9e3a1f4c02c65f7a63d8c83b,0.2954088088839439,54.35
794d86bae4d49e3aab6a5dcfec4a219b5fc4b0fda75f050e3600b4a9ad5e009d,0.29525733609607757,54.34
3e0010262cbaff6ad3ca659eff5da793fa1f827f19a43afed8eaf6eeaebcb98b,0.2952482988869679,54.34
b6f834a328a7fcedac5fd6a150148bc06c5a9bc97b76b651bdb071eca0a38403,0.2952207509851127,54.33
735b22f77f1c29a804de32f14c26eced4500108b256ce321f229e3b3dbfca91b,0.2951977561507001,54.33
de99612a0edce365d9e74dd37198fa3cb0618a74317e97ceef44d16a4ce32b7f,0.2950657120607825,54.32
f06e60d57299df8fe684cfb72181a24a685c672003d219df63c1f930d4653cc2,0.2949823091424522,54.31
d25f7cc2138173f23a1443d89b5ffacad5593223bad83e4c62ed9d3be6015f5d,0.2948033556397596,54.3
8cf37c9a0594df256859866e891e611294cda399ac21694a74c6526b5ba9b35e,0.29485259571385775,54.3
2965531eb032a67002ae4cbb150d79d7570efe7c815f9d41e50c2de4614d2a37,0.2945803377109695,54.28
2c8fba6994b55068022beffb26525bd147f1a65646462de7e0d606fc970b5fb5,0.2946588693877765,54.28
1c81f72f42693bca63133f6eff7868bc113909ae517faf92d0e253b7fe4f2e0b,0.29450761863988784,54.27
eba5384359c47663b43a8a46fb528e1a175b734b3bbb99f711480982fa67a525,0.2943160225289341,54.25
e9d8f68b16b68c1ea38ab5e084753c0ca12fd41c3becdbcf0fba3a64630019be,0.29421808660718424,54.24
844be6343a6a33192fd60aa9aa483019a4254182cd950b890b3ce308e3959a76,0.2939913231789809,54.22
0fb22e575e95fe93d52afa019b9203a1ee955b9952811f23b996effed49cd33d,0.294031570916398,54.22
e55187f99d205a5381510c5749feea2670a7cf4de677d94eb7032dee2745d545,0.2938631534314764,54.21
b2c29132e4fef0877ba0753e9294ce36af06c1bef266a8d0e1d9b16239a72fd4,0.293819645459986,54.21
8b64f35a2c5a325ff3f8da90d176efe947b531b2091e58eda0cf79d58e5e5cf2,0.2938053564685298,54.2
070f1a9f5602e70a36defab1cb6faa3fa35e774c75eec474635f75280f76fe7d,0.2937733390768098,54.2
a58c5b7079414e728599f950ee27caa4c5458d3cf09b256f2e5448417587c100,0.2936891207753862,54.19
d8989321d4cb0667bb398c7076758e4ef3775737a89191242810f71332bc4731,0.2936993700211198,54.19
be11f4aabde51cff4525f875d267e2172f1a1f5ef8d1078c8cddae8b3b8a1217,0.2935243153649407,54.18
0682facabb2c0b94c5c4139d1c2b16ff748c461fa797046151ab7b3a89093a2c,0.29349194575457915,54.17
9fe22fe0d82a6e9a739bc4de67e1f896c9e57880fcc37e17c84b7f09b8c9db51,0.2934774832579825,54.17
79d1ec317cae272c48eac083aba2dbf2bf706fcbe14e65d9212cab002074446d,0.29340510066514836,54.17
18393b7df2017f91f946893343f5e300766c7b1f93bad9dd749f6e5484972247,0.2932915486987941,54.16
d90832885dc2022d55f61a790516b498819cc6583e6a610569b6219c048e0cde,0.29329140773124734,54.16
55465cf406d7a831392d3b536d264212a95a01b2ef35cd61671de5ccacd0e616,0.2932823276474814,54.16
75fd6466ae592327d2cb0332addef00ecf189d91215398077cf8f21590e41d18,0.29320263313681183,54.15
ff83013f0413a91c926024da8e178e5caa6a159d3b94626eef13dee8ea4d963e,0.29321563363102665,54.15
266f1ef4258170a18479dd332094b434669c758595f798c5add7580e1e235763,0.29320616712938247,54.15
16f8417d5c0780acfb879588db602c363ee52f19863b6a6c980df687fb851726,0.2931108503345438,54.14
2c31d4dc394dfbd386c298cd101af726b71c51fd398e7607ca59d06a7a349e37,0.2931490475569859,54.14
7d66c7ef27b3447d4d2691f7eddda220d2c7119e12af8f8ff9dbf31614c872a0,0.29296421760000674,54.13
d3c4a4ca437d839174a95fa724521fb9bb330b910e4b2634ef1d329aa8151cbd,0.29287185818307604,54.12
469f28ee84003d21f6c108e585fe23111a51c93d7f65196447b151e6fcb0fca8,0.29259771334624907,54.09
cb1bda2a743f41d1f5782757c5d9617a5b79b210c326e3f57147212cc62f5999,0.29250877178880064,54.08
3eacd204c7436aece3f562d8320a0eacb359891b49156e1767e971987ad650a7,0.2923372185026994,54.07
e77ec63cbd407e1ff0fc59793f42d93c7d760d1f6f2ec2f768520305f42af0aa,0.2923086952648128,54.07
349ab36008a89bf3cc3e91ff2f07cf4221fb9650fe5ba6821aec83985d3dedad,0.2922833271916893,54.06
ccc6661cda8ad4bde29fbab745d7f574d494d716e7c3880dd598cd6c4b060535,0.2921149532641469,54.05
66a441a1f1ff273d3ff8b4592f3fc1a2535c6a386151176cdbe573d07ebd41dc,0.29212185098665644,54.05
3469df63071f9818dc1007a5e438f88d52aace0fbc3e21c60e259e449d852db1,0.2920841189730298,54.04
3d9a7c63a3db7a26952a07c76ae3ad4e0d7cf5a080b6aa3681a1854bd54e59b8,0.29207459854794693,54.04
213d6e271d1bb2ebc0d2e29e6ec3db8f5028c0b0243fede86153d94878aa5780,0.29193587769803914,54.03
d16fd5e7697ed892854ec2a61d3a5709fc236bf80bd530218758b4792c7f4336,0.291802606657712,54.02
d107d432d939f1b6ad348015aadf710b9e23f24b8d750fbc741e68feb839acfa,0.29175139632295405,54.01
5d1bf6d9752a86bcce026f3fb7afb60b0d4f3957a159c5b381ac00b8467955f5,0.291646704240841,54.0
e3e508f2d90820632878f920ca165ec3f708b07f597d65af122765c5b12e6cb6,0.29157120214655213,54.0
a2080c4a9cb4bcc3c8511c474005488af516d8c8c3c54a0f455feae4b8576873,0.29148092315730584,53.99
97a5d4737a121ddb0ee3fb68209d152ef6c7a01743c66658d0f7d76da36c7375,0.2913692500428161,53.98
f860394fa4527a4b1e60048ca8a61a58a19472bf6e17af2468e4bfb40f436572,0.29138880395542105,53.98
d2375d5ccdff4625033c8f03031f4e471eaf47412922312b51717e19a7e2ee0f,0.291237784707852,53.97
fe35f7cdead683b7d9ed0a4a5172614e144a758d757f2d94d3e2e0c387e06172,0.2912670517360785,53.97
b4a7b99a99dc236142522f941a9479aad454b0d202657aac421229eab74085ae,0.29129729878102817,53.97
759e9d1c8ef369f416ebdd5ec82590969ee79040279f7a6e69f22721793bc78f,0.2912045157254659,53.96
9bbd9aa65a68271502c4377cedb351a7f728146a798afcf8b0ff2e0a5063f374,0.291057406486978,53.95
d52fd836d5c37f0c2bb396f70323e27ca3ec9b7a1d94ce14c8c27f966f9dc3d2,0.29095046096134597,53.94
521fbe9f5ef158d446f0a2cf3078447d46c72901c3b61b3fbf9ebb24cbf9ead0,0.2909879198816354,53.94
e8351ecea09fe7473f94d28dc75a12dda678a4d94bffc6aa31f47f09f786cbbd,0.2908236441712212,53.93
258b9e0759ac2845a1dbcc76d52d417cba42f3faa7d6e286ddf9698b840d6ace,0.29086199250346106,53.93
47bfb10e3bfdf4ee0a5e12ea248ec2062267e392ad905599a6b0accb332f52fc,0.29076086334705936,53.92
d5871a01e78d380fefea8ebd0a9f103a44cc3478e32c7a327d150b689ffda97d,0.29071896534777353,53.92
3e1c7317779763fe5052036f91492e9f9f2f2bec7e6d1ef47eda6ed734f67f2b,0.29073406636947197,53.92
31ced14b4da900a6ed41f49dac278a22403702e9019889818f0fe964ae395cb7,0.2906681310465259,53.91
32c4ba6f3aad896ff4c6b963e43433d2061b6dc595bfda31318f146d20f1a031,0.29065468302183495,53.91
be497de63d2b28bfe9cb32f9bbfb266322c34f22233935adee63f9f2b5ce5ca6,0.2906564393571066,53.91
79445c1de84cba5619f5f42246b21eb32ee05e6e3e6a0f94471348ead4e9fefe,0.29040021009273803,53.89
02e2ab570c0a9a77393837d40bf9be8cc33e809dd692ee253d480e8e68929799,0.29035991719806253,53.89
4d61f5630e0c312bf1fe11f022707b45d23a6e56eec2b6e2681b9c8b0f69b120,0.2902985678916126,53.88
c43e99b4dd09b05a3ca21899a58d12d1a3869498002fd043d3d219dc836f29ad,0.2902644971415994,53.88
8aac41d882dae3f026845a2b5c181759d897b0f9ff914c13e7a44c802ebafbab,0.2902768348355778,53.88
b16c2075c83b39ab0c00df004390cd348be1085645b7777f3438896dabfb99af,0.2901503402015892,53.87
ce6dd88e6e0e6e7700471c7beb22037c4fc17ea579c07053e079a4d0b0e95b51,0.2901920591393478,53.87
34c4c7ff77f0bf9e47d23367f8f4c1a4d1d341da3faa18172684b22eec180e98,0.2900405342135116,53.86
8b7a42fd1bcf4ab66a313ba0a861668b056958d3d442579e649ec9bab5ad2567,0.29009019479056514,53.86
45f0ff1ae155bfcafe7cfa9f1a791ee525fecb59cf256de843529f9b8ad75d68,0.2899985122546181,53.85
4fc232f678c4cc96d8194cd34f63c21b9f64bb7cebc521c276a9cf64e27964a2,0.28995231991839715,53.85
c14b5d9645abb965f6e231ea087b4783fb3dadec0bf9d21865d4df0ea030dc37,0.28990322456684026,53.84
baba20015b22186f34071cd79f74c5a37cb785b6fb1609d4c8da1d5d47d101ad,0.2898242054477143,53.84
9dc7e2b39a02052cce4b82d4823bb74fbfec42ea53872d90173f9b6e3dcb1eb2,0.28983011017571014,53.84
97fa96121711631d3f0d498fb7f2a72f0e91e0e3aa41979b5b7883d94d902e01,0.2897826236301295,53.83
aca408ded9a16261630adf7890b392d185f0bb667c91b11292df24b670080597,0.2897063576624352,53.82
bdff522a3c7ef038baae34bb445a6e7322a2ea409e4cef0f3e208436b25c0489,0.28963381990042125,53.82
118648c8553d280aa4efd4aa2e61c05b1b567d177229d39ac9bfb10abf998170,0.28950284146934757,53.81
25542e2b53426c99b11f7728148b1b6e2a763db18c419cfce96f2db72bde5816,0.289590164598702,53.81
ce2da039939d62cc39435875c2134a30d0756b207c7cdadc13ba9ff13f3ffb57,0.2894632434354217,53.8
10ff76786fdbf42e236da5000cfb8d42e811bdb9929a1d5ad9825cfba0e0d43f,0.2894010357536551,53.8
2ff09e592e32b737df127ee6af1aa877463dd7243f8b0d96ab64f0777c509bfb,0.28945572883408655,53.8
7eccadb02a83690b449f005a8311902c27b0de213f84fb59087fb8bb26ce2f19,0.28943245251613287,53.8
6fea9a8e216cbe2589a355a750b16f5d883cdb5515164ad8301b390d891b1638,0.28932636291420644,53.79
1073b82a7c734129768e3ba07a165a3ad96837873f4a5f630b6b5fa3782504f1,0.2892991744592951,53.79
c7a67963a322d83560bef1c4e19b09953c1e3dbef376c76f9e4ef495f75c7130,0.2893368307382459,53.79
61748a8b1297062d5324d9ba8a330c0a1dbc548aff335c9c16b08fbac640c078,0.2893210074599411,53.79
5dadb04c59be2de7f43646271a499be6760183f7823ade8832febc5266869651,0.28937301745258637,53.79
7346f3cece8a138e6dcfdfc694cf09fb05acc8cea541b8c61fb562b540c85f62,0.2892184067306431,53.78
1e13762930518dc07ab3b087aecad78148858d8933b569a02302735d7605d785,0.2891972825413082,53.78
ff2cddf6c87d77d30984e8787249dbbe8e7b5846581e9295858a34770533062e,0.28919896492256525,53.78
22f72b889f7d052cd3e583947fba02d2a5a572b5e0e774fafe073e3254f83268,0.2891044148772037,53.77
3d0fb2b733993a32c34e74c3b1e868289fd44c00d6fbe8156ce88c2ce04ffc7c,0.2890492691158617,53.76
99847efdfa474862df43a212d60def43acda87e28b990e048be4b64223069eaf,0.28889163222416625,53.75
7c993cd09d456765e3e9afcdfcd99b3e9f4aa8bf46ca8bb2f0bb5ca9bf09e889,0.28892649793026315,53.75
a804a5336ddb44aa221243a37856f46d2dd26129dabb3ad36e0251460a506f19,0.2887973206968702,53.74
98ea585ca028919304e57947b96954b5b62fee2a301d5a5912077151eeec1069,0.28883440539097616,53.74
4ced4019bdbfee3a7930991e28e3e6112f54ac2972d390c4c02c65b391c3ffbc,0.28878676887370924,53.74
c21e852b54f8980b5511cdb0d0b2b4183bb034d3fc52c5cf4375065d10dc5e9a,0.28862125762554375,53.72
a626e524e02600e5b1debe86d4b8a3f728272a507a75c98bfcf679c116625d56,0.2885256882822711,53.71
5fdcda14b1e88b89b48cee6ffac0ca4fd9cf77337860e1a9dd5299ea6ba8a5df,0.28849869421329727,53.71
52de0024dc5ec38143163835485c090f9e967e33821641775c283faffad84b18,0.28844422444644846,53.71
6786ed8bcc688e7261f8ea014f64fefb34546107faf11a08d1210ccbf6e4b9fa,0.28851555025119086,53.71
7c3e53d809d10b26554bc737258bce5463d425a81bccfe596ebf68116cfab18e,0.28846635764553974,53.71
83d5f0dff468c12e48041a5d21adf1ccdfed12b1f5fdfa8d21741aca75936352,0.2883863511152302,53.7
75f03f723add8fc69469a7afac6ee0f3c477d28891e41e1b29805f063b4f2018,0.2882864025520493,53.69
748881ae9ee5e909fe2a318b31b0aef182f645b755551a408c3088b22937c224,0.2881205126488425,53.68
c8be4a67de61056342dafba9d9764a4df19dfb30948bbd017431878fdca7e789,0.28816129830512494,53.68
5d2b76ad8180998512fc6bd844726e0559ceb27617de4ccff4bbc67a991bfd73,0.2880101413418057,53.67
d2e436ba0adf4c1255636619089f4ef282b22fc1caa8db023c94e5c72b798a76,0.28795839875445356,53.66
200ae698233f0bd9649dece54772ccd73f97cec7e1e4ea1f32e5607b24117f34,0.28798623176282756,53.66
cabc95406d03ce05d2e5815916b0e1bb1b2d7a7d76d30750f140af411a3fc088,0.2879598803246385,53.66
e92c765908715feb44fdd69677c8e12cc39bb0ed2af81170a4ba1306b61c69c5,0.287975944617437,53.66
5c3970d0e6a3fc06f5a9f82b1cc8cd462fd294213b9d5b1e76f3626cf3d930dd,0.28779937384420134,53.65
05229a932fea2f5f21f61e9652d2f17d2c50c0647f99f9b07f368847cf91c5ff,0.2878504440500501,53.65
e003676987da11c90c6e82dcf4c8f3d4609c1eed9dadb6b9e2f7ce1cdbc32f6d,0.28777651866174614,53.64
fe989bce54d5ceaf67ab7aa64958b131d154ef6507bde6c858b0c773939737dd,0.2877658825875733,53.64
265b3b49914dd6b154719dd427eedb75e621868c7c28ff7fd38b8d32af15bdeb,0.28765584859571064,53.63
59fef7ff27b354c79c9ec3339193e698e89de4d59e39979405a75fb34bcf9d3c,0.28752725523466816,53.62
aba0bbf86135a2925581b2a478ef24c629cd62a1f1491d40e10f3fa0d5e908e1,0.2875052383204693,53.62
541828f4d0360f3da02b750348fe8d8bfe65adf52ad6f20227388b487382c292,0.2874645547301517,53.62
7c8316bf321c80d170e323280680b620c6cccc1d1876a156f0e9144690005fe6,0.28741448326068225,53.61
e220c45f220bc9926671dff461e7ba62cfc5b86010a8e2dc8c5547f08f044c6a,0.2873564992351046,53.61
d074e4d22093efa7232fe2dd7978338328422ac089499cae130960ef181c6391,0.28734578335298255,53.6
28790f966be7cdd0adc45a13f5556df4a46a250bad4ba91cb44a50115c805e70,0.2873460845097479,53.6
46586aab7cc4e3713fb3cce02c7e5ea54e0ab662f68be8abf7afb567fabbb1d0,0.28728517889993704,53.6
de03981edc6312ef3e44dd41b4f4e306d285f1220dd8e25fc8f26d51877f20c7,0.2871731352828526,53.59
e2941a533fcdf9dea27d74ed7c8b1d9ab980c5d2783325a8319d1323bedaf013,0.28707924295830317,53.58
d016b41682fc823a847b13e97ad83d6e132e2f69b8d8980ae9da4a738958f5c0,0.2870409342941176,53.58
91264297e8643cc5cfc0960a24b6fc025e3c884c23fbe1376f6e7e06d6cfbd97,0.2871145558968993,53.58
f6659b0ead86361cb4f480fa2f96683dc1ce16a65085b4a430f8f6fcd6656750,0.28699986385747694,53.57
2875be26698a8c47fd3ae1c92c2e854bb9b7bddf75b5dc8d90972b02a776a9ee,0.28663553134557185,53.54
21fed78cfc8a37d1f356cc9a109d339bafeeca9fce5647d4fbd2478b143be505,0.28665012700168613,53.54
db5c086b75a34cdcf7f0c52a60fbccc4dbc6837d9d8afbc781febc3142c515fd,0.2864292509673724,53.52
77e5107e6d3bf22b92a8e7901c7dc6f12b8224c1fd35f90b932ddf095a58f589,0.28628199346156535,53.51
77135469b6ac8aca562d1ebda75f06bc616aedc8e6baad137b678bdefcbe1fb4,0.28638478070098566,53.51
7d453e77813f944e15b574e4d1fbf8d9983e4389c1874a28df661fbb4e4560c4,0.28620862920333034,53.5
6572aec6454d7bf9219c0a0d6a7b956e06d3810f0b642844bee80bcb1de6e723,0.2861935471481246,53.5
be5268c3d2dcb7c81591bc938d69bfb205feeb180e0f4c8dbd4475fef0c82802,0.28621721612166984,53.5
0c8ff604e1143941310aa8abfcbc08d0247b3332472f26def98884951135d9a7,0.28612468269795255,53.49
8e7232ef05578bcf6f8b0522abb234c78da8c59878078b7e375288c95c311e89,0.286016389913747,53.48
e13e72b8ce881d3724a0005bc75cf938c8c6bbe43c7bb2b8b73e179cb7eefe0f,0.285972090187286,53.48
ae15570007899f7f6777780dd9839459861cc8d6d7ba28f9d60e9ec0bc697894,0.285858444220458,53.47
ac0650324597a1b4ae7c039141333d914a0748dd8fc496b90f25f48bc28a78eb,0.2858069482040635,53.46
087e1ffdcc5ec54fd6b2ae5a78fa8e97ada5fb3fd397d2c5dde628bf79e8a8a6,0.2858053556917486,53.46
a851fb2fadd033998da9916189a7611aee0eed717cf2d7d7f032536ec89ac844,0.28565112787822927,53.45
c90286f1567caa4f9d6a95b18fef5115ee79b12528e55e8b91c1486a75b49299,0.28568398498387193,53.45
ce81ff6b5872c6cb05cb2f2d53bc87e2be4f05387f9e9dedd902b7721fa081f1,0.2855353441594176,53.44
5789b7321287930f71244e7b86189e6c2575eefc5e278658ac2e056b7d8c85f4,0.2855220697561142,53.43
0b9cd1856a456a656da580800bea0786f83e795cbfe116e1266f0fe71de29ca5,0.2854355140335242,53.43
e69d5f8dfdde86a5ab5e3ea22d3c7a9f005e54a8768885961d905e7c7e8879c3,0.2853529221454906,53.42
9bc72c7f4258e64ed9d6ee55d06a16a9e77fe699c3094352fc74499ed0840b54,0.28540909390964975,53.42
c9f0185fc1056d6156af66c050d64bc3abde87c9111c8bbe0afd701f19aa62a0,0.28526404977883035,53.41
11d1700c20ca21c5e52a411953a9385e6a82fe49e710b62d31861e1be0a78828,0.2851489694158369,53.4
4d0f33b0b0a3cce1b825b11daa14bce480219e9d744b481b124941a6710c09c3,0.28513625909083634,53.4
261bd165c013768048876c501bdbb6124aadca9d1efb301ee3507344f7dbb5a8,0.2849513582971781,53.38
396a6af4ae510ad2380ab49d74ebcbc757fd12e18b9e930cf17df5ff580266a4,0.2848873416535234,53.37
ceb1a48213ab6d0080aecf923f15080d5f8de5b1f8fc0ceb04d54a9e96842e01,0.28475927335275864,53.36
ab2bf0df178b56b8b7714b2f91952e02b452a6a5b3f0c27ef02f4bed2dd39122,0.2847351665913406,53.36
1355bf8117f93c399f224c8320c86e0fafd8fae90120a67d175d7e74f7bd6fb7,0.28462873152543144,53.35
6c74306f3aa58f072d683c2171821fea4e41af7df9ebb8115412747357d1cf3f,0.2844868664530659,53.34
2c92fce9960aa46ff27076fdc4b0ce15a2cc785368ab96dd3ea953690efba658,0.2844606967600434,53.33
c742359504c79697d8e3d58248fee272f1ff77c7160b4baaf60a98c8a55dfa82,0.28426337645007277,53.32
1a05539561bcb7c85738a70957c0f6f24bb9c1f4391c9462f3b1a77c79c5e10e,0.28417455013100845,53.31
af1234ee545903b011891ab09645e53b3d4c9bb904032bfd50d7b7fa896b4ebf,0.284075160028183,53.3
9346d412edc1b50cba13e4c094090da5be26cda686bdd9a04f85eedf3112c865,0.2839855421691009,53.29
3a09011a13c63f9475d46f81c63a4cee7477c98eb3343a096cd58496def582da,0.28385690527941376,53.28
706cbb55edc8ad8b58a2cbc753581c2dbfeeaf69c8fc16f774aacf3405614d8a,0.28382765685402034,53.28
f5ea55995105c0f03ebce2a69fbbe3bf1ffedf0910cee91273e036f916a87703,0.28387776088280975,53.28
e90ab078d1e17b400847a094c0444bc52285749c9e3b04a93ab6a6266b27c60f,0.283829782911178,53.28
61586cf5edc6e3d4443528571dbf83381f4719a4051e72c2fd44888e6d3d9ed1,0.2837876015531621,53.27
f9bd2a70580b5c8ba80b7b58c4ca5b67e9ed7cfff0f6987740d891b0d97015ec,0.2837270367325727,53.27
3d6ec653075d6ceceb757e732bce05f9349c5a31165dc34cc91023534c392050,0.28371780926222606,53.27
6e01925acfc50f686194bd35e7a65f50aff4ae60e7aab3ada8e489fb5bd44882,0.2835453147217675,53.25
4bc84c755aaeb19ebc304a0e0c7c838bde077a85426b056db8f35c5e5ab79cfe,0.28351691823684516,53.25
314abe8201b541b844596bc5e5b2d01e67c9b437c479dd7017ff78bfd7a5b715,0.2835385255414277,53.25
bbd273d915b75b479e0911a0111b75a4dff63b52b3e70c2c79ff959a12cd012b,0.2834363334399793,53.24
971bdd1a2afb7099f392ff9501522744e5983e108e0bd15d4be25cbc8192c7ae,0.28309423104751746,53.21
e2de4f1cada3711de48cb66d88db367eb3d46ef724e1e565ecbbd12363d67faf,0.2831509654192635,53.21
20cc2db69df61209e52d2fe140aa93f4aee07aa54cff6fd4180948a079f35af2,0.2831632390730231,53.21
17b0ce5d1fd7a73c0f9486a219ff740dae4eccbcdfb901a813955e7c9f28690f,0.28303680841248285,53.2
d15f6a85fb86bbbfd458eb33cdb51a2425b612a8eb32c79ce1893224ec326b28,0.2829524592750063,53.19
6d1ac037301148e0ce70b91176a041b1877999f3d286d5a3d4c7bb98a107e334,0.28286643120097377,53.19
87d545666867ff8e18dbbce62e3a3d4ae1228bdf939c5aaea53dcf454039f717,0.2828173147256432,53.18
66860eb73c77f7ae6aa69c672769e1e5a37f0d315af15ea98311eb8a8528b397,0.28271239435011547,53.17
bd5080db34670880e18e151e4f7102fa62d1f414c0a925e9adab741e225f7f63,0.28246343850168953,53.15
cd9f4705b3b632dbdbb32879fb5191388a54c6810f734ba06c1093f5e60ac8ec,0.2825193423477515,53.15
de237b4955ceba7d74c4d85f066393242e321e739d58169edecb217c389cda3a,0.28241828291811144,53.14
fc14db9368ba4cfa519266ed3caba226bf0267d25cec933e38ff13c3569818eb,0.282431552442904,53.14
6cb5d8d653189979f4c070fbe3714e7745a549c1e506cb589e194922fd77dcc1,0.2824057163528457,53.14
063d7580463b9de4f5d12480fc699429e3064dfb1d55b532540bdb745c3d74ec,0.28231134530822666,53.13
42d556224f86555dbf7e9d16fd7a64d6d1e6cb467509b89f6cdad8b25df508ee,0.2822598779898269,53.13
f20d6f09b67485b79a4cb84e6d1532ee296c2aa3a0c7d0af1f2fd9b9e9513238,0.2823006916165109,53.13
c450cf8875d00c4110ba90cac9fcb759bcb01c7965680faf848adc6ba8f2709b,0.2821827028433191,53.12
183d728c0e9c032519f09192cef744f0efddcff5f1016b46b6fc2cebb656eb9c,0.2821598182033627,53.12
f38b3418473fc5547df01dab819d04b2d9b7048d774e48dfe52886c2d9cb1657,0.28213979614476925,53.12
c6eaed67d4ab22f8ecbd1f9d3392f3c6c5a202ca54622c2e0fafc3a5111ad393,0.28219689618348287,53.12
eaa8292ecde446955879368dbdcca5bb5d8f8b6ccf9a44fcaacc413f27e98926,0.28199852780214935,53.1
f9df541a498e39320799bd2dc8960ab1439953348f9c30dbd0033151fbc989f7,0.28197977028427923,53.1
52d55e022582feef23958f1f1512660bf37a2b9b673ecfa95ba415645ed368e9,0.2819226976135524,53.1
4183b856b0736100b7c756a4ff2dca9935fa0bb76d2aa9c9b84f005168cd56c0,0.28198379667280143,53.1
f6b904f2d8674769d3d70dfeebaa6f78f632a8c405fed2df51c7acf442118951,0.2819201516907089,53.1
b6a78ab9a9f2915974b126b20ccb2a30d6d010f062c8f734e9d4d2256a0a45d7,0.28186110738664455,53.09
3dbb351a69cb266df4e910f8cffb20ff6155f2141c4f730d87fe515d1778538d,0.2818465170418203,53.09
027f1d4c3fd03abfcaebbe855a70730be8d98e990a79ed357cb277b66628cb21,0.28190432488491163,53.09
03784e572dc9c513548a69b42647b5aaacf13cddd625be40f4ca52c77e82a4b1,0.28187781661009753,53.09
793fd9404d2d57cbd93586c5d384d073b7a437f0f4d905bc468b6c98d4f1a609,0.2817983678582479,53.08
9441421da380f84cc7a41a374acf6df4c6b247ea720139ff49cfbbfbd08e3462,0.28175032176352877,53.08
75ec9955340884f2676aecb2dd2b91b3681b7263f1c77c3aab9f76ef4c7426bc,0.2817020236322534,53.08
e69e277bb4da77e2e5677466ebbc8216962a52553938951e350c534778a14af8,0.2816227665598267,53.07
d116900fd39539fa9c3ce52bf4b1b480ba87b18e3c949130f6037de0f9bf73a3,0.2815022644485637,53.06
b847428de25bb3455039259a5a4ac12eaef74c459ba5b293b1a59e7326ba9ed0,0.2815511822224019,53.06
21f5160565ffd0cc6e7fab2bc8fcfe19ef0791ce7da8b662adc2eaa93dd0adf3,0.28131527740377144,53.04
de7c9cfb165d7f99c1c5471f72ec7b07617b0e3b4ed680027eb8299a6d1083b7,0.28123434850423423,53.03
f747bc8093bc426678691ef60cbdf14ba848db8efdcc7f5810ee50525ab3c193,0.2812670413312309,53.03
b068e355d323d739fc2fe8d49470432fb656f157119e66456613567865aadd02,0.2810994877065516,53.02
515f8bf1ccf390d579f1857c4a281a67697b389ff7e60dcbf6961d4adf147b61,0.281027685655067,53.01
9a412394dc80842c2a2c9ae0e0b39dd64a2d1cc31cd5fc0bc9507bc90e5af905,0.28094805405739565,53.0
2900d6a36a7e4407abf50ec726311340eec48d56792e4c44857ac2f6792931c8,0.280776439025648,52.99
2ad122e81d2cc39eee0b237e4ef2358a5481623ad10ce2704301227f46336532,0.28057083907523256,52.97
572878991dcde5b1e7c849e323acdceb5fc8574531767db75cfc12f9e19fc4a2,0.2804954351031189,52.96
125c2b88cab6afbb4d2ce71472645d62f5fe1bfa2035999963209d4e045aea82,0.2805099652699618,52.96
6ca35eebaf94d52a15275ed4df932cbbc20fed375da6ce1dad7dccc3795b7a19,0.2803565750028018,52.95
912d65d977e8c46fe3188367e8d37ad82d95dd586593ec56ec0bcb8e7effb789,0.2803932027432937,52.95
c002c38e7b408756d2b7da99cd11ca1ffc092aec8441f83a71ad34e8cd49ca84,0.28028907857593593,52.94
f01f58f44874ae4756cc74a0956385bb7983a0cabeb29b1d8548db6fd56e3f07,0.2802554752289859,52.94
3715052ef503b430e85dd0372091443ac2eb0103473911117734feb4407b9d78,0.28006944632433983,52.92
bcda5d00fe07a2b276fb8fb3be287fd81bcfc309100b44bdc6279fc3b071719e,0.28008387839265725,52.92
60c963b16e29e4513f199e3cdac5ed0d8f8486fd785ff5c7893b4e9191aa21ca,0.27994905034508544,52.91
080bd07cb6226d187e1b61831e268a2627bf2e417eac5a53bb9f38f5d27e6230,0.27960028298758155,52.88
6d6e920ea1b6ab7d5206618c88d9e17d4e40361934e604c88a4513446113881a,0.27957759098875856,52.88
5e2c59a77d4ef0d2e9a0b31bc11824a9fc591c2235403ae69349ab6d112e7460,0.2796789815674422,52.88
82039c5c0dc537155f6591f963de3620978953d291004ee14998f9335b3a6ae2,0.2794712162412864,52.87
a11fcc9beb750c6a53d2e0fe77fb2cdbddbcf67d02ce6c6c57fccd1810704b86,0.27954135741706665,52.87
252d01b3e0357fd2cbfca852c2fb4e0474fc8f973ff99158e5f7bee1d3966812,0.27954776952215166,52.87
f3a992da51d90656c2ac90fb1cb4099160963bfad9743ea95909bb59a48fc410,0.2794143267198719,52.86
208d5e8d4179e22fa3ccdc2333eb373d3474ba0d19140d450254f2d067c2baae,0.2793078101691326,52.85
f350df76d2106a582a7a100108564fe8d65053f948177da09b6c2a3821276a12,0.2791004809252332,52.83
0dbcebf6c7334b1d9eb2ebc4699904a625c823901d2f532d8e000501155b156d,0.27912480210041746,52.83
e8108bc6c5895955b45c2c230b848b0d6a85e09ba93e39db2c39b8dd8a1365fa,0.2790964290192497,52.83
89e95e2c1b76a05f0ea4e3490c98327b1a538496d5fb0acb4f763f68f52c3c2b,0.2789864986115253,52.82
846caa9bbf3764079a3f44c7fb911fe249acc0e14ad26c19042db5816471b3c3,0.27892750862384436,52.81
7fc460ed2193ae9fc86e94c2ea025da9601815dda37e34f3fb54bfbe325aae93,0.2789277957589828,52.81
2cefb4999062418b2b33b02a96e7e27abe4a67e7b08bec6d55eab2c6b6cf13f4,0.2786897792333217,52.79
890ab438398002e52d2dd808989d26dd13fed4a7117dfb97ad2d5f77d22bacb5,0.278593216873998,52.78
b5125d0a1fba47820fda12d0e370957b1c32fb33276099790d089fca03403559,0.2784151791876071,52.77
49733bdce2a1ee566ae0519eb8adb84caf89a27b0c514721b81b73c383fc156f,0.27849518833668474,52.77
137c54bd434f1c0fe890f3baa1ff9c2293bf283e48b800ade2c0099af347e691,0.2784058739659206,52.76
94e5af85450b98f31faae3e9f0c4fc7c88020ed8028a19d5a3c0624dbbc5a721,0.27826242828956105,52.75
d62092dcb276c76cf9f78e5ed4c8632ef60a3d334c52ca85d922e58f9987dbcc,0.27815882781265683,52.74
91a1a12fa3192362812c5d3f34b71222862b1d31c670ac1c5f9b4c19b8456475,0.27818091504807385,52.74
6617967a4b978f87bc57d4f4f74dd114f936de2b94e4d2045d726b693193ff14,0.2781393278572517,52.74
1b91e4a366e2d062f8e3e87499d627178ace858e09c7ea0bc9dce190e5be60bb,0.2780209861077041,52.73
e8c724d580bcdf1f00cc8972171c27951edfb3fb57129615d39abc1ac2c864b7,0.2780580213789094,52.73
39873436df86e1f0e7b5af681256f7339ba5ee2e1702072b4d0d532c0c64ca32,0.27797666421833545,52.72
a5953738f8ac2d40eccf61ff3f034b284b1e4ef43e97be794f655c7293b1eff2,0.27793148032929743,52.72
dbf62ae77a2d9d4db23dc5c2a25c43a3649fef8f31bc2f1187a0293081edeac5,0.2777907782057754,52.71
c874a5e7fb5e4b136f1fae8b57dbff8335aed9cae2909d4d4b6ce9ff8b95e726,0.2777827912608274,52.71
d54df914e2ca7104f64099d4c126406bd8e947b3c7304d9133d090debac327a0,0.2777413436546335,52.7
ace761d72b7cea07d93b9475774c1f01c10d0357f2e7531eccaa2d6a7a0aea3a,0.27764761351002915,52.69
dea7429c7dbaa34380f9aeb01aad48cf6a9dee28ba7f32cf858dcdddd69195bf,0.2774678016665318,52.68
7e69486d71e2c3f1d5c182faff614bba832aed0ad69ecb4bb81bac0d1f59b32f,0.27750480563449353,52.68
602d263f721bf332b238a630b87adc957750475cb2276803e411f92ad02bdb99,0.2775455505577853,52.68
f3e4b9ffd02d24fcf50bb4428d7d8dd87624c48fe83c1a2b3cdebbaba368f703,0.27752114922816334,52.68
4184d595b520cbfa4dc43616c9a6fcec03d12474088d4e3f928eda233ce190f5,0.2774684972484318,52.68
3b02ed59af11a6f5823447ae0a04f8ea5e44011aa22a46fa368a0c9dcfd46ee1,0.2774562311675677,52.67
a14ef0122b338e899ca3e8b7c453e88336beea69e820612aafdcb544be7d149c,0.2772929514811531,52.66
4a9719c6558f0ed8673c88d011e96515ff7159efd84e8613eff6cf18ffd2e01a,0.2772835568586863,52.66
ce7f3712bba6bd5212eee24c4e03dfe32b9cdb08512e1c7865a5289eb83038ea,0.27716045908485115,52.65
7b0b6bcee7da902a507a5a01a32566ee9ccdae311d2213b22c7f98b95018d197,0.2771559648496883,52.65
be53fca7f56624369b9d30af875669e2a930dc07d1528b6249c0040478805c63,0.27715064227996405,52.65
f8fe75719b0a4981ad597246fe5e2a6f5abc5880948f72732a61d049fb9e821e,0.276952857369382,52.63
dbdc1b3253a463bbaa15624266d30c96ab768d54256521770c84ff6ef21bcd6b,0.27696140391457225,52.63
1ef591e9504b1f3803aff9d304eb5f62fd2a78fa82d3a5355045772795fbbe96,0.2768762841874021,52.62
66b3751b26333c1f01f24a96e59d8ae839b619031fb4ccad73baf241124e6a3f,0.2767646260084709,52.61
8e018e8e017525239fa1f1088a987816762eeff8b0844e533e0b2a998f2f2821,0.2766586478330852,52.6
fe6e9ba307918d8897cbaccf50b33d7e2e646cbb62e4172cd5f7e30ba5ccaa61,0.2766179750529808,52.59
a34a36b21458087212c101d3e8e9ee155d1b38268ce760a2ce2965f30c3075d3,0.2766051511986328,52.59
1e8717d3ed798e5a26a704a01201ddd212c9f42e15aa924e6f7ed7447725d239,0.2763765980753343,52.57
1936126525014d89c3f245cf7057abb48d9cf19b2b1d8a6a4d1987272b69cafc,0.276212664350099,52.56
54b091fc21b9e9effe0d3b5f871e90056e0f3ed8ce1a4d16176df34b30bdf45c,0.276102472968744,52.55
dc5b92b0a431255dbea7a7993016e9672afe85c1176cbd1accbd9cfa4115f3f1,0.2761793443975715,52.55
8620657db282ba019cdaa3e54d2488579581e13214dbda68759c87fd2731b41b,0.2760412712541072,52.54
46bbd1385a2e4f04a2a0d7f6399942655283e420f0990dd34393f7c0af9424c0,0.2760041588959782,52.54
df0525140824cedafbf153307933b7dfb62422e13cd06cb1ae43a8b54e8f4e1d,0.27604389273938124,52.54
cb5d1c4426bd95b002215c5e7d27e974d93d23f8b075811d80bfb4ce6c860e87,0.2760834022376658,52.54
c25d802b5a5b1841c8447b03520d8655a5ca2aee57887312b8983812b83bc9ef,0.27594782783184685,52.53
395678a9f1bb6f8964c02a2745dc37988e4a7a7be9887f63345e0124ee75a00c,0.2758163612321146,52.52
bb33e2c6688962bec24fef8642b85e9d55b1d0dc0eb9834d640991a310c2f1f5,0.2756202387880194,52.5
261b71937505bf17fc48e1396b5bfe0130ec4ac8b1414dd037112d1947691e1c,0.2756418482862508,52.5
15efaa76b8c10cfdbd33ed4521e274c6d15abee85d884daa28831281ae886cf8,0.2755296031586046,52.49
c1350f3d19aead081841573c2fd87d315c1045b800b8515838655a09c1133127,0.27553460303196137,52.49
def4a1558ba2b3fcbbdc7c37702d1af73ad8c442e922e8765fb3b0aef2b6c42e,0.27533036061703114,52.47
fb4b9db861e2d78b58e0f874d29bdb412e50001e87de6cdea272f79c9f63e497,0.2752207669251078,52.46
a2d31826e0f9fb3f76a8d961fc5615dfe3f30d5acc87200cab2189b50576a0a5,0.2750875999366745,52.45
76a2c620bcde92ed7e769b1abed0cac6c7c8d65e2871b8926d33ccf58493b634,0.2750733327041995,52.45
3f945401bee53f2b33745ed3149e3a153b8757ea92e5e87950707386fb2c116d,0.27512431357816314,52.45
36e7a98dd4cc458935551ad70b99e790aa03c07e8326f39b033c7fe38dd36ef0,0.2750423204366565,52.44
496c1ecf717f2cefea4ce38cf1bf7dc2185fb4291d331627950006a65bd65474,0.2748486381169294,52.43
be8d9eed44af4b6acaa9794c8964c5f84b5708946b2e604aa892661e8cbe1db2,0.27493401127710543,52.43
f3189af254ded2b6e3774452c5256a3da970005a431ee10186e743f22e75ffff,0.27476139073434014,52.42
bf7e5c271b85f8bacd967ab298c98c326cd8e5f6d5304259888794ccc510968c,0.2746393386913747,52.41
99c39b70482566854abcd476aa125b45bf5174ee4f9c4a33787f3b8e2e2f9e77,0.27471027730699255,52.41
d7886415fd53d8f3351dc27eb6b71cb27e4308c903a5156c596532d4e7463d43,0.2746901619669452,52.41
ed6953e7fca9e6e112ed13636cce072e1ae276fca25cd99b735d82ec687ef23b,0.2745043963978895,52.39
65505f3b2049bc81e48f5bd26b258a52de9f771570e99ac2c70318bbd37ed3b6,0.2744398484744024,52.39
df36aa839586f3eb75a1f45a1f5b75f9c91848c7327dc9015f5d53c338a6bb49,0.2744487246444432,52.39
9f0545ef80dc0a5a4ee6752ecc71aa9189f829e276862207fc7dccbdc6ae52f5,0.2744089780777116,52.38
b785179eeaa598883571d3e070b3bfc9214ca9774d05259b63063d884c97be5b,0.2743413351711386,52.38
74a5b8578366a7cd8831108794e69b178be03b09c3b220b82a502ff23c995e3c,0.27441137798906473,52.38
7347cedae36511aafe7c1c10357dbc1f1ea0c773bf9dcb5b708e46fc6de43043,0.27426689727317444,52.37
4dd2da0d3316dd836fc4da54bc2101f9770be0b64faf89cf66d77cbf4c7edb98,0.2741188138828404,52.36
1ace1122fb5a6c42d2d896913621525b838b8e0f39ccf53b129632b79cc0962f,0.2741056541799394,52.36
0f7541a03dfb20abcb32db25fd82da531578a3948c5ff091863eab6582c34366,0.27417034259765244,52.36
4c107816c4499358243ad7dacb4fb96d49a4af3876cc8c40bc21384e6977fe71,0.27406767881819155,52.35
cc71e8e97f30a7e147cdcc121e468b4c387458162c81ff7fe7b1dcaeb7202ab2,0.27398676247352777,52.34
6e69f186f6b70340d548ad61429603c64ab217101e26873c6d56fe7d19b41c8d,0.2739338735307471,52.34
358fbf34fb0548bf57e3d8d0ed202493a6c272d6f6dec2793d1283e5ed7b596d,0.273930380048959,52.34
9be2f79ada03bca2aa808fc9de1d89b7efe1aa5b55a80173eda91839a37e1de3,0.2738068902404762,52.33
f88177b79d9e5e6975e1eb1750e9f8f2dad45d6966bf8ae036a6ae27f4594fff,0.27373315645286633,52.32
9f8e98942daddb9a6d15c436cc403d5ac5be3a5d1badc013804f49a8125024cd,0.27369536386803,52.32
6a687052d41b3ea7ef658f90e9a5cc8f206e11e43632da2b5f5f0c04d0a1c44e,0.2737526157358526,52.32
24296276b17938e279052ed8b91e5badbbcd2fa24bf1fb7ab96ec89307c32492,0.27366247848696107,52.31
dd90eaa3606e11565ba0c59f6c6a4423f01b141420534b4db554e4ff97e90721,0.273586084560552,52.31
b74ee11f0c054cc1ae41322ef33eba2662684a1802dca294fb47e6113620c064,0.2735190539012356,52.3
0cbd3c3dc04554334e10f528b3fe1b3f55390e65a3efb0c66a6d620d1acaa3f9,0.273509790839551,52.3
dc879cd3739211d75e36440252f6f5742bc974ff89ac6971f9c0e037ecf2a34b,0.2735018049229053,52.3
ad64ad8d041f7e8c16cea04f5a15d8cc692ef3d7960907b1217151841942d9d1,0.2734206986873854,52.29
2852f09e718629bcb49d7227f3578beb6207822fe32981bc7eb71ae35ba9c5b0,0.2734362525389768,52.29
b7951ef261794a1bad02f5419854b554a42209175f8db287d822449d81010fe0,0.27345647140354695,52.29
44cf65765af2185e377f32d375560d26d52475b9b23c30b44cebb487f58c1763,0.2734525278931231,52.29
6ff3cb41ff7964a7b22a676121cb8bfeafa61577ca8aad51fd02c4250e6cc110,0.27330058272503976,52.28
96234a3a74d039a1d24221181385e21110611adc4e8e97a6dbe15e6992692cfa,0.2733341086321377,52.28
ec797ad9adf35d46b783e636d80646961751e5ef8aadccee8950a422310a3dac,0.2733704973582849,52.28
ba94275439a04450630d0a738a34382ac57ee4c9ddabb33343a3980a5c3d9acc,0.27332102416705234,52.28
e2dfb329ff5a8005b31b8ed5991b6fc606d3330c93c285aef5008db7aadbcd57,0.27328118769043597,52.28
82da831e90fd6a22bf0903a2c87592548f4d04f0bb5e6555022ba3b499ba2b37,0.2729985079410392,52.25
cc297dd81eba7635c344b960e7661835782c25e7692b9c50b75a5f6ea928ca52,0.27291822190783277,52.24
f43de463bc789176b20c1d0e2d10a73ee30aa1414258eff9c74045cdcda3bb0c,0.2728094151910665,52.23
2438dbefd34207f7af359f7cde3a6fb2cc4957d622484e5264ee4b239a8b6dd0,0.27274164856174093,52.22
24f4f0ddbfbeedaee0daae569e23b4205b8e033814b905618607c55e970c3171,0.27261957615861276,52.21
c94517ee1c663988ce545e8b077a1d741bebf4dc197c5cbff5280672a7f259b7,0.27263380803255305,52.21
d3e33cc0b1a81daff4987832a94693bafee792a7074633efc5e3bf9db5fe5d9d,0.2725603207628489,52.21
8b101fb33625c6e0d0616cca2132e841a16c212b0e5b8649cb5c7906084b8ab5,0.2725547034879989,52.21
42313935f4406e0e28eb220e6381dba6a8908320c279ef1d58aa686c7c94fce7,0.2724467079799919,52.2
77179ab794f3be810075f935a90827d0260c2e069bad0b26ffd32dbfe520ccc5,0.27243041041179905,52.19
e5786bb575e6103c3d94e7190a2a44572f158c0d3d9ec4c614b5569cd9976e47,0.27236034151200417,52.19
177d2c030ed69a111aaa2708a5a789c14facb5612d7903162f3d3c5068c46faa,0.27233271478601384,52.19
059bc22d61009f80e5f5a33d5d5495578109704f3c8213994fcc41568ba9ed18,0.2723205759684059,52.18
ba76b321c6b91580531428eca0e83ae1153fbf7c88f6ee81b40af6626a6c2ed1,0.2723053694315929,52.18
5b3f61ccbd1d0d0211a1dbf84e7b7bcf73a8844131769f7a209c961eabf7bfd8,0.27215655865738847,52.17
e1d21f148d20b9c1666474c67475525a6d2229f70ec18a6fc1f23ec0c4e6fc96,0.27211657296488057,52.16
48811dd2d7d7083679697a196cdb50f2c6edcd941cd6349726c8940c0ea71e5e,0.2719277186861914,52.15
b17be401545da7239870f1af979f6cb6d7d911f3347b79bdedd3515d9aee1302,0.27188587818461063,52.14
ef4090da68ddbcf9267397d8c88a5884c03bf3ba364a696acd93714d49c4bf8b,0.2714931086028094,52.11
243ac4c704203b40265588a6a4aded5dc38ea4283ef54084b071b26a57a0d1c2,0.2715164564514925,52.11
e2a859e2c19b2bdab0b5592a5db8c7ae87b231e029fd2c6d2a3307aee8b20fa5,0.27140869711037235,52.1
d7d8fbd69cb43a0758aea7d0ebcc8e75439f0591130db3890b41356541707551,0.271460640000284,52.1
f8f3f9f564a089463c16d5e5f5049a497ac461e98c10b2777d25177ff840ade8,0.27139490667232413,52.1
2270214289417168f3bc895f57dae0e895b93a31e866907ed177bee7eda6ca37,0.27132050447894873,52.09
79c4c7b8b0b37c5e49ee9c38573df1608e7021d3abbbd4bee44ecb3f2ea36d28,0.27138490416767475,52.09
bb3c7c65e2084068f4f2e40e9208ac8672af5b773cd0faea815a472951d80bd4,0.2712978906364281,52.09
04aa14b5eed6c0d4c34a7c09bcb695b032f7862029cd348b7ddfa65e27e06b1b,0.27128982429662407,52.09
c9a6c3962a2a2b7c7508c3def68fee069c6c04bf54b694c37b5433e72a6ac464,0.27136501466792745,52.09
ed0c406934d231011ce639922111f9798ab67a74f6a3f26183e37e5766442c2c,0.2711883181913811,52.08
a264d094bb38284b1e63635cf5ddd48a6b88b11c89c1a642951fe62eee9e9720,0.27124727143143146,52.08
ccd0e53212694df134bf1c2e42a895ed731d11e83e670de441959b07a446a1c5,0.2710177785489958,52.06
9fda744f9de3e8adeac20730e5206d8a1cb0caaf8136890132accc30ae234e6a,0.2710507708149888,52.06
06a0a5ca4f7845a80d52a6c32e63cb0d65c455fcd3cd55649d439f39450a2c12,0.270999329377452,52.06
1a0e030c7b01cde00f59e5542df93b47992e0da38e47af25af6a7100a8aa28d0,0.2708955007461648,52.05
57aab192fc5f7c1a45e91a91ee466d51eafa2d4d12811f1e9e9af800f404bd55,0.2708861668986177,52.05
bf8501bc48ceac3d2fb8df29eea8c97e0af1352413f65ac2cfb77dd152547125,0.27081453044010406,52.04
7307b0ae13f12d6276be30ead4f117b5065ddda45d205e3e4ca6fd270bcf23b8,0.27077559702756854,52.04
4ded65faa1a4159b8adb30d71a38541ba9684eb8f4f289bd2d352e9a7d8da9b2,0.2707597866390729,52.03
16a49634f48e196638b27e0bd5b866e0ea49aba9cfe82ba7a082967b6cf572e7,0.27072032779171573,52.03
89d5fa0f7f8da0a19ffced07f5f27997c703159a2dd5ed6f3086ac4a05731253,0.27076375741480446,52.03
b1a830c478ca8b5bcde0a06d4f1d2ac402f2bc972bf15db52a7b1e0c147c8531,0.27068848902447507,52.03
ccf965593a2c01d41e5953f8132d3a9696638d91d363ab0b02d3b89f0172fab3,0.27059359793374094,52.02
4db7451234fcd1da3688ed6309d1488d07bbe83e7933b4faa859ba9cb0b7beff,0.2704998943327942,52.01
a86afd156342b1296cada546f741a89bb0766a8a802d4ae3d22673c61e987cf7,0.27047726792609345,52.01
060ed23ea7e5d2c9180efcdfad407cfd198c5d3538c4435a80cea80a220e950b,0.27054654042282444,52.01
df2fd830e4d8684ccca0237359c99f6c388403fc8eee26a35661efc6ebd35f33,0.27051796457498034,52.01
f11f5c30abe677abde8721e6308863334e7470517017032a847c075c17055e4b,0.2705178085474268,52.01
7600dd575d495fac31f37b9754ce87401bbbe141e82491ca8ced96e21acc4de0,0.2704318339818464,52.0
58fbe121e946044981137df3f3d429d823c3132826addaadcf3139383cb4260e,0.2704189408225794,52.0
fe5e631423741cbcb973f03fd11808cfc5d1a25cce331b06e4ae6c161dc123ca,0.2704298373094935,52.0
38c2bf23393a35ba9ec1d6254cf607e204e71845ccb14c43ed3b17d6a9995db9,0.27035744539624845,52.0
9e1d78f327f345cd0638f1d753d96d98d3f45aef78969dbd0a2ec089b2889737,0.27032229180350764,51.99
37245fc59566f33324af705b35a179c8dd0829821fc6337655fd6fff1027b250,0.27018198240968455,51.98
97d1724ee8b6d4f75fc8131579b8ffb8a9da2785e3f737a8884582744d79f072,0.27010779536457685,51.97
df2ef9c3d1a63c36eb206cb35cec4174092fe7677d15bfb71f5b8888c14f3456,0.2699561560512474,51.96
61c99d46a7be786efff555f70ef655e92d05acb9eb90eb8756b4204d80866d96,0.27002130392025997,51.96
428b92b7ecca1aba43d1872d7fda4d42c622776165b8ea961e2153161aa13241,0.2699094119666812,51.95
96ede1c678b5bccaa916d9866ee05fa3af23163fd80cbd6c62ce6c25ed089038,0.2699298517822636,51.95
99276ab9a63e171a9c528c6137d8e54f81a55f118c081e5f0a6b7d3e561dc6d9,0.26980838570410426,51.94
3cf5916c08e2b04e645e9307495eeeb060fd35182a2213e0df3c9ba17d46e234,0.2696385838208575,51.93
eebc6253fc624a6eed496c820437ba108d9ae55a63abdf850c514221a0e707d8,0.2697188847310752,51.93
ae935160d72315e49a1f4ef83e047b9e259c844213649dde5278ec0275a75160,0.26959880859093227,51.92
0ba7bb63f2ee2a3d597e4e0e4a46e98ca6c92c4487617f56862d718526a87821,0.2696159380234019,51.92
ba4dc3c425b0102bf2b05e3c52328a42b7bace50a6253f210e59f47277e4fa3b,0.26961388315919765,51.92
9754fd6b5f5dba3ed9fe0f9dabe7d896f1cc742bae64f68f4e45eb1561101cfc,0.269572648919271,51.92
4d40c958bd9fe844c4340d0f837774a2680f84a95c8c0761ba636db9d4a593fa,0.26945623854310424,51.91
f585c0c74d3c3e29283e4239bedd1e47832d66826c990ac90676c8ce9eb4749b,0.269416746151243,51.91
fb7af77e581fa2516a9c48e9cac589a0ee157354e297c5cf8e97c6d5d2608c4e,0.269485915416501,51.91
142bc38f174da9384447ae1abdfe2c3bad5870af5a558fba3e9422ce666cc681,0.2693462889786534,51.9
da4bea220970d3fdc958c6957bde8698a499be1448f35cd58345349de203b659,0.2693421712532242,51.9
ffbe506dfb6ec5bf0e000c69144354e5dc3e276948a827d9e9ce8af534243e57,0.2692109740412759,51.89
9ec26b19acdc327bcc7be3afa84d77b63e8cdb972c32dfee7b6e5eb8776cbb9d,0.26920465666122034,51.88
eea48c569000611bb553c7e832147978aeaaeff8ea7c9221d5a267f55ce9443b,0.2691553170381691,51.88
be7c57abef6debc0b7e6e6568e28f933536bb89d1a2b41b0884f291fce14de86,0.2690195572071641,51.87
822831612c6bc435c32e1f6bae8de600680804e185e807ec17e7d31112fc182b,0.26896727267837955,51.86
ca787e5340048acb206eb658332487a265703be558d2f81d3024dbbdca79b28d,0.26892155988209204,51.86
d70aeb20107b5ddf6f49cc5a4f5bc93b95520bd5ae58719c6540a533c87bb553,0.2687987881666658,51.85
0feda52cec2b021c35719ef33a4d87fa8606d67017b4e8592215f10665b66563,0.2688774155903325,51.85
7b50b6eb101c70f803f103de514b5e024ad968d7502f26ba0ae684d407868f03,0.26878768187181445,51.84
1bfe52a71c6b2d3346c43d6c90ef9c8e42e6418ee53096e3a4ddd38327c521db,0.26866793822611507,51.83
93b0655a83c09a9bf84e28973510c1820c234e541781212788dd3ca92f3ed93b,0.2686288098834202,51.83
1cc9e49e064dd7d0346554365c71b6a482d35aeb95407123b942419b25641f6d,0.26858515626287416,51.83
2bea060fec1c888f517673553da4d38de9bf78d6e005ee9f82d683065ef0c96a,0.26849088698608975,51.82
43df7a45d3dd16b41980d535e2f6c5c9f1e762930601b884a28cfa7b87eba7a4,0.26844619965827854,51.81
a0680ea837b118fd58bc59251e699b394d035af331390a9abbd16a787ebc2555,0.2684757447649402,51.81
25f37a73d16684d0bc726fbc0ad0d458034102cc4744a3e4a22b970c7db3450d,0.268457113751248,51.81
a053599b2af7eb3c3335713ebdc29f129f03f51da2fadd8bc75bf84f391be1b1,0.2682882042591709,51.8
e9f8838258c3841d7a6f90056c0e011a80390c85a422a245828ebc9d3ed32e8a,0.2682829566901619,51.8
9907be2066af0ae9a352fe66b81f737fbdc90d34c1864877ddddd376eacfb6f3,0.26826475117724485,51.79
4e56ec99e055e47dbfb55de5fc5eaf89411e7fdc350ca36de595f9c776a47d89,0.268184467257911,51.79
a0651a51e6f27fb5412e4301997848bb1477c2c4c8dd5cc6afef1f5ece719313,0.26818059119059845,51.79
7ba24a5224abd48ada5352310b8b89fdfe89a9f15ef02851e4c9f3ffe1af2e3d,0.2680896636965292,51.78
0e30f408dd11cb98479b047259d4d9b05a9ea240eebf0fe3e54100857976c0cb,0.26816615463982196,51.78
5cdfb650f913c10a4c5aabaa4460cec8a98c354bb62a927061686f1fefd1cc32,0.2679868464337074,51.77
f6fa2609d174cea359305d79702376fbb9f8b6e9057a218400764ba59b9d9a25,0.26802510446565087,51.77
a70bbb1e4de77d999a8495873c5f7771acc210be38cfa1884732d1c29536ccfa,0.2679775972790793,51.77
97e62bfd87d1c0940e830d49ac2b77c70b409049510ba1aaf4056c3dc152e57a,0.268005142906216,51.77
7f0f025bb13846a9af1768165c8789d50e18405991b87c0031e30aa0cb79afd6,0.2678612694170661,51.76
643121f9cd81abfabd92ff6d44ab8a83e567842cfa8b39f45e583938e00864dc,0.26782579220984115,51.75
c534f226835e865a1be9fdce00b8709012b79a8c6fab1fbda5ec9a10f6c4453e,0.2677575688539028,51.75
9e555753769dc9724bce56149acb62b4a73eab52cf4fe1e1f1055212c853273d,0.26769446111636724,51.74
e77e5f27c9ef8d3bc88e8ceac5a76ca37c53c8fe8f6543aa6f6f28c351268293,0.2677543211581328,51.74
b327b5bdd7298d78d08b71b2bd440b2e4389dd26762a34d9ec0802b80962572f,0.2677421194296026,51.74
426503648e413b2ffd25280d8e335d5801f03de1d3cb0ec8f3491bab3f605a3b,0.2676857541328469,51.74
6a73f3ce59506141a5558eb0fc26251c2f0a684fe8909877f6f1db35cd8eeac6,0.26763112276389356,51.73
6ce9299ba46d79b0fac3050ab22d69a2ba3340a947210dadde48ff790d596f00,0.2675895775099467,51.73
cb54411c2d4aa98fd326178454ed7fc2e014158784124c458cd12970df46bdfe,0.26753881378108263,51.72
c74b32ca8f4a902b0854ac3bd035a8fcdd48c0af84584452eaa67cba6d6616f4,0.26735621843016855,51.71
48726ebfa00b05cd416a3964454d4025326b923f51f22b19b8ee840974f1e596,0.2673200850434549,51.7
ff9e86be5500616577d02cfcf170cae210ee2c89984628e514e295535b541c8f,0.26723437245842446,51.69
ba139599a0f3d91926c88bb88641e49b591c173527c8d60b8d6a47eb3691653f,0.2669971957517128,51.67
c9e1f93d195aa48dcf42997aa23c4e64223f57e25f860a7056075f4ac7c3a17a,0.26686069828348646,51.66
e40828712e2ff80dbf178baf473ee0accd413bb225f42f66798c58ed28ccf85e,0.2668266907127722,51.66
576f0d37287c46a685417f3a61f8d831aafad8a4b0e3ff1fb48f54e256232574,0.26685108586952305,51.66
002f715773da79d70c20114d645da2ce5641654639ea6c32967886d546d9a807,0.2667642645129112,51.65
f1c8551816faf06b6c6e1e1745ec624f95eae13ea1a71a8b1b6f58676faedd01,0.2666455063970768,51.64
128bf18bc55e5df39a9580581e7efc74fed4b39ab73c72451659658128daf848,0.26665273360443714,51.64
8b2cfe5c700c30cc4a104eee7f513402b2ca1823bf60166b6598dbad4e611bdb,0.2666581756594764,51.64
aa0c89312ddb41fa4dfe3ff85db48b0947f6e253e39b0ff978a5e6bf80f54584,0.2664859288101729,51.62
8ef2f4da89969c356c03cb974bf78f4b90c9a19457e919fa0d5ef7813778a91c,0.2664457802035885,51.62
a87b41bcf4324acdc52de352f655eb6f4a3c34e974636d20207034a98d07c86e,0.2664858755162685,51.62
cafa0566608c21a5c3f06066419a9a935f06d4086fcaeb0195711b33cb6bf980,0.26624440886656964,51.6
adefd71c2175d53c3460511eb3aeeaa81d5ca66b467d76ace8e781a864cee956,0.2661399943802016,51.59
dd2e9adc5e9effebe8c24019dc29283373ab28ad7584d60c390356684da47228,0.26601375179294595,51.58
ae1c7ffd83b424be921f6034e12e200d49e3c3b3815289940fa7ddd0e946819c,0.2659823900342055,51.57
0ec8d3b80d6a1ea492e739b838a9c3f931aaf06d32d9b1d3d5689c2959335a49,0.2659505645589887,51.57
ef99ceedb2b86231200d04087837ccc749eb5712ba8e0330734d891818fed347,0.2658473308097737,51.56
978c2d181f6a30dbec5b424e89bd51f879fc8713272dcdbf842fc27cb21d926a,0.2656349820994545,51.54
6c1e7b452efe04cd903d60d8b877e0fe5941c58c7f2ca6aceb5563fe261fd325,0.2656297704875167,51.54
397caba0e38e0a8c2e5e58ec855d473150af4998f1b666fb03fb7103f0017c50,0.2655950322638432,51.54
0603689a52dfa04dd9aa5372151b94c8b718935952d587900c930fae8497c3c4,0.26548001456779813,51.52
4118d3d92d3249e53badc266d9df7d7fda7a914ccbcb6e436ae1c251741e44fb,0.2654507961935653,51.52
d477f65b60363bd9652b41e25ea4b19e894dbf0575b0fe58ef0e8f999197d71b,0.2653812106464784,51.52
65aef04fc875bbbc505fa1f585dd431dfa23eeb69abd00401392967fc9ac5425,0.2654083639534366,51.52
bc6103b12a963485a898144aaaf7a5769a33790c2ce021bd75bbcd3e7e4d81c0,0.26537729243407965,51.51
33f21910e36c742e2b5187ca98597cadfc2640278f7766e0981bc1add0614ec5,0.2651939121191687,51.5
6b294dca46afd3c9e64408f5e649611621d31e36e68708b93c724804cacf55ce,0.26526009264505407,51.5
559d0caf1c5c7ebc149fc9cf3c2adc402eded0948acac6a73ce36a2e8cdba646,0.26518662290223677,51.5
a7d00fa0f21ebe12892b17970d815b4ac6d2b005cdc7d5c69db12c1fd66b4e92,0.2652141128396085,51.5
08402c43162c68b4ded039f06280ee37f6f69bdeb398d1600bc04ac8befc18c2,0.2651715925401296,51.49
7e9aebe01073b6e7ddfe0c3d70f10cfd327e832b3f49c96e40e28606eae1feee,0.2651430447025286,51.49
fc3b7d5d77c67aa43765eb83457563c0d3cea4a7036a67e1db9097eed778775d,0.26512128142899494,51.49
13d28fdf2c587fcaa9d8c6664956ab9a594d2b05a4e65b9d706a4d42e2b04119,0.2651627182048763,51.49
17b2727bd4f269e72a97c13eb54e3bfef058566756801a452708aae103cbb7a9,0.26505862906284317,51.48
12002a9111f78aacd290d8027f6aea1dae5ee98cb7fc381872cfa2ec6aea5f5a,0.2649849814665454,51.48
8bf46a10aad0d3d3ffc007b746f2c2b46381686c6743690644fa9941f7c09446,0.264971788926962,51.48
dafa869a99aa07673fbb58ef5797e83ac6bec6c1b121c68b29953df81cf6121a,0.2650510188900388,51.48
49f2e6a848a71fc6461423fa26cf615f04303877e57eb4f45afa38350c9b064a,0.2649963575465789,51.48
eab576008c76665f4067c542976574bf30cf216b2c0a2306efb849035f5c5d39,0.264881014197321,51.47
92ea5acffbb592c24d52ef712db7bce80b2e864e32dd46806c433719a192dc09,0.2649614621204752,51.47
faed3964b8f1fe7ef9750a3a86caf76505ff00f1930cc8dc0ecf0508c1ee3df0,0.26494522272429605,51.47
2837e84fd50161d738fb4b786c8dbd5029a5ff9bb7a37eaaf2894bcd03867c40,0.2648346350832874,51.46
9265e42c42e01d704794a3162b5a167a468a2a36fc57449f21b550d311a5956a,0.2647765469445672,51.46
09899864d5ae298f55a3e425b297eab9e92c3966510360ccd585199779251d65,0.26479088200657264,51.46
8c0fd539dc98ab3e7d0203ee3f390c2fe866acdbbe538f75b5ae01f2f1dbece2,0.26468757757509037,51.45
bc092a86810c27a47c64e9b27c21ad5087c65818b1bb01807d3b59e531c527d7,0.26474360449018675,51.45
78c5f3658b0d8d844e8cf298a50121c101aa9c9b881f46c060a35282bbb1ab6f,0.26459258890544013,51.44
53c192397e227c8a5232e7b40b596492e55174bbf09aae750d4198c1c6d7d3dc,0.2645629309959807,51.44
3286e63ce3103a148434c351facf00d5860f6c23f7f250e60cea0c1fe895da4b,0.2644715403495511,51.43
dc8dd8be09fdea8401b1cdd8536d222c0d117797099cdb75a788fc804c986090,0.26452299392578577,51.43
e28b04debc2e88f2fae4d7802a55c4981a2fdeb5daaa53fa12803f468b7e62b2,0.2641872489510198,51.4
f35ab709f54a6454cd22dae480a28612ef6a3463693ea077d4b41717887bc358,0.2641032085492993,51.39
de2d3feb7166a484bbd88f77ce0d29d63bee490b15f4ba3facb795da9d614bf9,0.2639477109946228,51.38
bfdc0bf33c3a986c207c1054a371da6d3ac475f522b4194db6ed22aeed0b3f74,0.2638920238153053,51.37
b672ca0b63b7286afa29475a320ce3caf4313f11166c7a2a5e0a20a79902947c,0.2637366343126499,51.36
7772bdd7828e22f7c56c2fd88442d38598f1137f8f384d37e9c1bfd29d316e0b,0.26378776628767947,51.36
16483c396f001db9b463eb33baf0db0a6b79a79bb624e0476eab2b8fb9c8dd92,0.2637237533210514,51.35
ab8123d76a04e9479e80ec001087395f9572bd5d898f59b7a2cd61fc1c209865,0.2637033244953599,51.35
644351343e49787d04fb45aac97c1b11a71de50dab9dfc4c3e7959e9e49c51e7,0.26344912594534503,51.33
cd04a7848aa30dfe2b19d030eb9d9a9a0e0bb913ae4fafa63063ddf78a28d119,0.2634987975132694,51.33
83d1c8bedbd667787a9c863b86ae98c1f91a5caad89f2217caa6466c1d977f2e,0.2633426567306901,51.32
2fe4cead3e3211fb9db9db74f4e96d5922cd39a4c60ef205bcb911d3b5434cae,0.2634102386015855,51.32
af44db94e64885f0f784cdee9b2cff8e44a2bdeba1eb224435c62ee0bf8a1ee9,0.26339867831663566,51.32
349ed52e98f97ccd62763a8734b236f5d139f39f61c314ef70e73df39ba79b76,0.263411173757171,51.32
b901064321a9fd97fa2f8d22e5d13d92558cae8436a6f224f779dcbf5ba43bf0,0.2632657130929197,51.31
ddee6fbe47c6adb9893256cecc16911e3f3fd44b5de28f8d3174a9f3ac0cf72e,0.26303718115312597,51.29
2deab51ed8c866ba9cca4900f4d82af65e730267e2183d17e6001c642e1544c5,0.26308760634581513,51.29
542f2bebfe63d94244396035bcacc4e4e225e832fe7260e55d836081b3956055,0.26297587075057455,51.28
4ec340b1c60e71e545832db4c3dd3048c8416bb2cd3746e088576b4ce407c0f9,0.26298114055711336,51.28
9bad67ac7250ba3847e14fc51ffd9d5e6a4f323bacf997b50462ac402e99258b,0.2629531715115791,51.28
ecccc3f45304bb3ab44a524f059704d7a958f9a2f7a39266b10d8ab87cbba0d9,0.2628164214233633,51.27
fcb0f7c5b6e38addea0eecefbb61212461b6ad268ef4f1e818337badee8e28a9,0.2628895566691928,51.27
eebc2d0e3abfb97933b27a6bff6ddc4a7db146dce942a9ac8b2101d483ce47b3,0.26270821959874957,51.26
d9bbb1757a0d10425241bed05e71f319600e642f64ca7c0c7e00b80bcfcb4cc2,0.26253314535670397,51.24
cde517510ca2bac6169bbc450d3d81a105cd5fc7c84c6d8886141cfb7ed50127,0.2624257277148536,51.23
918404e5fd894d7e35c7d3964504e92dd6676c16ccca062559c02dbbfcdc914d,0.26246966182079184,51.23
1248fb15b63e41c0448d70dc63216d17d055319376a459ac0d2988b5e8ac2e93,0.26237499264948483,51.22
6056241d739b241b07709446ca9318907c49d577e68b64ad131c15a5cfcc547f,0.2623945921377274,51.22
2cf2a162031b1a498c8fbdb900a1136a816158e6b7b403267364dee806804034,0.2622167564901757,51.21
3ecedb05d63b31a7afc4835de5b81a2c908bed374e94d6f68f1e5c175424244d,0.26214686237680457,51.2
9071443ed5f7705de205d037173bb218e9dbd68167bcdc8e28dc3957bb3ea787,0.2621634939114306,51.2
827e5cec01c59d808d431fa3292cdfa263db86112d7afa78a11e4a4df425b185,0.2621373002772706,51.2
af3090e5be2527f03cb4149ac7f226d92e909675e4e5b3be42c72487e88cd4be,0.26206492674494747,51.19
2bd8e9421ec0a4be8fd52e7d9fe8d3039c9aa5c36c12a3c148b0a892c569e586,0.2619978081856758,51.19
af64eefc78ba3538736e73c7f2844eb2a482dd843655f9508a7c7f811ffb20e0,0.26191965508931053,51.18
42849d5f5c98dd459c1ada30f43fd89e5426ea0b29eaf6237e1cc0a3d4e29340,0.26184895007192205,51.17
22f9c220b19089aa61e784e2938e1b824ff599fefb795667b038d14820862cd1,0.26181639475266527,51.17
b79bb48c30f7077b8058f23cfdaa72e7e402e3acbae2669b8d95be135b80dece,0.2616841607943698,51.16
df1541db01973b1e9f2b089114fee24d1314215cd979bb9de7c1bbb3a4e9d18e,0.2617024147446564,51.16
78fe77bede2a0a7a20d0a8f45b33e9ebcaee3b271fe6028faf42717c084f405d,0.2617000437146278,51.16
7068ce4ac0b2c04dba5f8b55fd79a42f9fb1521818ffff56c264469b7b35b3fa,0.26176461579032145,51.16
1150437c262226214a09a8da4686845f96785ce34eec7f58753a099cfffcacdc,0.2615697129784079,51.14
e90e8887ddae72413134bb73eb17ac8a7f44bfeb1e213bde1cb570425de0f5a9,0.2615520494647686,51.14
a3efdfb34c0e653680ea5636c7668356e678fa9bf49392a2636711de0469d39b,0.26153415218636267,51.14
9b2e2d457c521189072732f8047590555e6348749e9323a207441a27ce4a51b8,0.26152820140414507,51.14
a1324f463ba5233d9581352f99e8011b0ff9dd505601bf04d0d42cf332fc03a8,0.26153552640970923,51.14
35c0cd03e348e8e0d4336ed159e40ea639a695c1f3e18aa70aafa6872fb0a1ea,0.2615229690079149,51.14
1481fb938f6dac0c098798cba5e4e4e5c298d285751a9d723859abb18fb2d4ac,0.2614778366124575,51.13
a90b93b42cf57da6c45ea97186749e85e2c3d14d530202a369c1a15fb40c4378,0.2613418229857521,51.12
f9f1089419705755911694a34d3c4ce7ded18b821c54ad9ce07cc1baaa9fd486,0.26132339580008174,51.12
a90a3eed84d0bef42e4acf52cc7659f0e84a1e103b7402655f377b8a58510e3c,0.2613432335998748,51.12
fc9c31842c460a72518067475d26530a9e3ba7ee509b2df952bd3fc29b406cda,0.26130544899560076,51.12
5c4e0371afc9118651669a571a44423dcbea33aa0b6a40f20b470e023628bf31,0.2613621946828354,51.12
e6a93e7d729397d909fa81180b22fb267131a15022ff9e5cfa54d4da5cd4a829,0.26133912328177294,51.12
5372c70a73ccb8a28e8e8011387f5315234bfde0200769b320cd7cd608360ba7,0.2612077316854473,51.11
6c53e3bdaf6eed59dc385152dc03dcac517c19a991384abb02063734d2f9b4a8,0.2611817895275746,51.11
82d290257214238c5dbfea914a286c6b3f3cee0d29d08f4b10d7ed2b9a862b83,0.26109340942032466,51.1
9d3341c76bb618bb654190cc10c78d7478752fb53346633a8391068932aabfd6,0.2610888396311619,51.1
3411f8d8aeb56bc9971476080f28b13234fcf2fe97c2d45ce965f80bf6acbd89,0.26115775476717196,51.1
0c851967d9799ceeef54ee88ae748c78151ed5b39befea24d108908ee9483513,0.26107120854575616,51.1
e8750041c05a04c6d8ebcdf3fd78c198e942a76cbac4e6bcec3083772e1590c8,0.26092191876743104,51.08
628510049e61a12d0546b5373498af5ff784956ae86ea50c98563ccb3d39ab04,0.26080926083747447,51.07
eaeb32c9264031516fab6dc15fc94c093d6b7f41455cf1cbe06a1a48bd1348cc,0.2607944953397385,51.07
d2c0b0331ea2ff062223c8c7e83d433bbc7f25804acf423bd08eb39a6f18f143,0.26076518293373213,51.07
09aea529685506520241637c1e4e02f9a6a3ad730d3dd24bee31e7cd72a3fa76,0.2607545759584347,51.06
a0841d620e2ea36691d24884c93b5ee23cf51c80c2ecde1b352e1dc8c93e7aad,0.26071734279986325,51.06
e4afcc0f60226e42fd4091f84634a65ec8ea31158a12be3ec86a8085d67a05e7,0.260646510791174,51.05
1e1e79f738850ab3c37b9422511ecf752653a9337271a302e521879b6330da96,0.26062670664342286,51.05
24a87625fe3c386055cc2327f13b4d113be6b3f1cc186d9979d1a28572013b3b,0.2605512683428667,51.04
944d5ff63adc461bac0511f33c1fff6c1abc81bf7efe325604ddedb326448313,0.26048908646892943,51.04
2cc6daaf1f779d3933a65a7f3c0482b6b6ec9d614a4217166066f16a08372ca6,0.2604802703060523,51.04
94ac780c0c5ebbf85aed432e10b635f03c4a6f4adb4c18d6e3fedcb773fa1aad,0.26055812699960657,51.04
178fa68f943856eef210cdc65701038287e126afddf788eb023ac350ce9b8991,0.26042573263686164,51.03
a265f669812c6fe86b1aa4bcf04d616670086596196001f23abda3af0a00f176,0.2602543333174714,51.02
d0bc7ec3eed6b79bf5d88919c4f6ccaab80135f441029a6ddb4ef81d2e9fcfe6,0.2602324329800318,51.01
6bf8c33ba97f6fff92c278e9503556bd5c8d7fd3cde49141bbab58ac6b1a248c,0.2601864717288477,51.01
984cfe41a8bd3b7cd6efe4c13a5170d176858fa280de304314308f5e56399a01,0.26013920085474296,51.0
a0c242ebc1c90130c9f23dcf01e642d9ac871f4bcc17389b9213b322fae602fd,0.26014464251707387,51.0
5be5d6f90d68dfadbead89248afaad886f9397ad2389d97ec5e5883a9bc64818,0.2600766499925159,51.0
e04b821520e34044f619453c031a5b115575c521be102c1ffa8f1a44777a7b87,0.2600653419118942,51.0
6b894b01bff9fcf02d0f4cb039fbffb570c433cd0ecdd41cd5c66d9db43c70c9,0.2600217772035164,50.99
d00d9c96937f46d8cb51700a8185e1be484ebf400c1f9625aed7510f5e4b39fa,0.2599800379464552,50.99
1e2aba42b45f6ac99d94140923351fb44b180c321c31810d3460afe711195157,0.25992576680486257,50.98
0aae92ffe4271a6b202a764946f1d24600320c48519454544a58f01966863b21,0.25989735793542923,50.98
78e03c856c4566327a2f4038db3c4b54e828b934ecaea81beaa5e4c4337fa7f6,0.25990009617583854,50.98
63d47c74fba3ce95be34c98336bcf045dd7fd5565a1d152ee0580643cd83b369,0.2598781844359376,50.98
d9939d5386c7b638db79cb46c5ba4093e14b04344598a27248bffcc575224523,0.25991841242581365,50.98
edccbbcd0f346caeb347197ad79d1d41abe7fdfdf936aa5f85b09b5ec6a28f22,0.2598772685249848,50.98
3ad4b26d9b34dd09ad928fa06475c65c495369d9743dcb6d0391bf77cd38fd3d,0.25988360899041185,50.98
cc414ca017a0dfd41e05779619f5572e1f8a215ef6865a76525b37563f8a4fe1,0.2597497141768626,50.97
944312ef5a3a929ad30fba55648faacf192076078eff4de963dbce9203373af6,0.25979509522147987,50.97
56174340d979f95fb33c8cf3a14ca0ec7b854f67b352176041b6c6bc50f6467d,0.2597991150817655,50.97
c023635f938adbb83184cc8c2af7d6e8b7590c9538d9e816046cb22442f9edff,0.2598230519569751,50.97
b1672156b863f541d9481b390737c95b8447e2a97baea6cdc34d5e9088a59cdb,0.2596447615362636,50.96
898fe5aaf9f70b864bc55f1693d4d52f2ed9acecb747e172605a1e10b527b91b,0.25964787950201595,50.96
67db2f61ce38e470783d5bf8de28cf4cf7395bda0e2477a2cfe8f97975388150,0.2596999373645473,50.96
5dd0289106cff871907f2117465caccd9516ddc8b22c17b45d26b0ff2bddb381,0.259607623283772,50.95
e9a84c5c2dfcdd6ec3b4f28b4216ca7b0dc155582d80e4cbc037de0543b9ad72,0.2595709474279347,50.95
a652632a06e01bad3c14a954afe536f58d7ab17d59b8ed6eb049bf00aede4c13,0.25949502375765154,50.94
eda241ac94b804612a1688f04dc2956e7fffa4cdf1f09f52cc6fadd5e517013f,0.25951825673040796,50.94
5cf88c5c091e30e606df63d7655861ee8f05391b3c41375e05adbff37c360520,0.25945757740716013,50.94
6d22fc2c1d1d0e5002eb97cc6e8f01433ac274c35235ea21ab4e9765c300a325,0.2593734668292416,50.93
af382fad921f14beb8feb2e5f752aaa81c756000ad7008be15c8d93c4ef85aca,0.2592706098262788,50.92
834b019670d06e4884e491732b89d4cfbd5025169c2dd7363c39849e55e6c9eb,0.25926912145914094,50.92
1b1db44b89abc6c4399d988abfff55d237f3eafb97a1acaa03bbacefd8b18b12,0.2592275749388694,50.91
a55f076c44025d1cfa6573f6a3a59a8758c6d61274485f52c11dd4ce69e83acb,0.2591929466298296,50.91
b7edaa3546c3cddaf1214ba76f6623ed58c115654bb4b55c78592adb48c64489,0.2591517891888574,50.91
f255005fefaa57564331370cf77f38b2f8923bb8341117c6c949871a509f6fe6,0.25906743296267876,50.9
5adc13129c2920ac88f28f47d6761d6964e3d37fea25e2b90530998547dc66e4,0.2591239669805281,50.9
c2bba86bd5703ab230f69cdc5a064d85d3be390c65dcd25fbe3c15a3b85e21c9,0.2589313660798747,50.89
1fdb07b3daaaf996fa1f89e297cceb0d67f86df30b46415bb46b6f151a920950,0.258867332357543,50.88
428befb941c411bcd5bdda9cf20f6c0d56117fade2eb3ee17705eb372b714a32,0.25883999955834247,50.88
debc724ac27972576ecfb1c27b80078c8acb2cc0d5af095f50ec4fa60a9fff9f,0.2589023805469132,50.88
5db5f66e7036ca9c428812b2ede2ea9117ec5676fbb8fd454328e33803c5b50a,0.2588694425315124,50.88
682e41749036dd22d07b1399d5c51a60e330363561bff5bdef628aad8f7c7665,0.25889613293528696,50.88
28cf6b18dadb40cfc73d20f2161e04bf5461606615010cd879b009c6131e48fb,0.2586424915007876,50.86
16e1ecfb6ec321989dc9840da2ac324d121f1935731a01d280c0507c920023c4,0.2584011898904369,50.83
928f1d1c7ed56d9efb2b629a5b4dd50b0572e57f887d8844d53a0ab4aed1ba02,0.2583616833422944,50.83
93175a80d5277639e725f57e5b67cc24648b8f99adc205bf74cf44ea6d0c29c2,0.25841691993229715,50.83
8d77534d57c26c4a238f05cb1d03001a8d0ad69d3a2c8b94eb946fbad846fbfd,0.2583068183572014,50.82
efd7a6f9e48f9cd917c74136709605fc276c79fdd21f61164470400a848276aa,0.2583117699516173,50.82
5217864051de0137e7d38a23b8a26f62da8dfcb0eeea44ee1f8253d04c8eeca7,0.2583157497452728,50.82
a50df5140178369aa1162aea2b84a3c2fc1eb8111de60b919a7730b7c8791db7,0.25827606848466744,50.82
6839e3ad3fa727e51a192f18a3e15a253fb3e015bda92d4810f623c9d355e450,0.2580436391465654,50.8
72bc92d9c28d02a111508b6a03b4e67af3120a356f1902df5e64ace089bee183,0.2581066322430181,50.8
e4437f0ae77d06f37a84013947ecfae4cf9b1eb9e8c75e36554bcdbaa7b0f765,0.25793251263543465,50.79
717ef25c6700c8fff0683b9a3fa6aaf81309daf034f702d84e48a7bf2731211a,0.2579386510268676,50.79
a53eb559ba5ea7d23e3719b24f77bc0e3629da3252cbbb18d88ed11e3fff4e47,0.2578989395013426,50.78
2a06860c7a80382aa3ad2a4feed7db5efa3b9026f194656184e99162c867c3f2,0.25789396089842304,50.78
5c0c356369d2fc2a6237507d6563e189da7dbd24cfe37d319d8e3a43a86ad3b4,0.25785798828972234,50.78
a930f0c16b60b474791263e4bc273e8dc77422efee56732c54cb6948cdba8910,0.2578438638283006,50.78
488dedd494a5a9e2aa9c4c743921b6e851552e26a3cc96412db4814a1e9a556f,0.25778373102008656,50.77
9499888b1d0ccdb368d695c9334b0721d68998e7a13d3e98b821c05497c3911a,0.2576561252236724,50.76
2fff64e00ca30f761869cce67ed4a97882804a9fb0d498ca03233fd1b26ba3c7,0.25754345475622453,50.75
460402e3c8664a294d46f4858c3c6afb47bd66d0e87017420bd5665c6d7d6557,0.25745699912983133,50.74
74ebb061e5ca5e4c1f2d3788fe065fab6c9dcea1432ad32eef5245deff882135,0.25741102705947894,50.74
4f860bb9bef75ae7f7702233e817291a895e6afb700f59a618bbf4142e38c5fb,0.2574518690778255,50.74
ec4231d71fc1f278ac5e35c85cd90e608e750daf47ed6d59456c5708eaad6dbe,0.2572627441560379,50.72
e3d6f0a3a9efef674f53984f82f347fb2d1ae3c5a4f7c517c9385685b10e82dc,0.2572603430228851,50.72
cc80130650ac0882cca1ebfeaa69f5743f829a6fc2d6ff7d92b5c54d067ac3b7,0.25723496043984206,50.72
b8ddc4385c155ba3b971140fc19d040e02512e49404294bfb9d2f218ad31f910,0.2571674519196463,50.71
dad6caebf23cca4d98604c131e24e9e5e93f0400eb7288821c87002fe662510d,0.2570508416739473,50.7
6fe987766e6805452f629cb9b6f47853306d23be3e61a01d8048f06fd2a88e8b,0.2570391626753945,50.7
32e389e937c7b92d8414d9ebe09f609e41d6c4c7bc5f10ba4f22cf8537dda4a3,0.25708237960786884,50.7
0ab336a23e0f339962c3d9d495546fcb008d49e2e33f2478a1203767c57b75c5,0.2569051875835822,50.69
0b3f2d1809374ff77502cc6811a8855842d7677121116fcace332a89475d41ea,0.2569198463603897,50.69
315d20c8e47a36cc84b84db79d7044b1afa47d04afa9f9588e13ba3ba23b1c94,0.2569378790563944,50.69
31e4a9516caf45128da81813f05a32a97e5ffb8477b2e90ee87ebdac087ec7f8,0.25691533017571755,50.69
df6188c50ced83e4cd721d6d7e02619aac7f52275aaedea635314c6b1b41348a,0.2569305826926459,50.69
167643fa9b1a72893a3073ba0fd7b486f8779538b40bd71842493c80d4ec5a67,0.2568020782355614,50.68
9a2d0d20001d30e34cd966da3eb16d0eb31aec102e26a6e542e6572916ffabe9,0.25685438718099257,50.68
eb4dca65a1d2722db1ade0eb2219b8f85b28490ec91a716c7f5a91d8a146c4a9,0.2568139559300722,50.68
2b6e213171f65b2cbcd3665f5de9daaed7153aec4893b5fa4c3d82d6f51233b9,0.25670459163286347,50.67
b499bde149ed4ac914864b16ae2d66ad77ab441bc58d22e5cbc931d4ac651f87,0.25674492825727663,50.67
dbce96d6adda67c9c19c9b431a9183b8ff9ab85827a635afc3de55c8a0e84bc3,0.2566953836594887,50.67
ddae0baf7898163f8eccb886b9c6494ff83db8dc2e4def23224fae52b1584261,0.2564929186652935,50.65
827b1b8d63918444a954e51d78030eba8d1cbb2dbbbd0e8c68587c1320056b25,0.25657970348672987,50.65
1d270231861f53616d98dcd9c99362768c64bb527f194eb423f04d8647699987,0.2564944964887365,50.65
7b397e3bbe58e6bb3dbc825a8a4fb02009bbee8370fa5f32b291ee23b200646b,0.256530559554792,50.65
958352d31eae325816841697e26505a5869fa4d84bf4e9f92ca9ab5c66bb68f2,0.2565348991365674,50.65
cd06963938d804d8141e862a3d6d3b864a73bc5efe9f6b5f414cb8d7a3b08ad6,0.256462175400912,50.64
24188c794688f2f9f364c2294d6f37b65f068e612abedcc3b76a53f374178d81,0.2564803075046907,50.64
9154addcbf7edbe91d91b699284b5a1a6bf665be27c7ab4f86330f15668584b1,0.25644627467782743,50.64
0bcff51fd47e21d74a0d00514c50335e76c7bb3b609a81c965a5e7d5601a94d2,0.2564128285840614,50.64
781c03d3c4ac3a6c8eea67421bc7964b8b4e4fb3f25043648d5c9f604e321ffb,0.25637196914302424,50.63
3c141576bd62d9b3411562bc95a767a7d5e97769cef5fbd9c8275d5d4c1c0cc2,0.2563491656871535,50.63
4b1a5915ebf25d875b84925702b506197ffb7df354f08833b43e260af76c1744,0.25628010536956397,50.62
940ed81212fd94acd7d425441dbf87198b1ba0ad865b3470efdb886a002f0e93,0.2561578717649262,50.61
fb54e7c6a2e071cd2ee8dc26db0744d0999ffa6d2d01f3bb0c71a030ee3e1948,0.25599176803550694,50.6
09811ff31e395939c33ab7059e88839dafa3549e37d2cc641684b1420688d0a2,0.25603242131715875,50.6
707334393fe92535c84d704139a8a47ba57aeb6a4e4205e01d26a0ff377f477b,0.2560158288782257,50.6
70ca0fb2d87f366b25b0a03764c814d4081344625d30ba6f8b4f5cf0e3302c9a,0.2559894504690818,50.6
977785d915ca650a9d8113eb78e81cafbe8c1b4bbc6e918116a0938414c55642,0.25590626422235513,50.59
f8bc181f2e3cad3ab0f684b49d2c08b66d84fd693e40c4bdea7e607206834d32,0.2559698152561998,50.59
cb2e51ec6b43c22992f35176dad20928101b592ddf462a7592332a504345efa5,0.25598335046889686,50.59
fdcfeae727e56681181447d8cad8296142dc5fb10a610acec85372bc830615a8,0.25587089265859575,50.58
5df75701e1a610c4288da5515922d020e897a113937d022bf9a0a880a4ed109e,0.25588005536246106,50.58
c897d6edcf5355d47e9b929224a5f75fc2b9e085d1842edfc6549106ab4c65a8,0.25586655559530125,50.58
86f1ab0f9ed2447f262945274be485c67b9bd8cf1af20d85d090269ea551add1,0.2556925920186618,50.57
cebaebb67ca8e99ed2a0bd6f9b0a004d17155dda8fa5c4165333f74939ef1869,0.2555984813454837,50.56
5e14bac9cddf693f29248df51fafbca90ee04a882bb901ddd812c6bd08ed6bfa,0.255603313011036,50.56
bb49c1f5e48d24cf7db6146eded9c04ce7398561d5cb73e08620c28cd0b5ebb1,0.2556338323525224,50.56
50c065929baba04f35cd7847ac1ad88f16426e385da5c490bf700352dd8e6ce1,0.2552802656783243,50.53
fed49fee42b9aa9ae4dd4449f54941a89bd3cdd5a4ed36daebcc3b2f3b64e630,0.25522022954735096,50.52
2bef1b9c54d174a9afa8ba2a3521ccc6c1df18d27c7a439a1d88a0564f7b77c2,0.25519355572397134,50.52
ae4ef0ffd71cc901660297fcb36af9a17fcaa9c9f438fb159e2161d513c19e5c,0.25501994765671904,50.5
f6ff434e09440f46c7fbcf37f9529d8cbbe0d3657a56821cf1716a8811280e11,0.255043614153015,50.5
ad07a1d3df361759f964bb9a4a6195508e167ab822ba236c14760ebf70f3e6b2,0.2549791518661836,50.5
66a8c21583089a314f82a3bd028c76ad1b95a9894fe92591e3cb970c4db0ebc1,0.2548868434846812,50.49
b2525d5207a0080149f44c7be3c8d1d03916211045cc786e97347be7b2e0ff9d,0.2549174181110469,50.49
e74d6bafb9f87e169700482b72bc231d7ae0d209ece56aab326a454c0f90194e,0.25484898599983113,50.48
3fb77ac4b7f968c57cd807b8685152d4c1bf2fdf48b11cfb84d49d48a5877fbf,0.25485317392298973,50.48
05aa3a5060035b0e7ee9dfa07248a281c418507093a8078a40ac1258ccec621a,0.254701241267189,50.47
b2f9af5e0fb5df8157296a4abb29d6ec4ae94c196be86f1b12d34d1db2d781bb,0.25471121619153203,50.47
acfc865255cae19c258b441157e43c39ad17eeb40a052b5c9edbb5e9f43414a4,0.2547298600856001,50.47
145239337ecdae3c8a1b8192c1e21bb6e8a53b3b116a198827d8620e3fdedebc,0.2545756086062808,50.46
2e2560af8b92977f690a8da3cd3bdef680ad456e6104918978ff6e3d6068e6cb,0.25465562353786386,50.46
18ae0a3afb3d720792ce0a690a339ad653ae477c5d0b0478f6a670427e042bef,0.2544799870728276,50.45
877e56db24ea220b9d734440028197faec93446b5fce697276b97f69960d6684,0.2545003237514078,50.45
1af1223cfc81141e7b5cd23c830aab00e1f18bc5832f2c29866f439e3731f73b,0.25448210525756787,50.45
aaf26674ed031b20b2bc97254a18042d3ae577c95ac6ae7167e64cd6ced51d77,0.25428692543992937,50.43
2e5d751a26fd13610ffe4fe9e4fbfd9a286a0dcff5c3042e731518a66b1e15e5,0.2542876158122438,50.43
ebcf87faa9a4f7f1f3f258a955b07fe3b631f888080be74c1bf61cb19a2a25f5,0.25427748963428665,50.43
e38775a10cacfb62a1e6c6a5f7807542e2d79163213c0b3d84dfe897c5e7a2e9,0.2542596370025752,50.42
ddd5e200eef6197c94e3b1a0703b2508f62a388a6dc31e6d80a1f7252e0e4e37,0.25420855424414535,50.42
02f90d55f3d14f9cc3f6bf1cfa65b048308f4a6e5f96a0139bd804f59c12dca0,0.2541788935872794,50.42
89922aa116948197a38dc007be395b41e1b618f919d66b7a9505208d47276d99,0.25423565632865325,50.42
309e5d5e47749b25e559771661bb85da45ab0130f050fa25d3d466fdb67c7f5f,0.2542124513618177,50.42
a1113d2396f81d7756e348ee39ecdc8c7704f7a31f5757aeb621941d2972c1b3,0.2540801673139452,50.41
aa09d88ee08a5039215730fc6754c7207f2ee98ea1786c0ec8a4a29b12a9e02c,0.2539836776505885,50.4
7d284bf5467d561e17a6a968b2e28441e40566c392c96643eb6b66b2536baab2,0.25387619075475987,50.39
67b323ad58f3640073ce53435c030afd44d148c73b2c12f7ee4adab6d7cdf518,0.2539396747803392,50.39
93dc6a8fe1e9876399af0adcb4ab80232f6cf07d6aa7e0b93d8f5b2d6ccb6e64,0.25364647086660846,50.36
4a0bfbd8cf9095c2fdaabe6493e4a62d8fc7d6b4b723c0490c9d28f25e62c141,0.2534925742211717,50.35
76a296b12635338a327098cee8dd1249a9ade186c54eaebc09abdd94c20d92e8,0.25348029561092766,50.35
35cf641ff57d44ba595a7c8c617203ab4cf17e8f22776e46a797059e9c4cc712,0.25341463319458546,50.34
929cae1a54807aaabca30f1f91a2584bd014b76db362bbf76ad07aac2e72548f,0.2533689883299561,50.34
a6fb2464a244cc28fa0c354b2a7886b962f3ad480db9dbfe61344a3da2ba8fa5,0.2532409757721998,50.32
2d5d98c05912c69837aa3d6e07a397f79b41e552218c265c368d6b7f94d14a54,0.253177999507728,50.32
188631ad19de238a207bc22be98ca769bbbd5e0603f1ac082122e2ac64b049f4,0.2531090774351588,50.31
6451656aa1c60b9856bbe569c11c6a45e39786499ba4fcff775223022d2cab1b,0.2531374252713527,50.31
34b0fad00e3f3943369b46a70aab8eadcd07d90722e2cf3b328d710098b12310,0.25303505648795266,50.3
c4c79a98e59ae61d5a377e172850a660e1f9fc135625edd76a62b8307a8fe6f6,0.2529585884406828,50.29
09a9765f88e43f71e066372bad2a3238a481b75773743a0222dcb098c80a87e0,0.2529114972061851,50.29
8fa585d299935f6222d5a315c9632583a96f56294e2bdd225b0cbbac133d34d5,0.252866825525176,50.29
057c1e4b858d5106632420ccd787f024caab1f3f49f57c9fb6ef8ee80a6c2b70,0.2527964009127606,50.28
423aff78c4876c074df28cf4262d557bf13b4c5aa357d4941199441ede19b70c,0.25274612616829145,50.27
981d2f9d1ae94b691cdc1f81f23df38568c9997f4ae2415f5f72b96a69037bf3,0.25266368272387074,50.27
0950562f2ea36203a7f7ce58a23f99b6e1be8571b2dfd255279404cb01312b6b,0.252689027345228,50.27
e262c41fdcb8986c420a3f5fd3b73f603ad4ad52183032642ae816cb13261824,0.25263487052687705,50.26
894ce724f062e2ae72e13aefe90b045cca4ec6eff7f74a95b00d53f72db94fd0,0.2525982601045495,50.26
2450c8dee07cec8d9e4654dcbd8a2928fbed78798a287f808810da3b26d03ff2,0.2526191494075484,50.26
5186dad0bb74698b2d21a1bfb43c79b3f7078798103ed13cc0d0df8200c0b2fa,0.252511592932421,50.25
6f32b4ca94e2c6dfb67d4d6d4e19718f7c4fa7f1c41b8ba72435ccc7dcba53be,0.2525038429706631,50.25
3ffa27930140276801ff571a5003b36590b70697b33625296bf332bb256db2e3,0.2523701226830636,50.24
529dbf4e2c5808a71fc63da8eb18a03abb212a30037a32e11ae7c99fa61d2f16,0.2524044067596408,50.24
e961c1055e03822dac382bf0420e7c04e1eaca2d5e4c20c2763e63d56600f551,0.25230155014151323,50.23
c57ab68c3e2f0ce070c9160f8d57b38b4cd3e8fd3b4904046c97256971360294,0.252298961558217,50.23
ff4260098ee146389f4f362d1efe9c1e800ff78010f1e2115c987cba233249e6,0.25227349986185693,50.23
be826efae6a9be0449ac1fbd1f0d43cf74b037705afdfbda06a1a0be8709dde2,0.25232658797636776,50.23
916d11c28884129c36a1cbb3810d3a4dc783c4b0ce5d9410e614520fc9b9cafa,0.2522820434937244,50.23
3746f595b7c249e9ee2b0dd925a1bef472592d6bdd79d89791b5d397e42b1fd7,0.2522477487667747,50.22
1850f577c6fbb1116098a8ac907bead0a15a3727ba775d6bb590caca4c8e4bd9,0.25219798126417325,50.22
6ebc5ce2c68158b50c5c577ccaa9fefd0ec56b2ccec480c062d9336167ffd95b,0.25216316931751914,50.22
23d5ef179b081074c02477692053e25057ec974c66cc7c32612dcfd108044e80,0.25215121552840797,50.21
231fa14465173fec133de5cc41705cc572e0ae775a5de1938a83554ee5711e34,0.2521466505776158,50.21
97ae061f479b674fec4f49613f825d95d14486f97c85bad7e4ad9dee94b70022,0.2519880153042085,50.2
8da2c13131c3bb96ea4b7998fcb68c3b4d869ebee787bbc9a08acb51c04d6ef0,0.2519660924359647,50.2
ed37af0c51bd6e99d10f1a99edefec41d4834c8bedfe3fcda7f60256d0693817,0.2518720552478527,50.19
8273775901f65f83757a63f37ea4a002b046fee0223bd8e8054447a24dc8e5cc,0.25195295451016936,50.19
3b8f9839bc9be412cf570aada0f4cc4d9dbab9c1fef46d35f80e5d421fd72056,0.25189672373570315,50.19
77b2b0651879748a49f8e682466b4a8431fc1fd63a2838301dc2b2cd5293827c,0.25180371764030957,50.18
5bf43109298e3dd23f03a8cb7c719194f099fe10d8f63e351767ab26e72a63c2,0.2515746565678241,50.16
b96c2882c6ec0e87690d92c4cb9706c3ae03be388be6403d58a6a965167301b1,0.2515785913734051,50.16
5a80f10db51d3e4406da42f6ded69603deff60348f3fa7db264fb624e21c6b83,0.251637738666357,50.16
ceb3c157c498100fac132631b1dc744c50f2ddea161ce830ba34dc298fd52fa3,0.2514979966932109,50.15
c22b6f37f01c5af1abcad7325be99f6862eb077b339244db6dbdfd0224c3a6f5,0.25128450892870274,50.13
f3bad726ed57c14648466e677387018c1fa93d123d2a1f9a9f4c3344cdc596b6,0.25127252687877877,50.13
7605f8391d6b3a04263adae587a47a092d75bbf8bdb939f702a2a0a3f78c04d8,0.2512946216888488,50.13
72110d5b521ce632a5568466803b28dd373804fb6d9d27bd05e05ca4b9743acd,0.2512476973619739,50.12
4566dd2deaec31ba43825aecb4183f7ced94fa410b30f32d9ad0517b695a1f8d,0.25103145133056515,50.1
f1f540635531e6eea4027f889765451b89905a9b26f4493f222cfbdc223336ad,0.2509536849381765,50.1
abad38e7752618cd72c9f8fd339699b6ab89920aadbf4cc4d13ba2c8111eb2fd,0.2509001401056033,50.09
07ffbe79fd191e7921ae0c72932f617dff1870a98f3076c7d4982977cf040969,0.2508198777803797,50.08
1bf537667dc6a9a51268a2a9f7696dcfc6d5e03c4c19694761ad7eff2bcfb107,0.2508252146320716,50.08
5a829963e526f4b1a7ea836c6da7867fe87d481be69f9a4c4584f0b37e2d9810,0.25067328572520486,50.07
ba43670ee98ce7dc3fcd0fba73625c422c406720da817a7270ce714fed6141df,0.2506673521983722,50.07
75035aedc3be1c97596493de48342b9cf66349ab57aca7554bbfe2413e256d87,0.2506540104816726,50.07
d0c119f436dfb18c22f1e3872363c7d659fb7631c14b5c55298db789941cde2c,0.2504890034877365,50.05
97e092fa0e4f4ce313d27c2b17204736b71a4c741b9bd95aa6a8c65819620b1e,0.25048482494676155,50.05
18eb4bfc3042ff1ec397c9ecf067fe8e974ede67a8f7eecae0d65588ee1927ee,0.2504307597390256,50.04
8a826dfa067781bb40db7693db555f497da477d3b899d2b7b61c52f246060c60,0.25036819594384463,50.04
29ceed4bbd0e07be752e5931f3a468f4f85fb15b5f28eed734bfca5617ac2642,0.25028603658852616,50.03
82be119a66e80a6a346464160551e1279d42f488c4cd2fbd3ba377790d691679,0.25030255572815624,50.03
728c1c0a37d7b3f1ad7d071409b9bd9a78a800a7429a3ca1d114966c32507d56,0.25032999443203346,50.03
eda40d9ece79e74040b4e65617da88c85b23868165be9cf33e3929906a83d42d,0.2501566672028314,50.02
c091dd8be4410cc75109da6fd6657d70638882648c01968da5a4ed191889718b,0.25016272389929595,50.02
68049fcf96b4fe5020214feaef47704c8b60420fcb13f3c34c4130268d033987,0.2500639356939084,50.01
afacc079ee7e9cb102515934a64df77989a187d46b4c6878b3c5a5c23e3ba6a9,0.25000289077660026,50.0
fbafe00f7a6230d9ae62887563d410ab5c2dffef06992c7825319e47ed013948,0.24991507335165128,49.99
6250e57e3cd8990062e301a70e77e2ba29a6fa12021c38dbaf6cfbf98e4cd8e0,0.24987251978546335,49.99
d881b40c5b40767bf5ed8b3aca897222c819fc57a35c55bfe4caf9c5aefef2d1,0.2499495874355492,49.99
1db3da14e70c345670efdc4cb7338dfbaef0942e8b32ae46b1a6107a9d1f665c,0.24990853266562227,49.99
60b61800f5f53ca58a4707e09f6378fa9edc3d754aa954704a617ea006e7cbcb,0.24965379152803688,49.97
600fbd61604202d6d31a14d4bcdc883ec042989e6e80c1d25c8ff8fc76b9e5d0,0.24967909955289533,49.97
7d730ce5f24d70eec6f60405923047323d02c4e38b2bf32457ebefca71df2e45,0.24963109167430864,49.96
8b456a9f8aa1d3c29f694bc1ccca691d9479bb10bcd0a84efdb8d73ccf43c56a,0.24945717019960054,49.95
ce90b71b578f8346673eb1b33bc74bc7ae5ed455f1fab239b60006b0cc8f2abd,0.24946826911849143,49.95
0b07a25a38ced3fc715f6520ee005ff18cff93f4a729feb46b57e380655dc73e,0.24954549167495219,49.95
1e1091be3abf040f928b827142e38b138668a35f46105c1e08ede061696480ad,0.24938066393500757,49.94
cdc227ca92d7a04302acbd13e22ed9ffb9a8a1afe38e692394cd8aadf57c808d,0.24929662313246495,49.93
061461cee0a20bcc777f278611a75fe24ea9047df4ffda6258eca338495b4bb9,0.24930317616666925,49.93
e44c6366cf1c3d5ebd0cf843d84a40593acb482346e3e338dbe1aa38bf900c64,0.24921997557126116,49.92
84d371a70a5b571272a18717fe021253c5c96cb1a3b05d8018c46510120b3ecc,0.2492418637979906,49.92
b98ebdac2baa19967319f538f12a56e1b40304832a4127d7830afcc9c638d234,0.24910765772675741,49.91
e5f571d7368401febf09147307414193eebcffd4af3337e9b70eaa81a7dcfb89,0.24912171681289993,49.91
3123a1479bea511f7885fae332c7d65d2d143511d7bb981d0163fb56b8b272b9,0.24904877270791592,49.9
f30cf0b84cf9391caeafa7720b697b4f3025dc021ea2e6f7c6647e5a552f2dda,0.24903007142659722,49.9
ad50409f75c435133f0aef53d6652f2576e229df0b33513a83841d73c819ddda,0.24899176844308252,49.9
5250b811771a19e7de5ae9893280a1bcd7bd8495e4979a06df2f1c925f72b382,0.24887064862639907,49.89
2b4bc24e8d86ca22c3a045190010d11fd97546956eca0da9c4a2524fc357dd3d,0.24885255171098128,49.89
0fde65456e3764d7a3e37a98eb4fba251379cfa122338e9bfc51360a29b02616,0.2489285987811639,49.89
7437864cb98dafc710209dfe56f95e8981c83c8c6ed08e98f21a9d0e0f2e5b59,0.24881153812746098,49.88
d3c3238a3a35eaf3308b171319e707e92e7048284275469da3e5ad71de4ee5e5,0.24883270653699746,49.88
48cee7223398cfb1c749c584cd52f9e6d0a57f2d3485f322c725a367bd43c47f,0.2486580873920742,49.87
4af9d5f02e1ef9c31cb5b472d3cce1db5a646eeae60029191b8dbf15e3e813d0,0.2486662522068571,49.87
85dc3466fbe816251071063964aede77f50aefd2ab95a4961b761a8c8395e108,0.24873443954565613,49.87
efa04df1fb0caca6e94fccc11663cea4af2691788ad5c6d019d25ba66c1eeb90,0.24857433529703607,49.86
c199cee3541b458d8bdd89378488b226fe4769f3a859709bbfd6bf8c62a01518,0.24860353355704634,49.86
5e69dd5ad8bae362258c5d66eac850f41b62b49d05bd2c55c65c21d2d5affe02,0.2485972630663467,49.86
797f6afc2441a8b8800aa220c283e75eca5c08fe048ee1aab5d39fc706d25411,0.24858380239143243,49.86
d9221fbb954f95dff280e43479cfc5d695af25ba2d72a40dfccb38ad8bfdf9eb,0.24852486980413258,49.85
015c8b11cf0d0b189c0854171ca49afbb9e873b4439a74a011737a214d5257b3,0.24846935064223769,49.85
94c5a5a8f7b6dc7f4531baaa386b5133250d0b380e676deed7f10bef3a319467,0.2483201776313932,49.83
efdd0f91895901b61446ab4f82247f244e21ef9bad627b64cc1bfed52d1eef69,0.2483342961466005,49.83
131853bcc4685ee7d7449c2ba0bdacf10d62676ea230a42e2ecfe1b45961e2e8,0.24827870814410635,49.83
559a7664ed87ba6908399faf3e486e75967166249a0bb098ff80ec77c0141235,0.24834566670471525,49.83
924a3662b2c724ada8ff0bba74d64c5d14dd081f2c7c9bf123735f0a902f172a,0.2483229715996301,49.83
6fca8c7890dd81795675d43e01b70fb471e2c66d3680c9a8a9eddf925e17a310,0.2481824391142445,49.82
9180f16c26197b620badd9e580fda2ed6dd590f8b2f9cfd91a8b3363c77c2fc7,0.24824704843713682,49.82
df0a2d77fdf82562d5662748132194bf1985fa610d055795334cf3915884f1af,0.2480636937432839,49.81
d8267f9f75b267191976ddd0b9cc01a77ed3bc4d8f756b9fafdab655eeced3b3,0.2479738837770861,49.8
c4312f3e9c34f2d2767fc7c42b2c675a626a0a63460025378a88db32b85a9439,0.24799987876518245,49.8
ddee94b4dbea3ee2799b86b145e4e8a4f1952011ca88fec35a0c1f5b41827f1b,0.24788811088145496,49.79
b62ea139a08e32486ef1dff2f967e7d6c3d7b8c407c6b67a1b22defaea0a7769,0.24785168938384633,49.78
aaacad0235107d2f453ccc64a738954235d4a20e5d5a4568094e88f4e0c171b1,0.24771149939285877,49.77
c8fcb719070f72d1b93ed714b9b2f19ed790d6a5e9ff327b2d90dfcc38106dbd,0.24774382152203234,49.77
4ebecb6eb6ac57e61c0a81b951562b84f6da6cab1176f025e9db027fc5032093,0.247722342443093,49.77
aebfbad6f7e2008c97665fad4ace64bee4126ed6186dc35e98a7aa66d5e63d86,0.24752978959542954,49.75
37f216bf34600c606911d33a8e701692b62027db7c696c82d1e71bdbd69944c9,0.2474663927336219,49.75
5ec883716add2fc38174f324492cfcd78cbb2d2929cd762e2c0483abefa49994,0.24741726050061189,49.74
4e3bef6b5294c973110541a2c664f4d607c62182fcef063efe5b6d9cebdcafc1,0.24730116898397142,49.73
03ec454eac08f2c9c2bf38df3b2d8802aad0e97e214e416412c109ef65cf4a1e,0.24735654746995256,49.73
0c3540de18110fe2c356b95daa4cd7ac5fd8e99cb47c9177eca7ed046695f586,0.24722012605771362,49.72
3d2f0c12d0236e2670547cf18b25df361b07086ff02ee9d977362afa072a9610,0.24723910599024562,49.72
1e9a6ad9363849f92ab979b07a236b045c22b81afb1779bb49bf002e1c838ddb,0.24723156683190248,49.72
c86d1689fe28949bcd9b17dbe47c3be094db79a53e1e86752f8d23dcda95145f,0.24714244423484197,49.71
c878b27a94056e20a551b0e94cd0f08671aaa7ff56bacd4b22a075a0b29f959b,0.24704231932015236,49.7
3a81af9475cf7edee0b63fa685a7b33248707c331be5fca37e19b58dc0390618,0.24705334244277277,49.7
f300159b62432a6c50e0135976968c5931b3cfa0147938b755fdeaa755329c90,0.24700838565667904,49.7
1591b0a01d093605d43b248bc95805c22f814e03ffc20c7c32f46e830647f98e,0.24699835848595683,49.7
29261c0f3d48df9d95c8de55126628b47a8f8a9aa1d4fb0540043bdc835ec241,0.24691536452147403,49.69
9d112b56e24167058531c09bd48eb51c43c2cef87a649f39b38b2963a68613c9,0.24689610639915952,49.69
5263a1e0007b81ea6a2f02f19316ddf9f3090217b0c612b4cbb948472e7b69f3,0.24690806347042998,49.69
543b44fb30299d45d6d91aa60f59adc67cd4c9a43917bfc48b8d17dd923ab507,0.24690003928949775,49.69
15a8058cdf1d36ed32a1d4d6b7b5b2d107c19a240f575e2be537a69c830e44f8,0.24689692883576664,49.69
674a6701d56cb4332065f4fb974bd61c515b9b83b375bad21e88914c3cda5d23,0.24685330866848246,49.68
f77d25136864c679479bdb2731d4522b5f976029d2affacbc0ee2314b649bc94,0.24671866757602856,49.67
12ae4a08704b081e35a180633807c3c85cf11404367fad196e9b4608e0e7ab85,0.2466868638180135,49.67
87fbd4e1984c65d971bebc9cd0a274cd54f1f80577aa002b7bde796838db5d58,0.2465953096101038,49.66
16adf8a5310f9b3f6764553a860dad7115b3cdcdbfdff6cd391f8edc0a331f49,0.2466173893557003,49.66
9af421c6e118d86708ae245afd4a07710b18ed4e85f1516aace4b10c9a57735c,0.2465486510062109,49.65
d49dd0e8ec27c5957e5ffdad63dec66677f5f353dcfe4e50d215cb0be2838905,0.24648057607316154,49.65
433e6023aad10bd023f976d3a00f251f7de3a54a85e4c57eebf786517881909a,0.24645558979358004,49.64
168b52becb0b6d21a4e13b4ac8a530d8b59e96c38d1a438628d75e14426fd206,0.24619972744815422,49.62
0b0bf5f5fff938334117898063d85d9564746d16d2f6c197b62e700bc2d2f5ec,0.24619915356337077,49.62
9932e0f2e38442431703d33232eac02bf8fd1900dfa902f1d0d1ab26dd47a922,0.24621567093352736,49.62
bcd0e737c1289b3150a6a782fd6ab1e30ad4c8e01763b51eca506a7737597621,0.2461321813981644,49.61
3036abcb59fa98982b3a831ca0cb53c11a785fbc4bfa549e4cf5d4d7f20a68d4,0.2460928099990011,49.61
41d83d97cdeaca90bb01c745ce710fc22d75294b13a97841f767af420412e4f9,0.24611770071216157,49.61
79d98c4184b0b2d1ecedcd96a5bb5a87a79fd1eec3f71e59de38e08e6a50071b,0.2460005663050074,49.6
ac683bab7ed7128b14b207e1f77cff995f8eb39a52659df3fa7b8e667fe58ec5,0.24603459688159401,49.6
69d30a6d3226e5d51b99399e109d49a210a485cc453e09616ccde73b3695ed16,0.24597635346074156,49.6
882e6a687e5867ecb86a1b661f712be65e25fe7be756870d34c1a455b645348c,0.2459524610751895,49.59
f1626e8a3b4275cd7374d4dc669f8d45abc2159bd1b933056cb7c580ea546784,0.24595074298098824,49.59
69213e9188c98fea893a24c8040ef0eca308ac9b53b7a3d2650933d623be4572,0.24593350308203618,49.59
caadcd4af2cae2940c3d3e0be380be884b46d8e5cc4d7e0100b4166fb664c09f,0.24573939958104313,49.57
a363070d16f82cddf11125221562b9a0c2524dc944bcf85613e80439494a16dc,0.24572244346836436,49.57
035e2d19e0db7b672390db62a9897fdfc0a687d027b20853fbeffcbbd693c846,0.24569688840221743,49.57
bfd2c249c270064cf729773def8ddc56013cddecf4fe12e5b199c24f24f68ae9,0.2457524704955233,49.57
fd18b274bb22c153f32aa183a1ce0bc1de04750eb3b7d0e2545381b5d736ce86,0.24558923835518798,49.56
4a9b3b8580d9016de1b6fe4266f65236e90bd4657b994a99ff2e68b2fa159eb0,0.24553132950592169,49.55
5043fb3cab737297541d8eb3c2f1dcc1c5e9a6aa994a521b72d0c54ba246fd67,0.24548027356753394,49.55
10ba434061d6cc164f69cfd3073d3d682b424c4b5c65d2abae596c1f0329f7d1,0.24553180674700278,49.55
9c176a025063f04c0fc9e4912943e89fa3c62ba5d85c418a8cdd043c5721fba1,0.245566945054207,49.55
27ef2dad4e665bcebadfd3cc0daa6dbe6cc58c14f9c19b66a50fe22355d3e682,0.24541307812802982,49.54
f12376ad27228cd29a0359c3d7b77276570f1bb69b7da5453b2dc2b43a212b07,0.24540589011857425,49.54
2109c8002c13c809f26569df059eaef6571ddedd5678ecc429685a94b2667e73,0.24523441757458866,49.52
5021d4ea904a229c8c4ca8561f04fa38ac7ceb26b347521a43d5d613874cb73c,0.24520721367546217,49.52
ea4a74ae5862e173d5e2bcddb20d291489eeda504f700aabdd5eaadbc7e3fe28,0.24517208615989233,49.51
cacb8ddc01ce36d6ab813c9b67747d88b8ed368466d53582e1193ccf2c09edc9,0.2450442168242243,49.5
e83aca58e76eb465c4f6d8fd5a282d37532e1764810dd592b5a2fa2793242d72,0.2450455240249087,49.5
ee2638f3760c5318324fc4dad65795946d0d863545a7a1a52cf33083cdd974c0,0.24499028894961897,49.5
febf6ab28cf70f5f3982d3e8d21b80d6f9bf311e621779f7501b64e5ee0216df,0.24503886903174443,49.5
11d48b7b3a66f43d3a0a87cd8fcaeda5c471501b4ac9cb4d31a35d85c7f828d8,0.2450588872417414,49.5
b865b8ddb9114669a905abc44608c7651c6ffb5f3de67dce263f010bb086cb71,0.24487700722860098,49.49
fe0fecd6b9ef24c576e99440d125d8c64d594787a279a021ab425ae4d1d1d8aa,0.2445875982209279,49.46
1970da3841abf4b351fe9b4bb4ca0fb67669cf70844ccd55b41b8cf1c5be28da,0.2446442037288094,49.46
e3b35e9a466a63b5b69a97cef082bd5ecc9eb61b377860e8f3091a9e7a6b02a2,0.24448472579758967,49.45
5581bf45562f3bd83772b392f2bb04d4458abafb96fa7bcb2709fb360645ef35,0.24454808836082756,49.45
9b8d00bbd716ad0637dba393c4928964e26c25061fc4b0a793394962a5b02fd0,0.24456189452878163,49.45
94699ec793929f1cfbbb058a322d4b545eebbc13937f9c00e59c2c6cf70a6d03,0.24445537741523948,49.44
8edcd82d6c7593424e69097cd979367cc932a355ca7a30afcb808bbc0cc5e96a,0.24439539391556633,49.44
363d13cee147972c4b0b38a85b7ab1a9ddc52704c2a6981ca0c24c338347841c,0.2443357335310486,49.43
3406c49e18bab5ff15a2fb95a9c4896c73229d14ca6c7186d6b616460514dfe7,0.24435444021633473,49.43
c7c2205ec84cc7b2adefdf33d93df008930119e12440e60f3df40c7d08b6c34f,0.2443390429559747,49.43
d6bf090756b6aaf2ae19cb21da3bb0290c6a7e0d8b884efcb4a423f66daa8d73,0.24429294779005498,49.43
5f4da4f3d2edaecf033607be5e682c8d83fab19fa3c2bf2172779a7d578a7f37,0.24409358446693094,49.41
d01caf28a7d49d593a201dd0007c9a4cc81e037d156411b0dde8972a5aa8a82b,0.24415301342281792,49.41
fbe64eabc75470a5c791c9f04375b0f72cdcc8144b5a22b2ccce102392d44242,0.2441047443621962,49.41
0bb6d5a76b2c37d6b0fc2708c22a58f93163483f45357bd534f65c1c457d1d55,0.24401701159547418,49.4
564b4d0f38b8ccb0fc36692306c453cb86cc95d1955989a045bf6059289692d4,0.24385242570588708,49.38
70aa624915663c905e42c2da0f514dfa15478853cdb87274b700a12884a2f05f,0.24386542586157797,49.38
9cf6ff2534eb48cf91a21080014676234567a9b990a70858ff97c0980e3b23ed,0.24386277385638572,49.38
5311b64a1a63eba63ccb66b88e2253b095522c7c3c005f5d2fd8ddcca37a7fa5,0.24376273378006796,49.37
c2737f21adbff9220197b9a27dd5b59266e819dcbeb1c0808f862eabcbd4a11f,0.24369901968839333,49.37
0c0d3377b0d0fe67e22a5f60fc32dc1144400dc9470f973589ebee0d785108dd,0.2436256952787831,49.36
94212923f00fa6b60f3db9d841cfb9a94eecdcc5fe22fabd6c5a3651725823ee,0.2435971658441995,49.36
7f9f7cee32dbe9df2d97ec9ca8ae941782363b715a8316a18ca5acf9f9011a2d,0.24351462208132862,49.35
b8c1155585e0430e1d0adb3d85dba9d9078262520c2425120f8596a86291221b,0.24349221089354287,49.34
6f2520344ab13d7e924a0cbbdfb2331eb245bc404dfdef5527eeb5d0f7756c9c,0.2433952165114881,49.34
8d9df6da5af7d8d8e64bbe8a47a025b12de5dea29e400e3004ab02c4c5bf1ad2,0.2433618323609309,49.33
8b7cb30c56e9e9d3fd5d1e7e17feb81b4709dc24d728e6e311de18a6987366e8,0.24337846552025433,49.33
19aae144ac5d5a50af8607a272d151cb3bb1f82954d8e1fc0b218e09d5ff80fe,0.2432334629824436,49.32
444695c09a597c50853877fd797f20f42424251a1f758bb5b1002c460f9b9614,0.24318033364340422,49.31
434991b37756d93c7378120e9d71c9766a73e4e146b2a058dfd6ae309979bf8b,0.24315434293913465,49.31
93b5298e823d9ddcd838e2f04bc81341a945292b5f60f3d280dddb1c5722784c,0.2430980310368595,49.3
83a2554bd244702bb8a476f9889292a2f06331189afbbc14c2b02c60152efc7c,0.24304433502214462,49.3
d81dcb1bef08284a3761c840675017c1de6b6483843c2a2bbd9df4e3301fbfdd,0.24307177091005522,49.3
f77029a8cbddbc5162b5971ea8eaf34bd0dd1ca8395123f26cfed2617976624c,0.24301275941594194,49.3
0e0f878dbc886b0c3a6856cec2869cd7f3ef7359d1d154d822b36dd5b0878025,0.24296284567784843,49.29
3bbe81ede4c7b69e1882ac6b955afbbb219bc5e0b2546d609575377fcc907561,0.24282543464056766,49.28
30be569afdfb9de6ff0f597169b48603a1fbdca35136ead0c5a8c3eee3bdccd3,0.24277676813282079,49.27
b667d61f2d21374c31120a283bfe9bff32a33ee5b750ab8ffc0cd24fc4edecb5,0.24266015130964647,49.26
ce60ae4548499c62989686faf52a6a7c58c46afabdea6548b1018d7f7de0698b,0.24268099419128647,49.26
fd545c31838289c86b60630ce1879c7e8a7240b428ceab75ddd49cda977ae09b,0.24258342087058046,49.25
336d3d837504b379910030bd60628fba5629dab5019b08931fd3bde656e3449e,0.2424209047287054,49.24
b8490cba47f554ccb2bb538b9be3f7ee968b046ec1e367239240e7b2d8447b6a,0.24250582145069746,49.24
1f58d5f30a87547dc4d9eb5bc5ee7445160d658852d7e1bccf62b3360a9e443a,0.24239112614436856,49.23
b8acc7cf626c9edf0be3a6c0fe1fa51a27d3b0681554ae511af4d77879a4b2a2,0.24232592952883014,49.23
06d22340a466e7f6b73407263bb1dd97ff644dac8523d19312b70cb0a30a74e1,0.2423140182009803,49.23
f5fc4241ff4fbbbf4a7e7178a1d4976cc8fc7359c36afff4692366f3941882a1,0.24240194285281302,49.23
a30d69793b6ab250d3118644a30ce53e67b6063f1f0dd68451476c66a32e159b,0.24225165715056834,49.22
1009895cff9b45fd9c333df78eeab136d9c055fdf9f8aebf72cce4c47d2a960c,0.24225999306310667,49.22
26c2e547b76458d23023cbe81bcb627f04200defdbabfdf3e3d999e6655de60b,0.24224367451623088,49.22
03d43b57f4a8850dcb3a8eec2004a165b0d5b7c133b932b8e2a09f1cc017d00a,0.24225644498713408,49.22
46652c73efac149815b585777aa25fc4ad6843b9a7e068b1b1422989ba6f87b5,0.24217081306936128,49.21
49633ef7e044cf8f3431b60dac95e3038783f924c8d2efa3def2b3ea12dc7c37,0.24208155947235738,49.2
2fbe571c8c92445afdc1f2bf1a11996d9b5b716b170935d4f14b8e928951ff9e,0.24209589973782808,49.2
a5403aaef4ff416cca52f040b6338ef32727132dad678de6d841c9e852c4e284,0.2421012079216354,49.2
8bc926eb623da3e70ece55a5a6cca53b5c31fb3d26f21c7b8db29a01a42b0749,0.24192861780149216,49.19
c588d1c2bc01b7917c2bdebada3cf08c12e02276bb2e14e103cc0b3774301b61,0.24193921109026031,49.19
88a3ccec7614dbe977d7847815d825a13af3f79ec463b6aab025d7eb403e7ce7,0.2418864195752826,49.18
249d5b700ca9db11275d5c7b4ec40bd8f743dc4a07e47d2c9de527acee11826b,0.24184318123862864,49.18
e56fc704c5afd3f9909ef3336e4c6c6845f8126bb11024891f22f952325369aa,0.24186068291428925,49.18
e099aa2cf45022f3e5dea591c5c3d38402b5fa0e1be8d0756bb0e6b2330d8dad,0.24190566858698723,49.18
269795eed4b05096986700e55a408fc0fcae0d2a86e910442ce87070b1384065,0.24177685659408543,49.17
4f530154bfb4939f659cb31cc44c05160ddee113de839c0a9e5d1fa3cc31b894,0.24179659167384865,49.17
4fb416323350db95937aed32fe1a4f293f8218d3dae71ca70b9575299ef3e9aa,0.24173923490361882,49.17
76bacf9aa363c5d3fcccd16600f25e3eab215870ff5a6213424d8c26c80ab5f1,0.2416847523545701,49.16
b1df3fb35446b27312c098fb97409673d23850eeee4c2292ee54088f49b268a7,0.24163492926377297,49.16
e93168494aabe805ed2a01c524c2ac5c86bf8e65f5978ce01a0c23c67d25b8d3,0.24157413439642664,49.15
8bee31a14790b428bf174ebb8819175e9a8c9f074a2ad1f38f42f9f23b0c0df9,0.24148454900438485,49.14
a0e89f2698c537e9a3fc17759d74c5d28c1fe9979829d4d6d7f4a9eb9b453d7d,0.24140726240438493,49.13
6c9b33e8a03f1d67d1e5c48d9bf1c8f84056fe827d97cab2de46e0eab998657b,0.24125804741664716,49.12
8a5092309159806ef3935744400777ad7e6360005edaabb41e6d81741c256bd9,0.24123967253999787,49.12
5f3281b2f46411dc6a5b31b6708f647c9ec71fd98bcb1560bcffcb9a9cc990f2,0.241258664698308,49.12
b4d484d1ac9d5f4e7c9bd36beaffb5e4ba55332c0a036319bf662722f50830af,0.24115841144282402,49.11
99b5f95784b8095a9c0d7407a29df9fa689256480cf70d93870ef99c45ada57c,0.24112793430632504,49.1
864316d967599ca21ac707b5c4dae4a1dfdec13512efeb28d40ebdaf4bdb606e,0.24097254404126756,49.09
787f0333f471d5d42eaedd503ec98af1c8f987bf8fe00afe9fa50536a7ff81da,0.24088277483526013,49.08
dae829fc24b9323403afdbbc7b603b1da36184ce924c53ecc9af033d97ed7311,0.24074878084887075,49.07
0ed34068e56e829851e800bc9d06eb1f3461a0f646047d436d96564e4390ad52,0.24075648083381357,49.07
a02a174f3531dbcd1dad5587d17c3ddfbf0c1c0ef0338dac327792edbf835234,0.24039240872546133,49.03
5578b33513175933e80806e86a83f9b5cc9bb4118e7120b7cbef6fa7696ffbd7,0.24039369758345228,49.03
6f95df554751a0751ac6382214006bbb697d5554bffcb65877cbbbf2cc357d2b,0.24030177043114415,49.02
a291ee1778938c3eaaf0932d829e140605c25afea03960354a45d55c8f89c7b8,0.24027762285059473,49.02
ee09b2497372c969a280734e2e446bfa4dff60a15a99c8cf855b751ffa8f457b,0.24033400679335729,49.02
cb99fc515eb4340461014bdc48c119fad8abad2ce9d1d2bf904ee6c58db3c618,0.24026278742922874,49.02
2d5f761f9f3fb60e4ea502728dfcaf2f5f8936fedfb2c4e539e0cb65edc79c7d,0.24015153024490568,49.01
892f6b0870a335b611b750cdac86e4aca05b73321b9535748c74aa7815ea8c40,0.24016789239110545,49.01
aa3a9332e337e183dd8b780cb71aa060e359f093326670ebf9e0a43316e6410e,0.24017615334305117,49.01
ba15b0d4cfc6e55fc8875ff11ad021f7714535269a19d5097b137d4f8b067df7,0.24016367785675036,49.01
aa1600da49bb6467c3c13312bdbfc54f179016103fda37eb604b8120bf0439bb,0.24011903647900062,49.0
788bb9f125ec5369affc1c99e36ba4245937abc34a2d56961278dceaedcb7ace,0.24000012640385052,48.99
055d34a5620b2e42f23a6b1c9485d6824fa2cc5a88658fc59224e67073fd61e6,0.24004880987951258,48.99
a73339ff9a6ea7022bb4b2b476742e4a9a77ac5471b2905fa2f387530974d7be,0.2399627399811769,48.99
d83c5ee780c6e2d0d5b4ff32bf037a2a8124782466584b2389d1454a92e0ee91,0.239926095436158,48.98
d204c988216ae345ce7262ee04e2af7b1840ded8a65793f3896e3ee36cd4a82a,0.2399382980783878,48.98
82971afdea4dd626e0d5c43b7dc17a3f647185b939e703561215ac9e6df69f7d,0.23976236427295014,48.97
7dfb5a0c9d1c8553e19021940de8e3eee0473703726709c6f55aee760257ece9,0.23973041531871378,48.96
5a1f395dc5a3c4f5d0d4b8d31e1e5da2d6b14f53346be135c06ee0a2fe07ed42,0.23968113278552494,48.96
cb695d26c9aadc755079b19d9c2408fde13d81853b6abacacd368ea1cd350e07,0.23973080584755363,48.96
b264b0a43c942a2bd38928f22ea09931edad7300373ab5e3bb84254d5d2cc082,0.23973854358791669,48.96
6d3dcaa74dae8fc5717b5efdd881df8467e34606df975e83768182b0a73eca0a,0.239586095823194,48.95
4ef3fafb4e2900e84f27ede60e6d24164705d8afd6c1dfe0b60ef5b828386240,0.2396227434215089,48.95
738d759af6245928f12fbd3333027425bbc2ad91cf1026c87690432d6db2adc4,0.2395930211707597,48.95
7a930e30994463ae01a758294cd56d72ddd5502e90e8ccb53b5d2254976102c8,0.23946348609074,48.94
ac32ea9539ea717c8c2bbc41b8896dae697575a4c3808f0592ff7850375ce741,0.2395430541383513,48.94
574670b98a0e042dc3caacb0ba95783ea9a1dbea10a55a3b636e71544f82533a,0.23949053573024526,48.94
ce6a1c5a2aafbce0801c365780d8e735de6519dff746473f79c8e1e669c3c086,0.2394596310560318,48.93
a9da6c6ce5c7531df06c65040b1ebe11b67389e036ef79cb427349f27587d5db,0.2394427459052479,48.93
0932beeeb8cd97169a4e39e61a3c34fbfbfc8981a4919ef47a43b3a3785873a1,0.2393784800239943,48.93
ec6b60247f0cff47ebd1ca471ae227e608244cfcc13efe0ef3fc68acbb98f6be,0.2393858057698916,48.93
2887369a7d032f1c2e97a2c40cfa1d809b054981336a92e3b95ddae91b9d17d2,0.23945559124781596,48.93
0b4cb9b2874dc99a2c5e17cdb48645c067f1cb388e79872bc29bb5b2d937f203,0.2393022170894975,48.92
3367d1c3dc25ebdecd167fa6f3d4a59a8faf39836daa5d6aa45e7869b93733bc,0.2392133334804294,48.91
2270468ff91b8b11ca0802bfc859739cf7621beb417ed25a6b6c187c3ffeca80,0.2392639931981728,48.91
9d4537d05fa035d50c13b0abb4202867a17d2efe39797e747c04d9c32bd0ddf8,0.2392579332682784,48.91
14ee085655a2f5f432b39314f4166af30a702c604e88bdf3ec69943d8ffd427f,0.23905952039768974,48.89
b13cca7aa06a495a7242c3821a8e0f5373c2f793180ed2b5b65969c4bef88762,0.23906204565167044,48.89
bd31d6d12d4812051e1baca638b6fbf900878e25fa33b119f1f3ed6f4aa50fa6,0.23898589988573232,48.89
938981dd3473f98f56da3d3dee515126b7893f23c2e0aec658855c77e9384331,0.23891302232785416,48.88
ebb6d38cc07dda0532af9c52e5f3ba8a8ad070bbdbe0e1f928cbe9ffdc5ffdf5,0.2389707290071281,48.88
54b4e7815706dfffc036e712ab5165f289d7668a280233c7523ee857b9243e35,0.2388738792975923,48.87
f8345b46657c31c687a1f2b77d9409ab2baedd98c4148931090062441986d87f,0.2387988931721624,48.87
fc106df27e7284b8ef2fe0b63777ce82ba1af3efb7e1600142013cebc17c6c4b,0.2388004042900696,48.87
80c22d409137fb29d990227cc9a922302fe308dd2501f93e35bb0327a697ebf9,0.23881979281169696,48.87
7c864c3cc6a137a958f72c69c21f79cba94d974aa345f5239e753eb6adb70691,0.23881263328291635,48.87
60c3f952f4dd4dbfa083a2beee3a370de33ce2195c7e60e5e33cbd332ccfdbab,0.238723701846825,48.86
fffb8ff62f9a9dc42d3da432f1e37ed01cbca445938aa6c2c3c40b71c2c79b4f,0.23874809092368346,48.86
974d38facf20a18552491de355fc82c9710902f61c732cc739a1e989e88efd3c,0.23864042137752864,48.85
8097f5591cf3fc0f4d7f40bad0f78023b71b5b520c42246d6804d97b2b9a38dd,0.23855528852032454,48.84
b7576fc30548490237bcb0e1d50d847ec2a492a60b88c8e918edb8271ff74990,0.2384858282199775,48.84
720a995275c23b1a135f9973b94caa20417e6142daa168684ceae0ad46fbdb2f,0.23854923662191324,48.84
8fbf402d3fcb78ed808054bc07690f892e1157791011a8af13b140ea79025ed6,0.23845077803490447,48.83
3c88fc3792f32bf30f829ef1bb3f14e9fa2af991d9fadecd74e265d5e6deb22e,0.23840739990559176,48.83
c6dd7cd214c3d4f83aa977aaf6fefae1351c872cf82c7487f2093afbc392df1b,0.23844515546042744,48.83
03c4a42eea8e34cd6dec50b24c65ca9c31fb16a3c7e421ee93c9bb85399492c6,0.23829603128192767,48.82
6b3f46e6047096fff56da56d2b8a4a7f86c252a7ad7ac54281d7fb8b2b913517,0.23835140247238837,48.82
41c6b93dad85dcb2d1a82b12a3a8d9ccb9f596713565ffa404be469e3a5f2e84,0.23835919811779152,48.82
32f5f08095efd9527adb217609961df701f261826ffb72050803aa6aabd3b41a,0.23834269957080362,48.82
d558821c6f0a6913442c1d8f6a8f2a0942cb950152b17c54eb76e402660866e0,0.23826356682016248,48.81
b174a6983a693f209d8f51fc6400b2b477f5d4bf74ac5db924aebf3addef1c7b,0.23806624184661146,48.79
6f35ac9e9913a68d893dadee1f7c15bc3bb0beec166b106922254d69fc3ee461,0.23804027997506647,48.79
076955029841342812028ec88d91b5eeb516abea5beef046abd9a3d38474656a,0.23791385132774476,48.78
bc440b3466630757820466e841d345643cc17e4c74754f398836004cb8685da0,0.2379443091304227,48.78
a10402a95c4581327e9920a1acf4cd5a0ca7348ab59ecb88f6e9d3dc53624f22,0.2379592277593382,48.78
59ef48d5ba4e5a4b6dfe7e61d62946944bc9fac01ec62cf4f808bb879f0b844e,0.2378368660196443,48.77
1a747d4f3ebfe6bf8e350640c500de3e6a4dbd0333885f407d7206a4230d6ad2,0.2378466276482393,48.77
5ce827ca0c4c7914328fe1f6f294553a7c084e0618b25c89806ff526b8e77eee,0.23775807043232422,48.76
45b7eafbc194ad39783bb720a470578557efd6fc90aca68e805003503207f5af,0.23770828559532783,48.76
b662ac9c5418ab5dcddd71a59e3ba2b689761b823d6071b25deb602e8732f8d0,0.23754109975717871,48.74
25458a93354d3cdd29b2bc6260bd8aac30ede4a103147e699a9a0a550fb24d50,0.2375425396950413,48.74
6664e9c2acca3de7cfcb06163c4eace0affba31c0c5b7f2e69f8951be65b0d1d,0.23753554906897198,48.74
07295ede51ed503a5164ff8f0948c16caf5081da283668f6dccb3bda57b3018a,0.23747609961029276,48.73
bf1eb75dbd9b303806e96308658aedd9bac3a10f73654c1b1f7ed2e4846ce806,0.23747008247179785,48.73
20cbc82a6d38111609c60fb69ab3876d9ffc1a1b626d45b0141ea933b8c77cfc,0.23750183263857658,48.73
a4b0a7f501462a089bd5335403b8f8bd369ada93293a946da18b70f78379f6c7,0.2374751830592536,48.73
ac54b20dd67540e233493b47bb94d4838c75ef91615fb5377bf5d2b990f62956,0.23745477715897256,48.73
4d932c7476e700f693764b23466610e89f1854c6f32251433072b59b6d07e218,0.23746946089883017,48.73
94a76183bff139dd5cf19a159d5d487f7341d4a58b8ca5c022a9512620cefe5d,0.23736957968000014,48.72
77e536137df4ebac950d502f8fda26f45b9451b189d1edcb7c7f7819789ee248,0.23739956495136177,48.72
8f994ae6ba8be2dbf9a4c7aa8212e983698e938577e9695cda936e8cf7d495c3,0.23730629200789594,48.71
d786bcbb65c918690544140ca61859d40ad6ba15b9a39cdf126d6407a410849b,0.23727001024784272,48.71
148f7cf4ad00fbee481ca960165c128b370b47577bbf8899d1bccb8b4a028c37,0.23726691435209216,48.71
1d7e44620c482000bf7fec93a64217fd9caf8add936115903cfa160bdc03f3dd,0.23715004864580025,48.7
7c3b4f1cc9ee66c4a82a3dd3b5d8165f98ae11e1e116de6de85125ad45581ad3,0.23719537895277615,48.7
fcb8bc21d573965e5d956ff8d6f5d7435b1f6437abb1964ad1b18ec3c9171d19,0.2370383531442128,48.69
602be380d57f2c1b0c893fc2666035dd08d3a787e8fb1ca92ee404a2e19b4490,0.23694610619887657,48.68
a3ffbdca18ed63f7f0d0084abf519bbd1fb3ac0598bd1416af756ce8f7e5dc0c,0.23689737348351034,48.67
c7e1db4090a3496a78cbd20a3155cafdfebec1c21b47e8990edb40eb274497ba,0.2368879303301171,48.67
2bd0a81e04d1462032b306a0d4e18ea6c64723e9201cf2fd5e3d8d5c51abac2e,0.23679602958903817,48.66
920e634bb945bd73cd251da9ea9b31e7900093bf41aeea5b1e469983ff2a5c13,0.2367203630590455,48.65
9a8454e73cf4b009221aa41b1d0335a023212021b33ef62b0f10a1f3ca4d83e9,0.2365858849726575,48.64
76a1bb2b220a7d22c66c5fdb2e4090c625382341bddd08d7016312e8843828bf,0.23660855579855375,48.64
de1dadd8279de011a0812a637feb78838b405e7daad51397f55745d97e562a5c,0.23646296035237946,48.63
09532ad4d10b521127beff2e91cbcb7cd240e44fa2ce6dafde0f0415191ccb1f,0.23644244035170414,48.63
b0649d85d9c1dc34d90faf924b829b1800ef2f7e7e0433d3be8b8e2f28ecbe12,0.2363521546661152,48.62
5bbac6ce51d7e139a9d3a7645a265d700db50ea915384f2bd3195841d3389806,0.2364182200472614,48.62
a2670e721577cc565f166bca11e9979a1c4581a64120feac759ed88796bf9b0a,0.23642882390145178,48.62
e098f38854fb35c7fd93062c014781dc144591819411a68bc2bb1c54f800a532,0.23625359897990492,48.61
2082f191e9541ffd0140a94412bd1d9e7c877a80b7190a1cbac56a94b0eb7c21,0.23624418325944457,48.6
0de818b2fc7bb733816f3ae6d0b9f1fb94b7c1548bf54598a082712b4a4c25c1,0.2361799862548098,48.6
c27bbfbf76b149be8d995e08b873d443b6f518daddaf9658defa92bb0bfdd946,0.23606812244097827,48.59
c3f5565633f6e40c954501bf4d0082ae91928a126d5517941f7e1d73ff58e2c1,0.23605597147387553,48.59
3e968ac246bb385910bfe2d7f1f1ca2a5f8bd6098919c50ae3912ef8203e4285,0.23609032827406196,48.59
67b92d575dee4a2c6631e10628160033eb5fcae61edc7d4c91f8b24efd8952e4,0.2361179392444181,48.59
3f9ac028df6a3f4034c4c58cb3e15299658391bd5c7fe2aac9c0f7a3b92fc62f,0.23603844199501714,48.58
68557adf8e6e55bcb2ac507bcdbd0893a20c114bab6b61f920b406af2f3ded19,0.23595328925098913,48.58
8858fa80f4d8791a869c21920d265707d6f28a471f7f565c7d6c10cb57134c38,0.23597315051889836,48.58
a7d50d537a6f6e7bb24b14152512f80107d6d6a298497842e82d1d5156447af3,0.23586018460903738,48.57
8e44edcbd6f4a2734e3a2b705270eb62421ca86aa7a21359187c2590863b0152,0.2359257539350568,48.57
f456e02ff52b1461efee5f8f5f71768631c6c107c5be45ff1428f7b5e69eda20,0.2359289884724316,48.57
59ed3af19c2812cbb5f7292b4798d9685ee182061621e2efe8e9432b818400a1,0.23591633560429656,48.57
478c5deafd6a098436d3e23b41092d4246654ae7c228d4a4678d5dbacaf9fa62,0.23579652889050323,48.56
a4a1fd485c2bee2ea9b80f894105f135312529355e0e4e01b4fa83e368057ee8,0.23578484093987268,48.56
44a9e1478ffeec85090b65153866c23b21e67c6ee0ce9a2ca4f3f68db85af4c8,0.23577446552085046,48.56
4902c48e02149693e29314c4724e570d4a6fff720aa9697904fc5cddffa6ca28,0.23583764679131725,48.56
ffa67931e16836c1c9f33f5586210e1f46aec0c06d8dcee184f518c93bb83a9a,0.23569462931762744,48.55
6720c327632532d084773cdb070970af2c456f0409983a3896e16b7a0557a881,0.23571824375883085,48.55
ba11c0c99fa16f3cb168805495e5904c8cefb5905a46112d210a7224447c417e,0.2356213332673117,48.54
79217f41591fab11ba633895b221ceb5653b75a782e54f655e0868ac71505fb2,0.23554885146027416,48.53
a9285382dab7aadc7123e026de718f60f5361a9c771439425eb1795285d922dc,0.23545842866164257,48.52
9da63644ec7e06c6c3cf3f7e3ee845a39fda4ef2b3126b3362f9cb743c99f70b,0.23544101645344745,48.52
8748c68bbfaa7f4a1b4cca37297929bb9ed469a386172f3b0a0e47554adcee96,0.23533526236476804,48.51
90965dff9b3639fc1c9e882ef6c5e1d49fd4ca39876f78e0d655e070267a57cd,0.2352071636160456,48.5
ba84daafa0e9f296c6c3b68c192d04481651e3edad2f33c3c9e642c6684fa441,0.23509525503382553,48.49
1eec329a73a293d9d76e58af066b4b5d5dff031b1ad4b967fc1d0da59c263187,0.23512674369434794,48.49
1b195a1a9cbb57b403c77c0b7336266c4782b2870cb191fbc4706e7a976265b0,0.2350766101512161,48.48
e5d194d03d9919b0c2d34f19878928eb463eaacc2b5c7fbabb2dad44826aaad3,0.23500508716000365,48.48
eeefb62493281565bf473041e26a638cc848679d9cb5e80511c2d7e5d134927a,0.23494438481084445,48.47
df8f820e573631e717fc278050864476e1da797f81fbe4a2f15454ba26b346d0,0.23479171509816868,48.46
8ebd0034145fbb280e8ea40f243097065b3320de17872d1dda11c610b5e04509,0.23483539552306712,48.46
feb5afb5f805ddcd05e0b97e01aaa9363674ee2d602c18a0c25640caec791661,0.23473261499588152,48.45
e6b65fdfabab524625ce683c7d15c963068d5056c9939f394760c1793058f339,0.2346756719722666,48.44
70b01b78de045c527d7c824c7267245c09fdde395ab7a08b3aff7af951de91fd,0.23461260690095384,48.44
fc8dec73502a28dc9f1f8c2e7c0e6e4db7230f70ea65da8d8d0f82233d4e84f9,0.2345302591732582,48.43
6f0a9b858deca6d0c7e6c89233df2b62df73478f30d2045e2d3b3e44391d0ed0,0.23441584858564735,48.42
1a52eb0c7e8d4036d815255c0a53c2f4c32cb9c7a8bcacf8abc806e030ba8c6b,0.23446003949387328,48.42
418206c29bfaa13c7bbed0d92d4329d7d19e9fd1c9f32779eeef0084bb76a18f,0.23437671901065207,48.41
037f9f933a5743514b01b187dd4476fa3e534ccb49c329054c4113ebba6c7f09,0.23439888641239004,48.41
e9cbc167973df3e9466d3ae9e1162230b89717bf906470fa05b4842a4611c22a,0.23435622935062053,48.41
e5059f90c25f90e21441a2c73b6d8b3e35b5f5aa6e4552b331a3238cc269ac67,0.23434578261273548,48.41
f4889f534f9cd3ae305b07d4bb797cea98f477572bc67689ca42350745c2ce9c,0.234348005166922,48.41
aa88154634089f522cb16fffcdd83f7761b7e8cac9e39283e4a9162d2cdadca8,0.23428708604272466,48.4
2b4f02827f06bd072f00d8b9015f19b4f9bc83fd1e617689261a68dd135e7a76,0.23424815347545383,48.4
bebd5ad65252349101cd3711d3192013a8d9a9f850f4692a28948c58658239d6,0.2343007831902561,48.4
6ead14725812fb0e61141872598182c75f6b0edde16593b9e8754f471e45f52a,0.23403756451742705,48.38
c2ec724268fea3872f17d21a62da2c3686767237d1ae83df29b226fe344ba970,0.2340540453413141,48.38
b0dee1cfc49ecf51acb2407a29faaf0a9df2b51998bf24e0f83dd076590f931a,0.233918223978033,48.37
019190796e6138d5e34ae9f0a0f8cfba92cced7de44f83c99392f42cacf29f3d,0.2339954436256847,48.37
d4bc0179ea37627377d56c4e72dab0211d96f40890b4a5d29e1aaea84bf825c9,0.2338404728172842,48.36
e4eb37e39a2749ed5db862caa71db6f71ff5d93168b624921c3992b33e4ecdc4,0.23370666310666985,48.34
b462981dd86373ead6ca631efb9d7289621482250d821398e5a67e9773d011e2,0.23353985542343203,48.33
fe0b920ae4db515e49544072985e9f7f0071aed4d0c3f80bbf623b00823d1c81,0.2335353714209328,48.33
90b4313acd7db08f94df63bcca82e0719ca27aee46518223962167c0fa3bf907,0.2335716551943744,48.33
125e279b2de43f156150b723c3b960f1da4844df8b80e5ccfcd1906fdffcbbd8,0.23350133670064838,48.32
b3586e1a4af60b807727f9def9b02fe97186432827fed6a7c6b3c1b4955faaee,0.23346509015326633,48.32
c0f4f3566be02ff1921af5f1e701bf30463bf0a2a2f75a01c5e717306c1527e3,0.23337767277069205,48.31
1be44839cd6f5caabe74aecfd06f2bd7f26cecca41065efbfe52daccacae947b,0.23336160102215167,48.31
a7d1149ee179dcecfbec01adb5a20d85941b314e38eedd7e4f8eac35582a4da9,0.2333887685553688,48.31
234290b09ad798acb7f808d4758bbf61710c5f7ff854d48766fe531816dd7fa8,0.23340931663997597,48.31
4ed637581bb9f780871154d0a0016fee8755c5b2a3bc24b7cea816c850256438,0.2333235212725064,48.3
6dbe4862948dd8bc830bc9f543cabf6dd8de6e6bd5ae00e7bab501cd23a9d3f4,0.2332303067900137,48.29
38ae101400a249cf41d62632f2937551b28c146a1ca9f7b568981d64cf894468,0.2330741244974481,48.28
2576eff5a953d467cc174f7e64ae3fa15f692418a02f825879731347fec7a131,0.23310596666371197,48.28
1ceb7544fecf36dd16d0d8640bed7ce362ea8f99ed996df29caf688889ad26bb,0.2329661449905534,48.27
ff038ac7cf5110a0fcdf9dbe1f34003f14986024edc729e288f12715bde405f7,0.23293057618677582,48.26
f2b7b5c42b7557478430bebe917afd65bb2d64ec6df747d720a89b1bddea8759,0.23283388305467992,48.25
75bee43ef00326c588aa46731c79ab3a06977baa508f17521dd6a1d7ee9f8165,0.23282116713118772,48.25
da960b03b04b44fb009cb1d1a927e4d41d0ebc589d1dc7843de53a6a83206111,0.2327109479237227,48.24
511b3d15de54c3da23c0f68c72b42aee5653955826a9f1687126094f1274b129,0.232637733425488,48.23
9a2b20ef27772f3bfba1b55026aa54d5eb1f96edf0142f4936894827188d4373,0.23247498610477638,48.22
bafe6aa72a651210af51dc33a8f284ff6801383f942efe75778664c7b62afb38,0.2325548198779785,48.22
a177ecb4e7246a91c416c98331bf5fd70c844db2bff4b942d4133861c9b5a685,0.23254964336897996,48.22
efd921e2283f3dd83ddcdc2ec77825f95bdd2bb78810a525fe7e4ca97e9bfe25,0.23234765825281123,48.2
812d7d64f0e5494db193bd8fb6a6b0470fe6d003ef21b0c2ed95104b20aabb11,0.23232268446803084,48.2
acad9002df289f6f7fb388271a3e3e33c2c066d0940b32b149d593a194f15b85,0.23229936034520166,48.2
030b9700b5c77c1ac9b5d78c274cff695f363607363bf208e90b087579f74ce6,0.23223377793325845,48.19
72d0ff7dda70d7f66e821c47a942c5f29cc71910fb79f21a8f8963a45a839128,0.2322379203048045,48.19
bbf3cfa9c540f6f605ae626904b793e8932aca648fb93c3e82c126687c535c83,0.23214517437776525,48.18
224fb5b411fa1a591384fad00592ccd8099317e1b4cbbeb0df9d925c871082c5,0.232143491956063,48.18
41f4a5cd3c80195f693aba1c93f63031771a143756bb796e007095ec308ee254,0.2320415928324456,48.17
1e0f2fd7089384a704ab2ef9d23154aaa7929c9d472a61fe6157e3bd26b67ff0,0.23201667734906717,48.17
d879ceb1fdb61d17e0b0ac03cbef955806ebf5adbc4cdff5ef390d4d29a1a919,0.2320217886088494,48.17
690663f1910df82f276aa291ebf1cc650e05e3f25810fa3511f94a438d0191cf,0.23201871584574793,48.17
556c520700905ea63252026ea42de9a5919b09c76cad711f64c87cb41d801d29,0.2319023655971755,48.16
59a8eb800065e8cf51c7e6f85305fccd85bb02518099ec262e4f3298b899dd31,0.23191786640156123,48.16
720612412a929433a49177246bb8e1c391576bc34e17b1790840eba8793406c8,0.23179415722350796,48.15
7e67c9660c86f7adba1293903bf479b1510c2d7546f44a9e0e692b5eea82c0b2,0.23184710857328064,48.15
0f0fb3d82aa3b34631bc7df3763dc844ca4c5cc2604558b66200017d475c9f6e,0.23178256780255668,48.14
22c99f46b002374406129bdc0a50439381ca4b71a440714b062c7dd6472ffd5f,0.23163408688912168,48.13
3638aa10056997a44c7a466d956e068fb43321555cf351da2053ee8eddd5e041,0.23168124430277331,48.13
dd6ffaa882d2409e3ec3db8926494a6c068b06a7c922496832154138e635a9a2,0.23153738754459455,48.12
149e9a5514adfe0622f6ed1552d82979cca9f90f5bea59dc53f451b192d47dd3,0.23157575004690198,48.12
ae2ea1b317165723f747e50089eef6fcbf13c371d0e9dc40d412a8006ebd6d85,0.23157701553891982,48.12
fbc8ce8cc2ccda591eb0f127bcf6e77abe1806cc32045b8afa9630ae718e9747,0.2315358071920613,48.12
deaaa6651401ca8b3271210fba7a68ae4b9833cac2d4edbedaa8db1ef896b2bd,0.23149703567995428,48.11
36fd7051b0942b10cd87dc5a1450db52c3a8b133e71a5ccacffe4038e3648e6b,0.23148050480666044,48.11
fc6abe46f62c18b33ffd2da350c222057b7e24762a66ce3e2d590606caecd405,0.2313142393486286,48.1
d9026f280f9bf290ae0d07565a77b7b7536829df3dcd2beb1670046757a960b9,0.2314031548751788,48.1
68e40d9ee36d52d10cb938e419078849d61174915054d61caba92418f1eaa3c8,0.2314023686738579,48.1
cf4770b0911cb7df4d15eaa359932c2460b7ea0b76a84e0a0dc500b65f0e3e2a,0.23127120043332297,48.09
11fe4825ded140df3868a3352aa7a40042866f62c01f7691e00b23d4f24da246,0.23123377810650944,48.09
d7f11927c5c7666a3bc3f7f21abac2ff9e5d878aed1e855f4c345904de2e1180,0.2312401784758367,48.09
6d66fd9da2f2a5db4c2fbca2c8c26be8f047287f3e9c3940ba88baf17cf473e9,0.2312787478864025,48.09
dc548a6a10ebadc1c9b216981802b2a69a9db5bffbeaf8442117443ac923dee0,0.23121821867581258,48.09
f05d89cd4e875c894893f2c53a44891d97c9f5bfabb69271497d5cb14eafc6eb,0.23124666428093352,48.09
d72567f78287b84e50c7eb313f97c6aa194ec0702d0b165c6625017093254b4e,0.23112867335319048,48.08
b8ce9c759591c0b87b84be0320846e6e433949a9fbc12ef3c112a659c9275180,0.231035400590033,48.07
742b939d2311d4a7253af44a1cabcacdb52a5cb4193ec20f9de7cb7565496a87,0.23110730769720386,48.07
afa12ee1d09091a53ba625ff0de1d5e6ada8bb1651ae3b7876abfec56ef62c25,0.23105051438155577,48.07
2386cf54e81b7b7d7f6903c8bde0687b15cc51841f28acca5385447abb18c348,0.23099723779500356,48.06
b892daa585f33a3bfe1fe1c45ab279f8269e3ad68f86f11fb8480778574c5e43,0.23094624352551335,48.06
691e0a5c416e13c311aaa4bbe2fd736a990f7764042731861d2ef7fd2145184e,0.2309341263567009,48.06
4dbf12b51ade4d037e1d642c9ddace75ae0b73f182a66ccbd6dde330c4ddb69e,0.23098431529868335,48.06
652790681baea5f3b59e302f61ba3334075335b7d7f7f8a82e67df1849965a3b,0.23064408301735045,48.03
fa00c8844ad1c21bb48dec57912d149b079ffe5a8013dfc11fa0805b11a05625,0.23068819053898829,48.03
54da5afb97e343ef77c57a5d9dcd739b2c9c19caa7d8df64d6ebe81555f6a28d,0.23072783128399824,48.03
22ea2e5c470e3a15a5d6c9b4e38592a21f2ba5355faccba1ce74d0ee12daf6ad,0.23071842642610577,48.03
3256ecc48fac3f280ce3212aaf0b7c26d9ab51fea790a7579a6b809e23129998,0.2305705845176393,48.02
395223609757d7f8a4a43694e6bb3209cd494eff291c5ae8ab9c3a57dbd8de72,0.23056055538858505,48.02
e394bf9cc572aca14825f882279c1bbedb2fdb7e2328197e742af40674c53dc8,0.23054802360336882,48.02
4b44de40c3e4cd6b9f888e0085a539e1ab774603d8b617887683f80016402459,0.23050443010936975,48.01
d53bcce108903d83a0029db1cb3d2b24b000644acc4dfce7767db94d36660c75,0.2304065774244536,48.0
61d6ee90008850a63a9e5a6322b8691cdba2ec1fc43b4e7e2a7bd88c3576c574,0.23037044877414437,48.0
7d6ad62b8f62c5e23d3d54e2be981048e6fe232b12620d8b9169223b2fffcf67,0.23036940144675666,48.0
99b23250e69155d89f5b29106f536bd590712e919fc6132138ccc57ac2568c1e,0.23041906164028753,48.0
a54ff7d1c47da745ac643b7b6c3f500dfc17b292763cf3bb36f3cb8dbcb90357,0.23035752279473765,48.0
4dde0b189ddd28cc9b8616c146c1126db8a7566d03e6c2bb8c2fb6b78cae7898,0.2303095723748224,47.99
b0ac0d42c1fbf9b0dd52e289d919b405deb84b321613d08366c38770403960c1,0.2301954919035951,47.98
3b335df25dc85aa000e8076af2a4b4cb46760f9f542cfa68a9e2e13b4dffc170,0.2301711691826593,47.98
0ad31eff66fda6775874cb1f8089417f6ffd324403965ababf5bea9b5bf0b36d,0.2302268854524997,47.98
f2a05801d23f08c9e6078bdabdb1ae9fd7f560436a7391df61cb66578cd72e1a,0.23009359420017117,47.97
6cc3484171cab8c1292b7df741d269021b1278118c18618fba19bec88bc626bf,0.23011090698418746,47.97
c33a4f67f25c2bf8fff0aaac7c23ddaf5c5fbe50901ffb8ab56a3a6ee29d8ea1,0.23010227901186525,47.97
f2837ca58c94e9db8ce3dfb5f17aea37e292ae382acb6c25f9716be8a37f6362,0.22998672135319875,47.96
135a36bcade850fc5943aeb25f94b4a76904c4558e76e104c1f7b0a4f128384a,0.2299912525355957,47.96
1703f8da6f04f6c8e23f394e9e339ce8df086c2ca5cbf611a7c3025b80fbc21c,0.22998897293571383,47.96
8e50b32517db3e2ed595391906ee3768b6e281fa5edbd1142cfa2004509a4add,0.2299729236715926,47.96
256c6b2acf8690e3fdc55d88917d3501f9613aa0ffdb064ac63db2d3c633f327,0.23001305559956936,47.96
e73385bc9a600c894f725bcd2e96cb43ea2779c04ee426f4c7d366e2777db308,0.22991175827133964,47.95
24ba3159e2e432a5dcbbadbf14f7939a7b2c5ff2321b3265f182c02fdb1fc37b,0.229878997966612,47.95
9d2e61fc3f29765e93dd95d8e2a6cece31c8aa850804144e4b5ced0b8a25549a,0.2299011324931601,47.95
dc4a77b7cfafa923fb3e42fe197b22f0a1d6aee24ecd73deb221d54d054b0312,0.22983286898212676,47.94
93a714c4f4c77d7d782fa3d9b894467a3de76a81da3125e182b985eb1c20c950,0.22963785091384936,47.92
7816e5e52232b49b70455e5362b81a0f857b81fb319ccb7ac8f5d2beea1fc256,0.22954215193677135,47.91
60340255be25440d1a822ae37cf11dbe98e357740b4528eaa872fb962af2bcfb,0.2293977043933185,47.9
558f3f774235465bb0bc21d3f870c8c0f22707bf6d76ed20e0f1bbd991d5044b,0.22941517152071308,47.9
473a01bd19adbfe5cbaf38f4597aebc15fdb461a1a4d375f0cb4a4e0f974292b,0.22943035725772706,47.9
17d475ad6aa6fc4f23f144f25dd201acb0f02698ab7b738feb3ba5cceb752690,0.2294581804772473,47.9
397cc150fa5b97c1093feb78eb6700194bf30a7859ed4746c97daed0c1b9cdd9,0.2294353552134957,47.9
805bb8df4c2859bbb8fb0b8ee3300d049711e956c9975670e0d412c3e0dce5ca,0.22945357099371594,47.9
e689cdce17e984215e85030deb86d9945dcdf68a7f2a821e289dea2771799f51,0.22922015795795544,47.88
1ab913c555896230db92978f83a65fa314ddd8765d8e57db3785611f0ae10a20,0.22928856355079127,47.88
04fe6c685aaa39eb423c3788ddf69355010432d659bf6f6184055a709d110d67,0.2292168197623247,47.88
14affd4581934ae56ab9dfcc04d0f8e5bb06d66c09ffdc4de2e11aeb36b9fa3b,0.22925896936830825,47.88
c2e3c9067942061ee91a8bcfe9d1573ecaad83bddc025368f7def7dd91a0bc54,0.2292960524948331,47.88
b197396e0c30683d84216674fe10bd98857d3eededfb4c82be438de093478569,0.22914710456313706,47.87
6d49cee091a4cbd3d2a4977d80d647f421aad0ae84029b63de1a13d19508fc9d,0.22917710734240093,47.87
c862900f00bfd1fd4eaa1807579592f7a17c4f49783771e4dead0381e7d4151c,0.2291242468883952,47.87
6a56cdea5a1bb501092e10ad40e5e9669cd471af4035619aa341b2c4d4b8d0f5,0.22910840994733073,47.87
a71bf99231cd4048695224e9c137376538c0d616cec92f9ebd9c16b529397549,0.2290851425024647,47.86
508cc0447e889b849f8635200a00872e44ada8981b1ed069b761f94d307956b1,0.22899464811865275,47.85
14898f698ba09711a577fcdd0ca70ce25c342c110f05ef8b10c49aa5f6a6814a,0.22896592897104914,47.85
8e438abb6cc2ebdc754e44db6ab8e64ebc5f9af2bdafa466f1c4fddf6b624179,0.228852439195859,47.84
7e059f2f7139d506e5c7525600f8480e957c5ceac1aba4af1aace1aa08e0d0a6,0.2288992756834162,47.84
b1a7414e1de104cafd6c44470ef1e78c7a2c8fbb20c99aa7607f639cbbfcefe6,0.22888792196023927,47.84
bf441207ff12088d88a93ae36a957cc76bab99a5280c7b934a1d5b1ea07dc24e,0.22875950327375028,47.83
daebad86fb045ba89bb71c9924230d6d62993252e1e6b0b18cf23f111e0908f5,0.22874281815733213,47.83
53c744cdf26188ce1e92fcffa7f2f24151ea644dbed0e5217b06bdafe28625c4,0.22867271346862417,47.82
a28dedbba18ef246cb4ad5a9cf8b2596d948ef063a08952bebe60c8266f28e89,0.22865139586972602,47.82
f3aad06a9ae36731b40ab8199aa94b4a8d5007b20eedf53f0010e0ce0363d261,0.22866812089065114,47.82
67f62dab45c13663a1f8751b7d99af4653939ba6b4902bc41b2904a4b2a22e7f,0.228624754121441,47.81
f6d1345f8389e3f8c7e2aeb09bc8da1e68ba24b67c4428f3dc51beacc57f446e,0.228477504964627,47.8
5bf6c51136b8c13083e0ef3b2b03b4ec856216868d3ef8fcc0023ab7815ced82,0.2284792771622001,47.8
37edb9d0c4c594601507bd22fd516a14816ed4ec998698f8a80cb9a35d7e81a2,0.22840510863531902,47.79
d13b096db1633c2d4d122ea2afe81053b7024a2433d35b3dcdbec08e725c7e8e,0.2284018882648804,47.79
2fc17faca11444d91e445b65803297b336dd46521479a5f32d56b810a5779122,0.22834284372578015,47.79
e290fe32df377c2e462aafd07d666889f5ed57f1f85f436f76958de43574f8e1,0.22824953122618727,47.78
01dec3d8e5193f80df2b3e94b9e6f029409a25a6c3e33ba2afa5c7e97b97dbd5,0.22815016826371767,47.77
789cd8d2af37cc0e26aedb77fa572608566a988c7f52461b45d6b2e90662c937,0.22808183705338464,47.76
e00592f8a9acda98a33a80eefb7a946b022b0f0262118955a8490774e33e7742,0.22796906991210444,47.75
311309093158714a84280d37ca7f461e88f5089e4000a365e8ea8e5501882b72,0.22804605676596704,47.75
678f48ae6b5cb821695334e86e87b5b45d2b0f4aa2abf82eed7303e402cb4e14,0.22786736641158398,47.74
e362db899daa909ea23d0a13c3c4143c4c3d9874e023be48bbd300b0a7c9fb3a,0.22788642785256263,47.74
4f0532c35252bacad0f865e98ce6a866ed71b655919cf6f16b0aa202d7d3ce72,0.22776098710228485,47.72
2905930d4804823b6f205b664b73f154613d1694ab5bf2e33c0e367cfebec0a3,0.22762800384385218,47.71
7a73e8ec3ca8336b97f419120fa3366f97f1f8ffd530833f8ead73228cb51878,0.22760933605466818,47.71
d9edc4c585f42aaadd02dbb42c7e3ac8259b3e25bff29e37766bcf3b92199849,0.2275976254866575,47.71
c9c0ca62a04ec090f53e36fee994585468ffd3ba678b080ba3b1e86e4d8b881e,0.2275506954819242,47.7
335a5bf5d2f96b8fbbcd0c816593a0a353b0a0c7aa8bd9b8a79bc8a073383df6,0.2273924838846573,47.69
b7681e9850706e8ee21bd7336048f9f25e1997afe8f4827f25bdcf4a05dd4496,0.22745889899373523,47.69
5684fd86729bbaa641e1352f97c49d320812fcd4c7e2d3d2b6ddc15f0fb2244c,0.22735330299711215,47.68
ccdfb64c75c19bce6a9c87b565b577c48846caec8f706acc1f779f12b2d4b767,0.22723854060592674,47.67
3e0fe2cb85e06200ff5451259db57db9908d67d512f8eba2e07cc987b6a5ecee,0.22713382336393856,47.66
c29d58339585ad008838d332116399466cf885b2f1a3db7d0306a754336751df,0.22712607303294707,47.66
823f55d4f740241a406ccda7ab93a809cac14ab7e3434aa5abfa6263155b3fd0,0.22710300241796827,47.66
68253168e9a2be5221a8f01fb2c0f0743b0000dceb108d31172dc8dcb81f6965,0.2271243210580231,47.66
90ae7cb8ce43143e48a88ddb56fc6be35ef0f71323479f40fda827a00588708e,0.227060372908041,47.65
f5a92d7a1bb9d6133014fd9b1d28edc04dda8ea459b676abd434ca3cb618266c,0.22702590611946633,47.65
99b6840195ee65174c851a02798771400498659b9bd946c3f3d92f85bca3a37e,0.22709833085464118,47.65
d73b35cb6dd5736db2d82885a5f61299532d89444377d1b38156f00ce431c3db,0.22699502849211256,47.64
8f97538a15a1b71229a5fb5829827d9d8123389ec16f49b49e8a7bd22d947974,0.22692761274923928,47.64
159d16275a79e8125476bcdbc21c9a8af086f324ddff2d83035ef48126e675de,0.22692175979983165,47.64
04c8b17f40fa4da85face3e9f749efe8935b527ed4bf34c98b9573e835c42f21,0.22691564055987926,47.64
06500f294fd4b2ea51c40455816873949aa63212f74882d8958354990e581c1b,0.22695612006776725,47.64
d497b9aa32f4d41ac3d80c4499140a260ae2c0266f0dc2b9dfe1b38f1a134a50,0.2269154320818942,47.64
cd258a14cbb58ff73889deb976c2c2510f5e682c523845f827b244488c08d8c3,0.22686566512784967,47.63
9565ef1e135ec717344e76a1f1384c9110e40216646d04bd785653777725c7fb,0.22683856406065903,47.63
e27abdd25959b5b0781951b5b4aabe8cb5ebe37ccdbfc12b0d8d3600afa0c769,0.22671767291863806,47.61
4e294f944895044e4f15d1485fe4e649eb1a6b797a0e264d95bae0fce0faa801,0.22670700038789213,47.61
b44a55caf94175fbb1549251e845a78bd525124f8defbe92073a38a85711c67a,0.22663158550722817,47.61
80f5f1259ecc917ed6c1f2e97df916dbd9260ec3164d8c9a444a0dd4747d370a,0.22661464089114614,47.6
603969ef76572f209d6bf8c334643f5b8e8483a76416bd5fc107c17346e5e289,0.22655031382394306,47.6
d79f236adb53e7e4cd07282892e14fb32ea4a87d479053bace6cc4c97de432d3,0.2265985499565624,47.6
fbb975dfbb28fb7430960f76f05f212a4556b5685a4b53993b120b1dc4ed31bb,0.22648664800419152,47.59
bb5cdd9bc9546e8a0cdc41fcc306567fb163d345649d1f475511816370b212b7,0.22643511947577843,47.59
7ddddda2cf4ce5254f4a9b875759f115ca7e1a2cd73a7587bb8fcf6b30f14451,0.22634771547701876,47.58
96cc8a8a0aadf11b4b44aad150ec1a4154db1147accfd1cc0fdd80a42d7965f9,0.22631041667196375,47.57
243b736f52bb0919c3fb1e3da9cb080551abe11fa6bb2d369b7090872889eb3e,0.22617580637026338,47.56
1c66a3aa5eb74e7555dcd78aa45fb268429e8e6d155de654144e957bb7008bf9,0.22617169186114988,47.56
22c56d719c558edcddfcd0b9a62a2cfa7189f54eb501cfbc526821cc112f1cc2,0.22624111979511624,47.56
0daeaa703383f84ef2327ba85aed4e2d5d9cb988dc495bd33e4abfb89cf4a219,0.22609861637266834,47.55
08894402f94e34947684b2edaf97ff7674fe5e1fdbb90bdb1e34878b170b31ae,0.22614057507975097,47.55
145ce328701a3c22ffdef8dcd5d071076dbcf10a783378b53037c168e24f1ebb,0.2260549048854222,47.55
2b7a2d9e83cdb51ca41f2a806657c819530c0c3da7b5aada150d2d6e9a253da1,0.2259610612669742,47.54
406a3425c88a37a8e0ddb9ba837f5e62e86f76b018a309112a9e274aa31d75cc,0.22602724403900765,47.54
021b12fe010bb423a5bf9b3476bdb39c73fcc4a5cec677d06ec3e5cbb56f6323,0.2259933634013989,47.54
f205c0b0acdfc5febdfb600cb92c8dfbead776db1e2bdd2b56fe89fd299bfeee,0.22595273775221283,47.53
ed1f03067dec9d9a1ec974e2bbbdffc46b08dbc88d8280c33287d31dcee06322,0.2258834127924518,47.53
1ee388bf52fd554269b493020599bf11a03f1e2bc348a16465a3360f1da1c12f,0.2258843608659338,47.53
f12811e2c96d1541ef7590fb790622695a647fc267bc0812a7c06398d9534bde,0.22592516263907406,47.53
7d56ed86b34826fc472ef46f44fd5a846c86447f8ceeebc34dcfe039327a4daa,0.2258067278272626,47.52
504e1d9cbf250c294be242cd4a4fe73823e5257831ac79a3af56adcf0718db0b,0.22580461638691038,47.52
16edc627f9a3183293705682d55b96430790ad6d72b7e64c10a2cb7614ae36af,0.22574024262138048,47.51
0d874067d57431ad9829e564f551f938822ad2b3493f3a462c7ce74b2f0a3792,0.22561743405093235,47.5
e7b0eda08e3adfbab2837f99f714a9e222bafaaf88998acb2f1b404da8c61a46,0.2256126694052271,47.5
81e351edeee64a3a346f1a37714a1cfcca5fc94e15c9833793581606a268370c,0.22556697722874852,47.49
04cf565136bc0c6ab66ef3d3fd9a6b186a7bd9dd82c81f3bbf1e17dd8dff41ad,0.22551418826803005,47.49
41dc4ef2787fd3f57200f1e14655de9b39a0f345333d32bc744e6f3ce8623d23,0.22555502486855214,47.49
3878c3c480a2d01b651db4846854af2754b139e1f8c5a2741bb32f063d8b7901,0.22542103458246593,47.48
bf0c6d7ceaf02db839846e3650570d0d6bfefdb469d6839518deb33266d8b249,0.22539001914325957,47.48
c67eca5c4aff02ae5a8ff85bc6fbb2048c1e12a5303fd3b1d2e96078d6f7463a,0.22540491547845104,47.48
637beefce3901beb39ba2fef900837b8132e8435fa9e93adcf8b08034f46e5fe,0.22534351713709164,47.47
a7a39a435cb01a78744c204b4f27f6fdbfc32c090c4520be81d4b7d24bc1f903,0.22532223598639298,47.47
4da8d6a26ecc664868c9e853c303479c8ba6b72de7561681fbbc6721774cf987,0.22523462814831288,47.46
db6d76e3e1f54b86959d60940d68e00ba364852e57e91b430cc253ebf8fbcf7c,0.22518619179854266,47.45
1a29fcd13b269a17254838c292b300ff71a27ed4083a637cb8caf28035882ae9,0.22517595687149303,47.45
5377f97987f266cd1449bdcbad6de80d9c2701f5b0eea0d6ce5075eda428157c,0.22509810587322351,47.44
2063963074f77042e56c751e10c4b5c4cc81b49ada80a01f038bde4ac49c049d,0.22503509846323358,47.44
cacc7ffac29bdffc334f31a9161fbf318ba6ca072ccc7c551106d0ea0a46fe10,0.22504492991589545,47.44
6028ecf055ac40d0d0fc402a59ea3d674989c6a94cc24ad96052eb064dda0000,0.22494847343789495,47.43
05f425850805bd27e53a3b859f64c5830bfd5f32d7bee630ed14ad33a727bf32,0.2249694337896619,47.43
fdb06f81570bb70c9c04e84507fac4dabed168698f033b447550b71ffd4bc42f,0.2248849691185315,47.42
7a67db30089eb9a6351eb449350ddc160f48c260d6e8ae8ba0c7a52de905ba56,0.22490733937263818,47.42
5a1deb1f711e0c2a92c9d742f21f1754a2788cc455e59896fc14718edd76b384,0.22462157005657019,47.39
c0b0c23fe5b07277199561e3bb077e2883289e74c8dc0e6903510d4dfa102e67,0.2246027737566498,47.39
239f2c81bb253fc3013278f933b67a458f657069751779fb8a2e5fd739d9b464,0.22461539645791048,47.39
cbdc79ded0ee4987104cb40724b740c4da2212a61d95efb79556b2a4d0dc16f2,0.22454960987901176,47.39
57b507567d371bb4aa09eec1d096b9e41e69e4a6d7587a50c6e65f353336d226,0.22460207895867718,47.39
6ef63a969ee4b2803262c2ec9b87d91443ce4bce669113130596ebf64dff343b,0.22448623500980935,47.38
c41662adb1f281354c44ffc0a41a82fe81570d13ab2c84c789214a9918e513a6,0.224517307076198,47.38
7cab0793a61ee6a639feb228c0b62b7f7efca4aa080a9f777c36f9cf9a64a89f,0.22452373574488085,47.38
c69b7fc20d99b6ba0fcfcf7561aadc2c3a1e5fa010bd345a836b9ce7e6e25c21,0.22447005155502672,47.38
4a8715b5108294e7c4aac135b1b2e703ce2b5a688322edf4435978666f4a7a55,0.22443604332621464,47.37
f7c55bb08012c377c8de3e3a59f3b608fe5d1d8131c8db14333b294318042ef9,0.2243511210772945,47.37
88e338d30740b1eaf39c57c8f7a647596b45ce9faa1b2cae270e25c417cd89bf,0.22439297375611322,47.37
397d4f2eebc9e9093eb931d225b485670c651ae78580c3bb81177b3f1729f372,0.22428393005086739,47.36
cd6b144c28f1b91496a208873b913ebac6becb17c22ddd997e61ef0c3872f14c,0.22426730670431716,47.36
b93a8d3d57e41cc65f4e33d509e1090ae81befc999b25af39e1c514cf47c3f9b,0.22429465534939508,47.36
8c856820c36da755bbffde079361b9512a2c4e452f4c588aaa40e0b33242d1ad,0.22427412956654372,47.36
6bfc0ea733edb12e80e4d55d511b2458a366979bbfd15ade29ca1ab29cec0ee0,0.2242071783775027,47.35
599347dec749d7294c9d4df2f78762b28771d3aafea31e904adc623065a62e77,0.22411147519485564,47.34
5ca04a7e9eabd2420e66186e7f59d680dd05567974fad3e58bc89e40393ffb6b,0.2241118026946769,47.34
176bebcfb203f58d01f88490a633c771ee2d03037818f1b8886ef828a6290bba,0.22398117563418693,47.33
444dd5ff0b95a09dbb5024bcb5e2c1382f87ec179f95f4427437987c334e87c9,0.22387123925359553,47.32
d8d059ae309a1b69e15cf61f95658c6be4839af520ff66742415d67a3042762f,0.22389154980836146,47.32
c86ce9a4c427706e5400b4bc78144d9c66d379dc919d7a1c95a415aaa9e021f1,0.2238453838329519,47.31
48e6406a31249767df260f172a783ba8fa8826728c5eb47d775f66bed1599543,0.223862823685375,47.31
79f48d79c958231eb79b6af654036b0a1be016d192f2321c12b7190cf3b7159a,0.2236831874520685,47.3
f78d4923119316cc7bc7e598cbfd20e683af4d41766046fc7b90c54ee307546f,0.22372020767899317,47.3
36a01283055ce2dac26483249fb679875c4af6eafb29fdb4c2f017500a292f51,0.22364980816011001,47.29
19825566da7589231658df650d839ff841ac368ea62903083ad7f8369c563310,0.2235242437187242,47.28
82f90f1a1dff0e4da4dd2020a3932516d112b091af75d2f724d1f00a5c2ef350,0.22349884160644365,47.28
6e8581e9b85f3d6821d2000e20db4d7628bbe1533f2854dd46cc1e198bd1c223,0.22347054662504656,47.27
5cd0ba5d44b147b8ca9311f4bef446f1096104b97dbfd2934957699e4bea6e53,0.22335626112993606,47.26
b9597cb94f0a142398e873c65384c3ea3d0cdac9a6b988bea02876ab52b4b632,0.22335284050012333,47.26
030cdbdb8c8b928d793c7d6bac0a4c68d0effcf2dd6b498433221fad342ea77e,0.22319495499081413,47.24
d6106f2a5f1e190782d0cb3e4fd6d3b3cdd6126f3d2fe4eac4fe8a0b7934236f,0.2231885456533418,47.24
402ef19af7772413205f4cc458b78f11fed8c88b843eeaae8b5f17afbf4ddf21,0.22311052108125676,47.23
19686bf885f8d27ea64410b9430750419913953d60760efb5ae6752a56ccdbe3,0.2229494304405776,47.22
931111303b1ca2fbb616ebf85e65300434dd88b657f44be28d3358cc428def96,0.22297139345864514,47.22
21ec1ae70b52db9b96d1fd44b18f3380fd1d49a1ca77cd20ed33043372fc71a9,0.2228852886594735,47.21
84577ff47a39d42e1d8101c40e97c07ae1e96a839c6c09431c70a0b5692ccc42,0.22290265162365602,47.21
f0d1ba67244eaac3cb76aee424e49253182f6c61334e06c15205f276ccd1ea8c,0.22282039024708222,47.2
7be53032b83c0756e0890f67acf462b115ea672c7bce8f60b6beae1b8aa3229f,0.2227679061711283,47.2
8f6a03f3a8b45b0c4df452f59f80b90d6b2602ef09923f958e2273078a5e73af,0.22279127442465882,47.2
518fe4920189b2051ba912e355810ee40ef24658a280e1c8602439c227d60167,0.22250819928400778,47.17
6a998a666db715a6dcac3aaad8170899efb6707ad9aeb690712850a3fa4d6e92,0.22247436864443035,47.17
7dcec0175ac3d25afe8afae0906f3fb31ef68132cd106af8b6daa87984875dc9,0.22237041415604597,47.16
6313b1238ae6169144075225175487579e3669891c61d36cfb95d51574fe9176,0.2223911250220457,47.16
f29d627de0e2a085503211ed9a57a0830994b556c2be294243611a8c096d6619,0.22242346481057595,47.16
80eb310720bfe912773caeef77fde75c2c5905c5509bb68e97484d6004418c75,0.2224246373838123,47.16
a8a75e0a3bfcca6b4521d99d02d93b10eae693f7b61782d68d4676d9ad8ada0e,0.2222018192095526,47.14
f3327ad9d020347040398de7407956687a1ea1d27293399d07dc5f2e787590ed,0.2222041042939141,47.14
c732d3e7f7c41364bded8b4f998dc5b4ad11d3832fdd44df94ea321304e8fa6a,0.22217498858815912,47.14
42c230b5d0e1abafc85e5715b5073cbe2b82b37b2afa56e4d1ae8276f5737ab4,0.22218617340246843,47.14
dc24bbc6715b65a518c78ce11b88c3281f3f2f01f8e9f0538efe26d05803d55f,0.22219609155911463,47.14
c382e1ce5fb3fb8d4a006dddfd1a9429da71a9ff3e896ac3d2dcf7097830cbd2,0.22208971806202002,47.13
d4eb20bf93781fe414551a3180b05e1df0bcc953f122c832650a8451633d5899,0.2221601276013966,47.13
ad4e90353a2f6afafec558c3c791627842232d45984cf8c4276f0df39d3af11d,0.22199428551389044,47.12
e6f20598f9f3147a44483a73d860a5226271047213af64bf3213b4d7d1b08b6d,0.22206300854745448,47.12
b9dca1edaf0159f751117a3def1641209db5687c1309a9658eab63876e583f9d,0.22206966803495654,47.12
3b56aaaae62d43a14f4faea921541f61c4b7b1bed8e779ca9ffff431d8a97de4,0.2219493083088647,47.11
7e3f17085fd85263da1db6d7c2dc91af3b96ba64be3d4cd0b024fc5efb5b5923,0.2218034397562746,47.1
43596237088081e5214577e09cad72d1f2cb8626c33784368bca04cc30bd2392,0.2216892958172093,47.08
1f3496d5e8423dbbaaea4631c0555234abe17edeeb52e3b894afa0af10034fc7,0.22162469324584308,47.08
390ab988938e013c64df796c21893a6bf8fe6c19fc14ca5d813ec59eb9cab5d3,0.22157045912311982,47.07
dc59b3f4638c2d5323db419dc7da81a3edabaebd5ab6184ffaad88ab5ba33f57,0.2214482167816926,47.06
a1ff72ae78e2e37bef6c147d4f4db823217beb76bf6e1e33431376cac251831f,0.22144565065969724,47.06
2f771ebc5243ead99ecc0fb7c60fd8f999f0595a6d32bd6016d3652bb6e068ef,0.2214283309999687,47.06
99b9ee6304e4d4d79d0636f43d39ab50eccad73e69d95ab0cbc60bdc7567141e,0.22138589948201598,47.05
a4fbe8e1c7336817a3ef5071aa745b4dc4076d5702f2a2ff66b70132c518b1f6,0.2212847935008865,47.04
24516d04cbfe47eb77a86e8554b04bb69995c4a77b0f7b6dbf176d0399245ea8,0.22119175806623523,47.03
aef42e928fa6bb6d8d58f8d37ad41852e2de9acbb5b9209c8a24a2e020bb0fb5,0.22106331098797202,47.02
4ac9591f3ce66401182b6dce48c50588aa1b0c99d03b404a7c62f8666a2b5cf8,0.22105057070219697,47.02
4869f09fb6e3e74ac3e58c8eb2f908bc9823fea13f989dfa653ff25104482d7c,0.2211146414214088,47.02
9ffe27ccb8cf9f8443a5d46c9ad369b16c7de86704b26023e7bde884e08a7ca0,0.22112388555542623,47.02
1a8f5510d42f409613e6314cd47238a29eb02e0a712485a348e1d1186e71600c,0.22105794742204288,47.02
bc138c7efadf288a38b0e9363d7c68744dc82ae7100f8ba0b1a186197c71e96e,0.2210194220504262,47.01
90dacb2129854e5f28daf4739816e0d51e18fa8268e2bc59c2f624dcefbe13f1,0.22096252457938678,47.01
fd960349c93dba0880e36a5690ed5259ab4fec1cc6596462caba64bb0b034819,0.22090310647355685,47.0
37d9ccfa3c2a23500254f96473724a0e780952d326eaf6db04ce837b18eb948d,0.22082302811724897,46.99
ab5bd71ac69759009de9c7a95499bbee17c7ed881cec98ee2b3d272400e7f176,0.22070702888780133,46.98
5b8a9a9c58fd51ae635ae42a6e9880c0b66417ddfb5cc3eb7ab4ca2b8bc22db3,0.22071217461578765,46.98
bb809e09475b7e35117ee04aec0428324f0376c7bd070987579c7c8d111385e1,0.22070435534861998,46.98
fced612883999a2a66ed271d5a50c0a02dd6cd71281289482714bd91e115792f,0.22060064930960477,46.97
055dac9053a16e9d0308a69efecbc8d6f3a363ee720b83eec862aac31d85ac0c,0.2205908196083492,46.97
f4f914059f246fb907b3d741f6c53730e9c5e2b35f067c1b7906943041cf3c92,0.22050763347528501,46.96
5251f4df7c95e72bacd6ae7e916d3f4991eca4378e5d9aba8ccdd5935e9a5e4e,0.22056251286545792,46.96
66ffc0594356de0326f570511f7d7520a438a62aa9412113332ed8cce8305901,0.22050211988776053,46.96
e3175a193274c363934866633f5d63762b961db0a2af999cf0325c1c0794c6bc,0.22051593252190443,46.96
0448f6768cee85b326d65c176ab63b9b88b12130b1aaf811f3238e019a18a8e8,0.2205555233921411,46.96
a78ed99e63e3a2cf59280805e23287619b23770bd1bf3249274739ff2c2b28bc,0.22051431572143534,46.96
dcfe1110132b033cbfdf5aeedbf6219e5532eb3c06a47b72fc3e66f939a3af26,0.22047609831623327,46.95
62ebcc2e4a655d64a639ac90a572efccbdc745cfe69cff9f6b1bacb9e350c06d,0.22046261849410803,46.95
396a3ebfc3f3f4f1d71681e40df3eadbed56ddd7c3bdf0e28796ddd021c72d9c,0.22034909143040532,46.94
8512751e97894ccecceacf3e3dd76308445fd7269be16e2f01f01d05e525b00c,0.22032530464390468,46.94
dc2289eb390bd125badd4c8a7188e162015b98d22c5a71deae123b2c9ed1c4b1,0.22033574824920288,46.94
e7fd9131159f1aa4352d829ad1c48aec32d3f256a1ed0844b8b7f975f8d2ff6c,0.22031264569806827,46.94
3d3a4ca7586c382b0b837fc30bbad343b8158d7a7e48a7feab8218550234ead0,0.2202730697593773,46.93
e66e0dc115ad6827609486e7d41684b6033777a06514319fb9e37764b6d29f62,0.22025969200232,46.93
c88f93d6dc0e2c2e728b5dac44f83151a4c9d9c908c43ec8ae632da0e8aeb6bc,0.2201039070689454,46.92
81f0ee2f34c220b777ec6924e94274d44366b83b6ee1132f791892d26d603a07,0.22006807908185297,46.91
07a97b09c8cffde62c055e623f65aa87dbb5be17939ee824f255344c64cf9687,0.22007442727546128,46.91
3708431d94e287a246467720e8696685bb38f211ebfeb01fd98d789fff4f82e6,0.2200696399363966,46.91
257b24d0ebedb725b41cb0b891b3f09706912cdaabac2b714254094c8763989b,0.21992668459276646,46.9
b3bcf4f7e56e83302af2d8e2a437b6205fbef5104368d76fce897d3c0f49a581,0.21995491168856077,46.9
c9b85fd5b290579bcc0ebce01fa42c87960168b2706deff0bfa1ff3ed1b8b70d,0.2199083363985269,46.89
c85e62347f22e9299f7c0de74071f06be9cf799dc001192e8491ed8e4ac67e67,0.21978430746974367,46.88
578bb16a57db74d503dd3b28fe51c3d1a527bda0636def90cf214b854cef471b,0.2196764289405264,46.87
d626e969dfb9bdbdf11e5054c646582daee3a4701acdc8d1a7d8a0120c77c6ae,0.21955841268963452,46.86
ebf68e3802580429fcccbd4dc3c5eec88bab25990bd91cf3b3c40853016e0e84,0.21951807840906937,46.85
b0b66fb3c59aa85b103f72258862627980aa2929f875c03279b26678e31fe399,0.21937954229754975,46.84
3a7e0782e741c04fe311af1814f1f3fc5fd04d4613eb7a9396b825f309339af6,0.21932146190657126,46.83
98ed7c14d9b3039f40b6c5e5de307c92863f8918da17f0e3c471a583f81ee8ba,0.21926866622005486,46.83
254940d7928c078a35fdf0cb1cc687654f08854916b26fae35385aa2bae5c581,0.2192797589977414,46.83
3f8aea685bb0d9eb3844de4a680211e713f71302fea1daf4d36155a8605c75a2,0.21919209737503612,46.82
7b12aa2cac3d51725b7fa0309649a317983c0b2ed976f03ec3cdf74bdfe142e3,0.21920263297143797,46.82
586738a1bb71adcd05955537decb7e47a1cc1f838c9cc0471a4aa5ece8c36810,0.2191373747501337,46.81
da021134fa0c89f2bceb8a126a7d9b062566df9f51970e300fb7ca5b5d8ea874,0.21908246367765125,46.81
65d99b55c097384b248d005649d57b0bda62ea713d614355214febb5f0a7401a,0.219163198254427,46.81
97de4e08001060fe3663bef92c09aef329aa8b09198179b1a9fa2c71b854b219,0.2191468517844145,46.81
7a3056c0979dec5d9efc3f8c8e3a44f6e443794b247c2cbf22c6be6ac2eb9510,0.2190800409610674,46.81
a68da529c547468077b2c072c49b2ff8fe36522b9f8949775f954bbcd360a435,0.21913371586858826,46.81
286e2c04780ef87d84b00113ff3bfd9ce6ec083ea454594a5b0ba459f2d58344,0.2191048115632789,46.81
bc0d7996facc687e4befcdd34fae34a09dee79d18f67928604fb7a2bcd6a9615,0.21902131447461531,46.8
97a71372c065bfe942151f3ec848a72afa147e5b295896622f6b1bec07559333,0.21902017370282434,46.8
aecb70a2e01b2fea53c75849e116e34352cb4ffab06f2e9f6e62114a1fc66558,0.21891663506700815,46.79
39018e1c5096560b4460c1f01a6b94c9ca0f0d7b588f058b4696bdc0e8453d0c,0.2189013649866814,46.79
719819c9b5eb4bf851b849857bc6bd66764d05e1a82f50df235d209793f499f5,0.21893291884990326,46.79
b0d673f32b00f94a141f4a0db318aca0a8bfb711a6323e42360b21379ba24144,0.218923629382061,46.79
68b56f5719983cb148aa06cb5f1fe62bc65029e4959723c324db31c4eb2a48cc,0.21872670992775942,46.77
ae09546705f23faab331be01c454a4a86dd25e816dae153353d8d24df433ba1d,0.2187639290714795,46.77
eab8c3405d1276b0627a861fd9e342a93b2b6c6e480ac0c969142d98a5a65699,0.21865879316905962,46.76
00a11836e9e4e6d7be2c10d12c6825da9a285c523eb4850930139de5e1448aac,0.2184514186535456,46.74
f41666df6de4c01db9b2d2c7be0754cecfc2b01c5b0c9ee6d1aa483bd92850d0,0.21834427940427392,46.73
41d359fbd7b376e91181ab7647ab3c13e274d121152626b2737c62c9d28bcd70,0.21841161434850725,46.73
3eab51e0f5a2fd0e781de31bca12613c1b9ccb373ccfba700b0987a15640fc6d,0.21835149740502982,46.73
d89d2a9e28823d0f80c50e50aee4da49b81b78120a674a1ec45f8db2b7e654f6,0.21824669738227395,46.72
5353f4e73624e3b4c59354ef03fcd2c9635b944f0505e48709a21b15bc7cf9dc,0.2183197901340626,46.72
52e0269a4114b514d3c73594ad05a6a7b8bedc0ae9c7964d037b91ebc39a4259,0.21822442541568418,46.71
514b7b8df9bc8454f0a4c3505ee97a5166723fbbf9a9bfa7a625785b5cc4f0bb,0.21814890933576236,46.71
f4e95e8ed2c0e91265c8cf2fc7d07db92467492fb11d0de23511152919752b43,0.21821495893211248,46.71
749a410227125692157fcf816029ec1d39427824bc9a83661261fa798a8bbe7a,0.21815524975970088,46.71
7e66ec457660febb45cb1d363b38a3745f467276c52325104820d7cf49094281,0.21817162749332986,46.71
ecab0f35fc1bc8933e44705b4ead64c875f1576c7ed6fca39c0fa9f93cad9824,0.21808871288190945,46.7
3d11e54cf87135eea919eb6769cc2570ebfa55b5339c698aea17491056b31b68,0.21809153299796546,46.7
672e1d53dfaede40ee103ab68f871e485af31512c96f6ce76411ce9304ee6f7a,0.21801209608271857,46.69
744be52e4cd1c7c8a954dacd85a1d9822e105293e4779bc4d7ce91d84cd381ba,0.21802574765958113,46.69
5b929e5ac832de103f5332fdeef817a3c30a4f86389cf119424d99634774b308,0.21798855999050457,46.69
429e804cf131b25d20bf84c77b8e81750207db8929b36cbb7a9e8499dde6f5f9,0.21803684892550002,46.69
cf3385ae53717848a8fca40d5e0821ecf867f89e300aec4e8552e8f82eeb481b,0.2179017286994397,46.68
2a098b9ca671e7464d357e2ff16c5ac586f225aebaa97b9650e299e6cef70157,0.217923308067743,46.68
9b3101bdef69d0f3c300eb75eff04de715afe6ba1e35e446be78bbce3866fe9e,0.2178731781114404,46.68
78e03c1d2300349c85374196c2f28b3d71164be99bdfdc86d6016eae6ac08af3,0.21792284830621195,46.68
bf047e8783b2b041126f69b0912c1da3f6d72df9718aa2a6edb2c8352bcc0516,0.21793810771059377,46.68
2abd7e0a45e7b9030b6069e48dc1fba6234655ccbec683a9818c0013bf1e98f3,0.21776478936956312,46.67
c3e06b4e5e5a8feb98c75eeed85d78c3cbdc95cdbda0ee3d4e28c83fbb573884,0.21785411928205423,46.67
1b515855c8513a1fdfb3184f36cd501dbc2c78e86db8333993c67239385f7cfd,0.21783298641595875,46.67
7748f92268c10b89bb74f595889ed20d1eefb1b131d13970a6fd03a51eb11741,0.21770254983151716,46.66
9983be218140814d703ff185ad4ef4c3fedcbc64f9671605c259f4f44b92a867,0.21771507506478327,46.66
68ad4e04501e19f5c00142df952237f0861e2f0116f495eccc9311d2fdb4065a,0.2176218176508922,46.65
4c172432d177f4ac40d00aa138ff95a30786ad070b46b2b9a18460b84a959d35,0.2175895488745944,46.65
3ec9d91a8273cf4198addfa982785525e46aa6f232a27af37051ffa53e17e1d4,0.21752873282852114,46.64
4ba6f03114adade33383e5fea54a68d9a966d572ebbc58f1f78ac492f93ef034,0.21753872732651128,46.64
f7d7ee54d15e67d0e3c9ccf6eb3e9de74b91e7a1d2cc671c59aba88caf66a075,0.21730717308147465,46.62
4db385a97177a4aed9020893ec7427b740fae2e83caaf5fe2e22451fbef97958,0.21729999309523176,46.62
9334b2d0c58f7aea730c00e4e2e5aff71c5432d7f9fcf2984ff98fd520f0d69a,0.217370647686293,46.62
3377d6cc1fe5195371b3d576e95b6aacc720b6fa7f48eca9ce643f81043c2ad5,0.21732390895215498,46.62
bd459f2034b5b6b8988e6076fbc2be9031a4d11c4fe9ca30ec0bd79ffcc4c75d,0.2172950105100789,46.61
e1573ee6f306e33a77b0a26783839b610549c01c3865d2d43382cd66ec8e976b,0.21716940412872326,46.6
7b758dff2aab9856cb13266e09f68d2efdce530a69192d37207790c7a7cb9ab2,0.2171141024625922,46.6
765fa5922b3fd218f63080aac932bcb617ac900df18c95973bff6af8c334d887,0.2171550855171761,46.6
85926ff9e0161456d23ff01bd44eb5babdcf4df6bdba7a6095d7d9f9cea0ddbf,0.21703358865683195,46.59
e7e43bc6df7432f4fd1e855ae2321e4783641c9460d212cde241fb0453c1fd80,0.2170867047071872,46.59
2cc8df5e59e04f30da7c7bc6eba8c369c4378df5aa745b3f965e5805bcf17543,0.21703928533717434,46.59
eed536bf4d733aff2ac7b0a9ba7ce705a7187d696ca3a58fa0064ded2e54e9eb,0.21708600801049083,46.59
3f80744af51236872bdd3dc41b8b9c6afda9f69cab7ab87578e4520731a82d41,0.21692588722381134,46.58
8458df3891a851bde73798925e4f3661457839bd20bc15ae375b339f30b0a85b,0.21689120455998906,46.57
4f0ecef1590616f5b0fcedcfc28de13b2df51d2b86dc800cd5aaccac9e23a006,0.21690802123645836,46.57
4d31cc4af1181c6568ec67dcda36cce5ac4678b1de67e8bd31ebcaa71a55e4d1,0.21682593869329783,46.56
c1b22d0040e68fb1a766b8bd7b00aaf0a531d71313c738e5c746879cadd4e14e,0.21664594516763658,46.55
8c39dfcb38f9d4a056f2c5d0cb38efaa37a21ea68835224aaad4e7cad4bfdeef,0.2167355395854407,46.55
a989b9116e30981c62337890489c13d671a3064f60d3955809329d5f6ec78bf5,0.2166535605422808,46.55
0fa6c959820477bb2f65fa7243dcdc7b8418eb6413504b7d84fd7c5512d70b19,0.21667857489383738,46.55
b14aca846e0783dab20b8368811ca82067f17b75cfb96882205ef5ade8731f5b,0.21660260943583406,46.54
6ecfba6e474adec982383f3b8e619b6f4d32c76b7a68e4c97e10602aba21b3e9,0.21660856058806233,46.54
3c549d2b90443615bb243b5abb80f98f608b1fc36224760b9cc137c403d4548c,0.21657684312359674,46.54
2033406128937178d0509038a157c44a5f00375403b1c59bae7e1c49815bca65,0.21649756400246947,46.53
3ebfade35f4d1bcbaebd453ba36d7cdf8c2a8bc5eeef7b3e8e32f2bec089a37f,0.21646577366144168,46.53
7499c3ddbf54065945818f9dc2e1089e855f01fad3959f37cbc46b7dfe9017cb,0.2163793144186547,46.52
cb12701f6dc59138a003405e87d9474b37d1087aeacd7e3ef90908d5b81cbe55,0.21641393974342577,46.52
1114d7e9f7cdbb3fac882c050fd0f64d6f3849fa669eb387314df8188952e216,0.21641568988870033,46.52
ef2db2bf5452610b1392db51b78724be29b472df22b2f037a45f1d7c7077717e,0.2163655966672744,46.52
f9ee705618740a0f4011166af38d4498bb714caece9404d8f43879bda33c6b28,0.21635807988344968,46.51
f97ea351da7afc378fceb38b580c963a0c4cda7a43650323a731e2f57e1c0fba,0.21630404884412627,46.51
a9121a07837b2ebeffbc91fc5e08af734237967238b2b15aedd8bf5598d48494,0.21617853210241844,46.5
57b48b3a37e857528d5594fa6da4c7e4d6e2f5b9ecdb742a1d91574eb1b57ba7,0.21619329645887952,46.5
b62c72cc49e909789f0f9a2e444937d1bafb3014860d5881da8631ea391a6df9,0.21619581313781353,46.5
612e56ae424225282db7e1f9f2745084bfacd439e2aa8de07a0c73e1e9048df0,0.21618448987601968,46.5
a83e3dc18e6579ca717a8cf9525a760db3ea36609558d917c068f344e11ce92c,0.2162176983012862,46.5
3990b735a76248e0a1131d21528016015aba9cc59aeebf240bf2f211ef73d76c,0.2161967914183992,46.5
2a0e3f1ae5d2275a923ba436f2289a9e3eb0233103bf10d928fa6d4afcec272a,0.21616575934027815,46.49
3621837032937dad1f530edb1b1c09ab6840903cea0d02110563b3d8fc593932,0.21608817529423965,46.49
00d4ae3e32b2b884c9d98840e891782d11c4947cced84b0effe18fa8f69139ea,0.2161695241716483,46.49
234f64d7bc089620e79264d2817d7429a22c4e9b319c711f606258b7bab0819e,0.2161200566530865,46.49
d31297cbcc6b82aaa1af2fa31696be55bdd7aac61c1c2cc7ea2a4b7665b5e115,0.2160329249100898,46.48
951dc80ed356fe7540b9b628f1a1ad14a3581df8e5f9a04bafb319f173ef59be,0.21591854607109215,46.47
27b0f554f5bfa7429da6869524b593bded32f12925538e8883152c00baa28cfd,0.21591812828115034,46.47
0cf9a9c2886db70c2a81926a0c837cddefc284372ea4c6a41a6d6e085b066076,0.21598668898301426,46.47
c207a37e86600aff1b9cad71702f4680fb7cc6614e18cb4402e86d742c56107d,0.21590603965787092,46.47
034e34ccc80d26535e1c143e320731f5fefd42118a02a38ea7f3857d7c56a9ef,0.2158182893709358,46.46
bf29e33e2b01e8c9b0ee3d68a4f06aaeb0af8793acb5d95317136d435bc860ac,0.21583545469532647,46.46
65b0c0ba1e997b03c6fb631389e6abf235fc54f0759daa2695684c0fe94ed071,0.21577804946255263,46.45
66df5a3df7983d45d6d63ac089256e55970742d7d42a33966dcdc6bc54b3174a,0.2157713727676418,46.45
28c695248f725d66398267caebfccaf806b9d294960697264babc049d66d6450,0.2157678731776292,46.45
19b25148e36322c7e1fb90037df1e2e6b2046531b74c1f09394958267d895484,0.21568909136287628,46.44
c69c991db5254df05dc4d4a3fd9c8b99102314d538e597e3955c1012d967ee3e,0.21569310319444424,46.44
44d80dcfc05c331c0f898ac9ce70dcc3278357d084f13a0c2757509e6ac0e92b,0.21567317969033023,46.44
7694fa206b55fb4e3a546d1eda321c5a7d1cbda8736966e523ecc23ab77da536,0.2156159746403449,46.43
38987fe72022a102eec30ae7e69bfdf33ec13242ee4919519443ffd6f85c02a4,0.21548882875437747,46.42
2426841e1da04a46813e3be24ed19cb688ebddfbdda4feb7b1f66a50faebf026,0.2154375931926767,46.42
2c122c283185ad4a771e29b702105c92c1d43ff8e388652e9d0ae297d4de3af0,0.21546333929063302,46.42
24e32bbadf13384dcada36bbdade02e2f614c99c7f9ed21e8761dd2764ebab70,0.21543695408921068,46.42
883866f1b37bfb34298c8ea3e7c0d4f4f66eb81d1b6f85cbe45462f11988fe89,0.21539707397148175,46.41
125cde7a5885a71052783f8f43cf61cf4e8181d069034340548e39dfe483e58a,0.2154249159360277,46.41
eb933496c7cafb647a011c66e43ec17730d9df6d72eced57a3866300bf98d07b,0.21540132693029956,46.41
8f10c917d5fb5d601670733050cc96a42397e92fe18b6546f9b8c33b5630e8d7,0.21539955176790837,46.41
45974bf352f7edcb8ec2d6e04efd00067dd3cf9755a608c52bb12a52d4dedf3c,0.21538452333297106,46.41
2fba11e56f5f80b7d4c668ac30249d3c6563f18ccdeb0355503a8d0f332504f4,0.21525755312555594,46.4
05ddb2bab910913beacd8586ab93aba185c5ec79f1ed1e8837f4e86a99818d9d,0.21530181481072472,46.4
d87da16c3732324665df6a32c35d18c872c5b65f351d03dfe85b313d33c5266a,0.2152791076665867,46.4
b802b01d4452fd18f038da5694dc7722e1061c51a7ad7855863a6c7fd80bd7d3,0.21521626673323266,46.39
26a63552491c3e46dab8ee6744a8048b178cdd946467c3307c9edef9ee349d0a,0.215184998378426,46.39
8493ddfa73e434fc0476e4d2b118e9aba58e8ef9b70fc7da8559adef1e83e678,0.2150753107044233,46.38
61766f22244c724ba5efecfebcee25d638663c3ba965fa81ecc1a03b413eaa08,0.21506677926529175,46.38
015804680b6316cc901381d2baa1a49ce334c4576cd042bbc73e95e3ea95b3c3,0.2150809000867505,46.38
939909bcd912e2733c4e145defc23ab7fac7daf50672f76e74a5446d2757c408,0.2150194835639527,46.37
3b8ddfa92e5b44ddcfd4d8536491a7488b1fec25b0eb17fc02699f4f40230da9,0.2149405305106518,46.36
5757456c46db0dbfea331a5b23d8998555e82385ca03690da38a2b52a0a2745e,0.21492700743980847,46.36
b37a1dcd95c9ebb359084562687385f3e38f114c35b74e9937e51a722fa9259c,0.21491048981928057,46.36
157f72dbfb71dd419107d3efbb041abc8bbb6614b1766877d4030bcda583fc01,0.21486658898056735,46.35
6d6e67e4cd5887ba7e6b10391c01d03dc541de2c534701f2c9cb9b8821ace832,0.21470447107130386,46.34
768c69777dbb4a0c96aa67406e424dca853282bf13dd31fcdf80a92e7b9722d2,0.21475553539864922,46.34
24efa24d18e8a189ab3f586d6f2baf7c64953036c727029ab04c745715dfe42c,0.21467284278456034,46.33
bdde33bb1390e7c82c2f0641272aec841f8e678009440d70de751c5689525185,0.2146064405474396,46.33
dd3d5f7050cfe6067d7826603807a0e43c9137ce3bee7326000fc00ba649d4fe,0.21465042380056254,46.33
8d821a45111ce5dcbbca5a5f928fc9b933080e820745852f101d57a10ba01769,0.21458627984330012,46.32
820ac4a7dd51f23118f230c9c9f5275eaaedb33b679c64ba88fb88e777b9e79e,0.21456895348870908,46.32
cb5cb5212daccee29d6176d27979ffbfe706fb8c43853f4757f1a27d90c598ca,0.21451636819410616,46.32
4a61b2eb64e0df00d1b3fe486966cf2ecb7cec961d8f1e03481586bfc0f02b3d,0.21449083288322318,46.31
a8353df1949f099bb0ed428e282a19f2ba3cbab73191b911bd3377dc49c570ff,0.21442264925322096,46.31
9fdaf1651176a80534ca67a59ef0e47e3ca752d83dea767310416dde5d1379b0,0.2144082190322361,46.3
84f306cb5a8961a4c4f9984347a1e68c076e69a671ea826df32debfc7a9f40fe,0.2144023369367022,46.3
06791d64540206d4b359786f028fdbf85eb731c1ebb5dc6c8d35b4d6a2903f18,0.2143419025121683,46.3
1032f81da56600cda26d70e8fffc744b8bf9023d3f068d809810db5b05ca74d0,0.2142414301130786,46.29
51c8d0472ecd9771bcf7b3884b7deef22ed943ef2bcd8e0c0506bd3781126d4f,0.2141729528160815,46.28
c913afd2ec81fbb4b1c63d21b262904c9b016806a608743a97c651277395b5f5,0.2141682198800195,46.28
e83938a48a1254935220353890ec3637252c349b072f8d68ea7c69bff19b5a4b,0.21414909946436847,46.28
952222b022e3e1f725948126ebaec3e2b8a4d12e6d60ac7b21670a4123fd0eff,0.2140500747961014,46.27
ab6dfe2edce8be514ee9e68d3e0fed739dc92ae160a897671bdf1e90d38824f9,0.21407151471582928,46.27
4b52e01a038e381ab618351bbbedd70b9c8b52216c57c9eed5d446b4542ac334,0.21397968769656286,46.26
d7a6f8bf97b8b00ec5e87ed20403e0c12da4b32ed46b4d3f23da99cad0d8b633,0.213888726016479,46.25
7c9bebb6a39680f025feed5674e12eebaa4ae79532146f6a45627958f240da87,0.21388675323881579,46.25
d76cc8073f0e8123f135eacf93c900c4111c814afaf2791ad3804abd7743551b,0.2138380111780184,46.24
012f24625840df3c9417a9a69f05e1fa6e9438f3bbb9fa0e72fb51c2e09b2691,0.21381744227407434,46.24
24f041359c77d5b835a0ab140e52fdf4d40ffab7032ff842f08d40d615d1050c,0.2138408048200643,46.24
9c0c1fa63bd01868240818f932aa60e809276f26274094b0fe7cac9299e639fb,0.21362817487604208,46.22
ef56e143e088800fef31b05fd1f628effce80394254db22c4a135f17b73e80af,0.21352305026138654,46.21
e03816ee58d7de0af7b23c7a95f9314a1a5b9315d6c60ff34f5423226897bfb6,0.21344397767241513,46.2
87e45039c6873c86d899a27eaf4ec701e1c02e8af1f850203e94f405dd41e5a8,0.21346860743298823,46.2
d290b05a7e34156e991a46db269ebc778518c344ddaac76e9a5edc899d4880d4,0.21337180699421357,46.19
4b36f9e7b20d232fcb5022fe47cd246009e7771193bdbd71ae8cf420af81348c,0.2133705906194609,46.19
2bfed74904c795677c5ff4e6fc7e75309355e569ce18162fc92e1753364e3a08,0.21322884439023845,46.18
406d6656639dc674a001ef5baae5f4fbec8f224da6ac1ccba42bd126ec46bf70,0.2132078339777644,46.17
8898e7252a73119ff8ed7230fa15985b1f9e3143ebbeae2f23eee81b7eb878f5,0.2130790489273396,46.16
142bc5b334214ead76cc1fad57ba5b3ac8701fe04bddcde09bdfe1e14f64fe01,0.21285952119988558,46.14
0da3e8810a74b1781d179bbd6bca2d488f93880a77e7fe665aa80f9d946db08c,0.2129330682423631,46.14
1aaa343d508ca3cda19e3891bfd66927a9f39ddc6042b9494877130ff0b0003e,0.2128564550091195,46.14
8730579069885dc5c5d7113f4b43df91862756bd1969016d0ebaf42704f8c826,0.2129010522562789,46.14
f5a0fe7d60f15e2e2329ed6e302fea7bb13cf7edbe26e35c7c84eb94202cdb31,0.21275597948480673,46.13
7649dc2adc644c0917ff184e99955d1163e6f16af2feaa1d41fc7be8e83db249,0.21283143725496828,46.13
227b7bf3a9bdac8fe98f21e81effa86793f5a6daf6c2d8de500ef4387a66a434,0.21270491486581034,46.12
f1855036a49530b8d35e975204467824721a39283f18e0ed548b9bcb2463ef8c,0.21265333674549428,46.11
c8ed5938f7a9e1aa268b82c7863e10c4aaa055f1064f066e447fd1c65c9257f2,0.21261939169823577,46.11
99a4741d13a12d26eca96bb4bbbef004540cf6d93a27d4826765d71b9a53dd7c,0.21264726691767105,46.11
9587794d15135101000f06592e95b6d2d464c7975c20624363aeacca1dfb9858,0.21259030185079683,46.11
c012c55a413c1f8ee34951f7d752ea422d72ea535684cccd89770f0f4f8e4d3e,0.21262930930887788,46.11
4849201107c8e1d22f18a94c2bd45fc7e9a049cb626ac5ab48ad7db5382cc9e4,0.21262195546073775,46.11
189fcd8f04cac42019a8f5e2eded2bf60de1beebe9d4a13c30080f3c44aee207,0.21252994690724758,46.1
a4d4d62781aba4a6cc022dcbecae626388e93fec8eba9ad87925645c9ed4c214,0.21241604008063955,46.09
daa7c97c6f8327055066f35f23535bd6e488e4addecf1be89f8432898c3d2850,0.21238851356976188,46.09
a57a8287838720a9ae73c7fb334d35d630250914268fad13a04d7d23418ddf2c,0.21247377048312402,46.09
9d28bd79fd77b822ef09bc194f1ff79f82f13fc1697bccc6d47d621fe559ecab,0.21222078173516037,46.07
527dff0ef3f6f4dbf92e1ac8be6b4c94da662279f908203273b91948719255ad,0.21226627486334404,46.07
16f4195a6fb9530a8bbd382cfbedabe138bcacb631d160491d3b3725764f3d82,0.21221698076315282,46.07
e17c4f654e47c615b75f9e949bdd5e58ec8d206bd3821a61599fb8b344d64936,0.21225228643014415,46.07
31643821d9a7d4886714cb026317f4bf9c8cd5b46825438a17b88d2965e41fa0,0.2122779199400327,46.07
4f38094dea7233c52d111cb5fa2139017362c4c9e99ddd694be9c3b67fe80751,0.21216092966194466,46.06
5b13541bc115f4196ce4e98253b1b786d73ebf9b92f0d475e982299b61dacf9a,0.21215677516622272,46.06
832196dc18fcbdf818ff06d756ef81b46448fb359853b487f56b41bbfb818300,0.2120710381413884,46.05
c03b0a8aada335b5ae0b59dfe1946091e9e2ea9440c6b275a68f87dfcf2827cc,0.2120345536283616,46.05
b2cd0e7b39f2d728c53d446098cdc3c001637b735c92cffa0c431caa7abd77b4,0.2120803622553612,46.05
cf9af0088c32a867e6ce75a92867e085cd9af46b72dbb1c471ac2556abf2f8d4,0.21198510278258437,46.04
74382d4d15209b6bdaf4be9e866c4022acae6cae654c04483bd1a35859b17f0f,0.21193373867127396,46.04
4776bfe928ee853eaf2f9dd00a3d3e0ccf54ec891c9f4459b9d65cfaa127a821,0.21187446161694065,46.03
796b362263974f608dacb1448b9bfb0eaae8fbf348c578a627f35df6d24eb242,0.21165330581729502,46.01
965b6fa00a776d1bcff1daabeff68e5073df26a3871269c870f38c47307d7894,0.2116687055664334,46.01
1ae1c7a2cef98c20a0d84f7a5fc1380a3ddcaf1fb524c7feef011305c41ab081,0.21152161626389204,45.99
8306d7fb7cfd2508c130c08a5565acd4f3090c32f3685b022ee9540564737509,0.2114534377810661,45.98
3d55d55f835358bc5794d19e1ac3bcec906597325a123204cd0c3b2ebb7d4ab6,0.2114346220647344,45.98
b56be7ad30e2d598f7b70a2f6694158f46039566e2ad83681752a8cf780ee5a6,0.211335646525811,45.97
90582f2fd62c041171ca588e963d1a6e81bf265d4eb5d37e006bd7173c575603,0.2112038428951801,45.96
761be2c4419b70b380c7d5ec4fb63a7f78631e296e227b5c2637c2c17707d38c,0.21124875809032864,45.96
17e2806057dd1475514be8c11d712f99f73a088e568ada24fe4adea51d7923d8,0.21117809512399222,45.95
b1d6040ccde16f739a83c668d60168cc47834eac830973ea7106e73fcdfdc088,0.21117506212268183,45.95
53fb4b3682273f615f44a998b54c8108cdceb8de6ade0daf533aa0c074fc5165,0.21117598411012417,45.95
881f7815302efa26fbfec70e9ce3c48c7ca105744465640b7d2b81c7fc426f4f,0.21105134392621777,45.94
17a677fa24af74315b577c543a2bf4bf9e83a1a0a7eef4dde88e5dc9ba0386fb,0.21106939510008016,45.94
9ab4a11247248741d03b8c94bfb97828eaece92ed2df420ba82d6ea96e5f62bf,0.21109220660852293,45.94
1f1a5a32c296091e0102d09db2edc9624b1692f2dc4903f06f017a28d433bed2,0.2110513886807061,45.94
a7708c0784498b49572c7311adf1f7657a33003c108196d3dbdb3ae87eb9be18,0.2108627589683662,45.92
3b201c3ec28215f38847e06c3ce3817e261fa390e77b597e1060fcc8a0473242,0.21085785922171618,45.92
81841def69acec6179d5676e817242e24192392efa11934613aab0c2fab6d072,0.21076220784405794,45.91
cc753fe5ff3f92118c8f9fcd0b63af80aadab9ad9ae87ef3691f5f77ec64fa6d,0.21081349096468116,45.91
27724c9c2067e22337888af26a76df62097915b6c1d69d62b3c6ddbbf1bb8f30,0.2107430533897738,45.91
0ab810bb8fdae4b80c9c321f36021e367bd8fde3c65acbc4606545a9a7585867,0.21068238412947016,45.9
63c6eb1b42414e29f4d476a9c37fc1267d39157c07dc6d0d01c6673e65730442,0.21069179909601224,45.9
c80904b49dc96ae092c341bbfd4de874c3631b9a01265f17e436581dcacaa424,0.21071234501125388,45.9
b02673fb6f37ba544180931b6b4aa63d2286ee1921ce14af0e76f420260a6154,0.2105624738193639,45.89
8a05cfffa6e5b02b2e83ea962f473a17bea38cf29d26e7363ce6976d04cdc324,0.21055489968348673,45.89
439ca3d10984caa017bac1d1b5c665652e1e317a001c539daa7f0a6021f0471f,0.21045496425730498,45.88
8c9d0257725da2bc56401a0780d815f34b3ce7ce13ced2bb676e92dd90adb9c7,0.21047050020089597,45.88
a6c18cd21db5aca869ac8144a5197f10e68c531bceeac89ac9e565daa0949136,0.21049244891253982,45.88
95aa5d9b6ee66c24bf925d458b028f25ac7123b619714f6a35f959638e55ecb2,0.21036853972840608,45.87
e494d39846d9c16cd8252ea8cfd096141435f1f516e97811f5907b3df4e7fa2b,0.21039109570231848,45.87
c9dbbf0c2394d9c5bc0e1862efa4a55d4dc56d99bfd9c746262037b818e546f2,0.2104328765304959,45.87
502148261df0951b4256459648f79ced87510c6da8f832756e4c1a6ab3b6f269,0.2103464872532743,45.86
180219635e89d8710ede4d5ad94de42caab950151841dd077f4461a8c8d9b9b5,0.21033751731918346,45.86
13d504bf3a72ce04d480f17b2e237753dc4859fd6bb354331bf1ab9aadc0c72f,0.21017688003198587,45.85
474f9d451b0777be70f6e3a56e6174c8664c1b1b490b87e0595ffb2d7a2777b7,0.21022389275689668,45.85
a39ae89fe49f5ea5227f277ab206812ceee83a5dd7e1cfb655e05b00f2fab741,0.21012262199835988,45.84
181e73b59b8f8affea11653e27ee5a97f3e60b96357e01806822ddcd5ebc08f5,0.21016725652807,45.84
81fa374bd495b712aa07870be226f21301f94208812703a058cfeeaa989b5277,0.21009762881857585,45.84
0ba3bedbb79c742304a70e2ddb2fd50a349d824ad2a8f6553f0122e92315d1ae,0.21012678748725097,45.84
fc2d096a9483c18ade6a74c5ed79cf2e6d08aaf01d0c6ba50d40a3daa7498166,0.2101068972657319,45.84
c6fdaf153ce473b79675790f9ee1b5f3d2333018fe7d48b611cbf97e1c156271,0.21003207830962037,45.83
0e4b8c9c4819c37d8c0bae74d9028d761d5c500b453eaa49c2f93fc4874fa06e,0.21007763157910134,45.83
e3c9686684550f32bf745a4f3dc30a00db0575f716ccdc2ffb29f6ac311e8367,0.2100074992823296,45.83
4c283730efd208f23c50fb5f574429b41d85038df51b0cd9bcf6bd2b71287863,0.209987834669614,45.82
02c912fe721ac016423ece10e670ecf28d6d383deabf2700fbacc1b59e4c3513,0.2097207173604156,45.8
158ae06c0d2b44930a6823fda0116482e5930a1559624a925113696de93d2a74,0.20974558150544897,45.8
79c641c1b4d943f4630e7544d99fd252162a03c58ec24b80c5498a40d71b0d36,0.2097811057623882,45.8
0191d628f04d27b154dc735df75bebf98826c407afc4270aa635368ecdd5988a,0.2097488934043928,45.8
fd29d91cde6274a39994460d4e04d90ee125b1878e8f6d681a8a22324fb87db2,0.20969284519659323,45.79
6bd1e1ae07d8d8c9e373fc9e3b80385b08920c46ee2d5fd083f56c5b64d131ef,0.20966044852150215,45.79
aec6a2e7aaca7f903bcac7b142a4b8afe9bdf231125499006dcc2f7463224071,0.20970787743969793,45.79
f16c33f27ed1f976b7ed063a956a783a85244515793c2390157f6c3b8807037f,0.20963658090687207,45.79
242fca3193d82bd1c3df4ed2e5d4c259bf7b3002301d7bebf9ac7c5006b1ef3c,0.20951957875093247,45.77
a289016c1a1fe126a8630e33962d58ebedabad1ea2566f30b966ff5ee6a31ae0,0.20935730855339543,45.76
91dce0efcf5056ba82fe22993fc00e573acce033e10f86210d355eb12cd22d9c,0.20923514917056107,45.74
797adb46e989b0304016507d23790b2e8a3be029a62aa7b7c928dbe225557a8e,0.20918294305464039,45.74
20d00fa8734027b697ab575c1905dd832feda9d76a6ffaca8005ea048b3b5995,0.20912882963774218,45.73
10a48b0bd19bba10c9dcad89e63a75ec8c8721c246289866bb9a04a67f32aef1,0.20911533196348814,45.73
2fd241669a536ea04d042fb5753d293dc4594a0244e0cbf3353f223e5c8d9f78,0.20911891061348825,45.73
5465ea341fadf7f34bb880743ef8d41ecffc32bd926efa8ea80844f50a9d702a,0.2090028734437732,45.72
cedee404817861dc9297950469767fc078fff1db4654b54dde481da716139d52,0.20898827204657142,45.72
7522384ce278134f02c4340866e5e8cdced7c93f0bd9f64cfdf0c73501616b89,0.20903286717419242,45.72
8527d6ff8e16c4a40b4d1ef6416ec027c4a46519ddef57c81bb7305db7c7e0ce,0.20903990119091842,45.72
58d55f9d207b62aa0e6107f0d1bfcb6d5e16cabd8b9ba4831d1c039ed5fa0a8e,0.2089853207934186,45.71
185ba8aabb5d33989da8dc867c3eaf5d4b7d404a2666137555c01c6d3cdf62c1,0.20897718510146254,45.71
b05eedfde4479e5bec2631320524e7e63b37c4aea293529f9b7049a93d90d307,0.20882262072797755,45.7
91a5e3d81d7eba18e84090e06652d7f2c7037bb4bb9aad1747471b2fb95687b6,0.20874317454683142,45.69
42d6b33d83dafa3ee1be46ba9f2fc603cff4b08a1747e266a2da017dcdbea851,0.20875476862820885,45.69
0687c76298766041c35941f6ff998f14ad9f60f3d15907eae77968f2dd3fc89d,0.20877285362352038,45.69
34a631e724cd532b02cc5dff30e3f5cc5be7e113d3259979d3382636e837f108,0.20862172814109722,45.68
36eb4edab0e62fbf20346c238774fb43c24d214838243760fd62ed7e7ceb3246,0.20862387613639932,45.68
ce7075b8b9da32e8b634ed9c1c3ce0e2be7c4dc84d1ec4c39ad1dab4126de581,0.20868278970974707,45.68
879bc36bddf26093d55f71e27d697c68880ece2a3ff3cb8af6ef7a6f35bdb334,0.20857655281499368,45.67
fff78868ccd22d426b7685c4b7a60a4cfaed04a19b14572b91f07f2e2a0724cb,0.20855308394994626,45.67
fa68e12bc4e8ca7115bb9a3cf941710860651043ea9a9996c52be36f511a51fc,0.20854375612329562,45.67
a67eec71261a76a774c322950a606cacb85004ceefa61de77e930078198f7184,0.20861191099821624,45.67
5525b0330555d2d4c56373660c889825ca3a9906602df7778a11ea9681a47f48,0.20857580440308982,45.67
590f731098d83240f69bdac380bf44c2ad6f955facabf76cc14eb5827a2f7f2a,0.20859950990646703,45.67
d1f46593f52f91a20248a935718b2550a5d974e171d72bed4329af8c7c815f67,0.2084826120666685,45.66
42763e666400c11c406317b237fece1647b25be3efbc9deb23abe28c4e05d32a,0.2084231713778363,45.65
e7da87a576841ca7d706c767d61845ed23e65ba654ef564c3d2eb3aec44961dd,0.2082807236818742,45.64
5a2a1e619fb06ef15f838da1b9d4284df5ad7e14e6b00572a4f9fb782c22b6a3,0.20831223166651258,45.64
0a3f2e88b78966b8e0ba9cb358d7d841f6f5c8ce5be67e6bb26f8869a3472937,0.20831580001773026,45.64
7c5bd92c1f7465093c8b2199f33bbf96d8ca1c9a09ad107154a29fca9a4e29f6,0.20831507785470696,45.64
035b0b3b5933ce3184ee0860acec6bd93c27c036f067f854507a74a8bfd2e12f,0.20832700647994856,45.64
72aaa1f6df17f2899c152b504752f129f70400a448188adbbd84511e76d19e37,0.20833731800872762,45.64
ab681a507580b7dbe96e970c9911d3861cf42f05e1da44fe2d252eb05bd91149,0.20819795969731383,45.63
4f9d1ad8e4e26d309874f6e7ca8f8510ea04a0f6b83fdc21496f00b328f87513,0.20819258906041188,45.63
d57fdc2daeeb8b964c7ab4e4bd5496d762e92896440698116c57986625bfbbd4,0.20808111657631886,45.62
40d40de18c93c20276d24ef7eb78dbf632f7f846c0af68fcebf383b7e890220d,0.2080262725943007,45.61
4e547e5b01f5cb8f7513abf638c8071580dde525e84f99127f8042ceefa6ebaf,0.20796673118471823,45.6
df0cb09bedabcfdec5fd4c9613e0b749692be3d86e099f1541a6822e3f860a07,0.20794662657865218,45.6
6a5ba7168402d4a3dacdbf4f6d35ab059d1c5b0ce779976bb5684ed1456773e8,0.20789899343004314,45.6
d6b0e7eadceb3ee53eeac5dd224b87a962b58012c9d7ec162aa78a754ab29447,0.20778343574988484,45.58
11e576a5ebc2404b33b5245dc637165a290411d6f1b9e8a4c305698ad341d159,0.20778716460093158,45.58
e48eed3a22860cbacaf4dd8371edb1b5d6f1353d1027b497f8d8d8551937c360,0.2077554231708115,45.58
3cd7bc2c09e42080cf516bbf0efa5a103b232412efe7d971da5b182765d9e38d,0.20766305809365643,45.57
4e819349a57d75bfb9d7af0f141c67bf05a11ed23e5a548104f945b1f2dc498c,0.2075704560486024,45.56
3798812a94a23aa6eefb3435bea22e48392e63c33334ae6032e6f86578362c24,0.20759168575413653,45.56
78a62dd7c7745cd172c0ce2f813e50cb958b0ba145464ef43190d80c5297f2b9,0.207561616895793,45.56
cb947bc43f7e0a3d69e9cc645c5a7fad924ac805ad3a1b0347bbf69aed924dc5,0.20754348760519858,45.56
dd5044430ff61819c4a0aeabdc76dacac9987cae3ba42f2022e00c141612f2b2,0.20758248485051964,45.56
9f769ee3be0b64b184e51559deafacf1927ea7885bdb0c9295cb2383abc61445,0.20752461433649635,45.55
7b81e7d75c04cf373eca7e2957b1e90bbee7ba38fb47c834ba9cc46bfa5718a5,0.20744229726216423,45.55
9b9d5eb623a784e2d96f8fd64e88d0dee45fcf6596232dc4508eda932d1c1821,0.20736096055947226,45.54
a22178d634e1314b7f7fbe002037cee220b00e7c9f1874882b432ab3d93d2ee5,0.20740584640448215,45.54
e13c19fc8538d24082e34db425e475ebcbb0ce17dc4f6c119308f44444964b51,0.20731616359218585,45.53
5d9a1e628b62fc21079037330750733f400b94dd742bb941a044439b4b8a35f2,0.20734264641286843,45.53
ab15de5928b972c73c9bd251177901bf5ab6424a948facd69e29fe45b38229ea,0.2072502559300182,45.52
3faec5a814b56a57849caa081e45d546f50b8e712d74cd5acf8cd6fd58d887f1,0.20707442047769598,45.51
d2e1e55bf520c23f620a5468331a5cc29dffc4c62587cb09f558f638dec5ecc6,0.20701080934628346,45.5
a08e147985361d502b021f482a15ec75f2f1efb05bfe99ce1b786ae08d5fc071,0.20704771725027654,45.5
431208dea9afbc2a3d9f6ea04b79244e588bc2cbbeb2c25577ad8ed8d63df736,0.20706309945439666,45.5
6ec1cf9c3c1746efbc9a6ed714eec542c06f802cd47bcc5474b57f57db1ba994,0.20705418546011273,45.5
1d2b5e0ca9b1d96917e61d8cc850caa697f3579fb505ba49822f7ed60600495e,0.20697248057250536,45.49
cdd5b1183db6228f2d20c12efc47e94ceb7db4703e72762d337142242ddbf862,0.20687748644872753,45.48
ecbae7a450def4b07a0e81bfd1c066b6ac75dfd5fe41dd3774214d7f62803f90,0.20674884047501482,45.47
751bed57069eee9c7b62bc678ff4dffbb9091f7370f0ba5aee4a7714ecddadcf,0.20675184951236664,45.47
3ead2ed1646fa43fc33d951676efa0d62f340ad3a2fc86823a98739ec75b7ba3,0.20675644329113912,45.47
2f1ea5497cb10cbd645c5407553bf3a7be303ac10cda0a670116645bf01b0b58,0.206649274107151,45.46
2eb907e5d9afbcd533330330cb9415c6efe7b19f2e27774e73d5cb6c9b384d4c,0.20667100817244563,45.46
6638c47868c8c41da2d6c1106133c3d24b9e26562f61c5865b7f8b32cd3f6cbc,0.20663977628175506,45.46
cd89314659cbd99676c36fa3544a8440a221562174b4a3555f908dbd18ea239a,0.20666686400352335,45.46
b40e81dfe58e35ca87779eb863dbc3ffd77282b52c392501ae323b9c52649909,0.20659358025848815,45.45
9d54a1f7d911e335b1067555e0189aa9f5e38735e3f59654c12e817cd125202a,0.20654268620632646,45.45
5ec8f8838de72771fe861c42e5086910a953ba6b5352a3903307c7adf238b63c,0.20644216402299537,45.44
c5266a59f96214abdd02ebfb8192ce0c53fda2a8cdfbe2408795124bab4f9b63,0.2064823534698939,45.44
5905be9274baba66669ca28d57059ce8ae42c8aed4ca0374b38987a1bb5dea0a,0.20651770955756912,45.44
769dc5fdc3d190402bdba8084c55043df15200d692599b1eb43c8f852320b82d,0.20649584870272972,45.44
1a8b54b467ca7b38d719947351431ad78de679006963b79f053d28b193cba516,0.20640181782012512,45.43
f6260ed07fd780fdcb2c9a865f5065f5725d0075d7ae956007b2ddccdeedd039,0.20640594066594278,45.43
016c08b4dce80e20ab87d254da0dc7a1a632e9003349d5abf25a9913425b230a,0.20637729817000913,45.43
c2ab76d48b0d2f78d8b22d46b54c887e6469261f95648d62629f0bd7fdde340a,0.20636654480849617,45.43
f6841e181128d6f2de561ecf7bf726cb60815123eed3e38edf59afa92f0cb221,0.20636568690828103,45.43
912da11a6bcfce5fea444526742d7b651b7d028b977c7acb16b1ec0382893ed2,0.20637626834500356,45.43
6a3798d95712d8585c13d315d57e65865374edc7587431636f0e8d4046296f0e,0.2062994565303495,45.42
77fba1a8f6225dcbdde90b3e00e15430b35d809ffc6d6b6e47aa406a20845694,0.20609126814394066,45.4
63d8c84de51e92715091e910ef2446f09180f2995e56deebd0f9134fdb148cc4,0.2059282226708138,45.38
5b58e9e2a28f62491dd253d44cf2d83cdae97f722c3049326dddcfccbc04f248,0.20596523512418424,45.38
92b572d6bee0b67190fdf8de53cc6dc8749675689e50d3ff0c069159ca04d002,0.2058055073962809,45.37
db2e9bf26cfe64a4d338738971976ca4651951ce27058e2b3697db78d750e35a,0.20587072281884214,45.37
a32da8541ac87360088998f67704b41cf1395961438faf8a54c945da764c79a7,0.20576741967884415,45.36
988ed912833011f7b0201aa390467f3d68cba14a5f2315743202e5e8f813dc99,0.20562684358854977,45.35
8333416b1a931df632f5e85d56aa9b3033532eb1f3360515c05cb4b25570de58,0.2056941057099739,45.35
d83697be28455933383b94903a66f469b4b6391b5ffb394adf16fe348359e3d2,0.20569347037551944,45.35
00b1cd07369b1a2800626f04e0891a390c1b3a5f960d9bdf99a9ba6806dc90fc,0.20556379130606817,45.34
f329988782706d3f00e492fc6a82a7bd7b4e3c5d76cbb80c61880d5d1e95241d,0.20557838834604344,45.34
1249494b836156e97d101e8d155cdb28b2886b22102595d54315bf09561d3e2b,0.20554633220069862,45.34
7753c0135752918ce1083b6450bad79243abee49f44476022d9c5ab5fc941897,0.20553861079594632,45.34
6cc6e3642a775427aa77a0ae53cf2e297bcb8a807abb6b9a394e21c4c3e6c3a5,0.20548448702692196,45.33
44a6f641c20bc9caade72701497092507f6d1c209de3682894602033fc39bc55,0.20543877077803396,45.33
d31e9c9d5dac254ffeeedb4e081ef926c68bfb723ae9461598250952582aeaeb,0.2054605253109763,45.33
c711c471e6d4b5edb79cef2fb2c727a4a723f30d36e4984f5bd11f38716ffa51,0.20535763691969006,45.32
771312d6fbde453d2bbbe9d694939254f032c859cf532dc15371449591447d9b,0.20541769438380408,45.32
84425ff1f50b91aa3fdc3c22e133e68ecd94773576ce5d2832a240884c1f2367,0.20539583090204977,45.32
9fcf9d549c652376dcf62a7b7a52999a319392f6f81ff0b466991b15a7100fea,0.20537525539609064,45.32
0fbaddd43c49d99935fee20212c5ae2b60f5297e868728170a299febd0dda906,0.20526915446806462,45.31
37a13da6f0a623efd08370133343620539c574572ec30cff38cc79129d44dbdc,0.20528829158378847,45.31
6481fd49e6dac38c987f2437b3343852df5361478ba4be59cbf2fc60544ac360,0.20532380616812274,45.31
3d80de80ed841d95dca8c495c462a19deded429bb3bf65395a62c8a40055d4ad,0.2052609009092119,45.31
53a7a5d48c61cc09632dd701a6af94dc28ac20a7f8e7a62376e0c3d0a6eaccca,0.20532843115050947,45.31
8a37e977f140ac9c100e74ad53e11d0660693181ea3538f283265f24f35d6d8f,0.20511774869852306,45.29
9dcc9614f132cf702fadb00b1c0e82452981b76d2b66c3a78752d7cafdabde96,0.20508755375316892,45.29
efc7677e6b735126c0d521a4589ed4f2b8ee4bb0a3ad7398adc6c6848e15f821,0.20507896118369595,45.29
b942a1e994181f198f243896a0b67782bfae5a0be3f1d64ccfcf02ddcee86c90,0.20511570714240426,45.29
e1fe57ef0c0471212df41ee5344fc0221296a86edee465a62a317aadcf2a0317,0.20502201082566962,45.28
631c1d766c397fccbf59b3f3fa2135cd8887071def0351923a678e0a2ce1fff2,0.20503622455963877,45.28
d0ddb8fd5415a3d1f4ee83d85a9fb0e6cb5b722eda6c763ee2722a1409d8b687,0.20499113447813141,45.28
ac5f1ccef279786e5cc2992cd91ed186c6721c003e423fe7dc8a76ea43037fb5,0.20504226262006392,45.28
68af9e282f7b49fae194c2b00d38f8faa8fada73df2ac7a1e991db587a3525f6,0.2049043454282819,45.27
71b6ab3f556d1cc1002d6e54576c136a0ed2c30ff34d06a1332fe3bed6d8650c,0.20494215092503978,45.27
0ea0312a9a1a7aae97980c7d9e1ed674a1a089d14e4d170308c97d1ab3b7786f,0.20497344720252156,45.27
25e4d2c5863169783f0e543fe3cf0c18a155059b680ec4c79514726b012c5bbc,0.20497183839820385,45.27
51f23bcddc11aadb387d543a8c030555d624d3f38b0e7237aa4aafaba11daf17,0.20494268437064989,45.27
8634b284c4736a402be2b349aa06c8eaeca811aba8d14f54e2c95f0c330ea82e,0.20495455536373683,45.27
0db1166a872050495274d0c5876c76e8b0c3a96411ba6cdf5fd11b6327f39b4c,0.20480648767431509,45.26
3e7337811772007dce743edfd5c356cfec1f65417abe984d2a764952fc6ea965,0.20482884763572162,45.26
2b7d526280b02680e8f24f63b61f333b9977c76c36f8be82b348812284914ccf,0.20482608288608492,45.26
a8eea7c2113bef0b54fd3b5770460ef6290700c43d5046902dff8bd4fe56f4b4,0.20485111404954512,45.26
154b95452112f9670e417841b8bb7a3518ba21352b0eab6a804cecbb0e31dc21,0.2045903477507535,45.23
d162678ab69cd33df561fbba47312fee56a98286db791cbbc72f8da63a56a401,0.20460717105969414,45.23
a291b69e10b68422129d0a8c53180b52c59adbb6852af44be2997d8990c6428f,0.2046047791197509,45.23
1f4a328b35184b37ff9f94c4c8f95252882b6c168e289d170fe0931599e5f31b,0.20448275660657855,45.22
211c8b9275d1cb94401336f23e142483effcfa8cb1153eeac18c815fc0d9a0a9,0.20445431169965214,45.22
47046e4469d591584d312d049e2d5d761eded5e460024c2ac3c3e0c90ea2aa39,0.20448732097289418,45.22
99d9b8bc89459eab961c219158b614457ad0a18a2e078bbe583fbef6a6e296d5,0.2044195801587232,45.21
f2ff5f8082ab789e705a278d2f0c5c93b42c036d4583af8eaaa1bbda5e0dd9ec,0.2044271558524412,45.21
2c4576a716bbfcb6ae02053faafe0ea86561516ece3fe41cb19b83e03844c71c,0.20436918264357062,45.21
d9957d1458692226cec788b9d6515b979133f306529b31f344b15445f18d12bc,0.20429709057232853,45.2
4383cf3ef3166ac931f71828140b5d0e83e2234b9cfcb5d8b05ff09ef3a03d3f,0.20426511928947277,45.2
2f24f77a65d26a31ff6af385d6030c62ae85f122f53a717e4b9769b001b29012,0.20418809351233488,45.19
556caf032185788cabffce1e40608a7134037177779553dec931dcd81473f362,0.20423318770007723,45.19
d5cc11fbd65ac2023351917c82c84c12c10817c9dd7c5de3a174361bd7d957f1,0.2042563972246166,45.19
287839593085d64763ba71b5eddf16919bed877226999e02f10bb149f1c53aea,0.20418789329796833,45.19
29329ec20501e84beb924d4dfd756021e40798e04ce1cafc27837b96ba4eb682,0.20409126907221675,45.18
12b8e8f905fecfeb5f9b12aa0d3a7a701ebf8bffa34e9fd087b52957eafff932,0.20398856124125725,45.17
8a27f0a8d562af8329c9fd4ecd48743594d1b4f1e92d85e314dccaead4da3ab0,0.20402662640578484,45.17
19bc09d98e0bdd57b275db0e7c2f6ccbedb51f2b7d08b215be0dcf3159ffc73b,0.2039498310505131,45.16
9b1475c075afe8a63e639742704f22ffa9e47fac132be9c1cf563924516b4a4e,0.20392141528672741,45.16
a6a4b227c54652555940012503442bc2844af7057cce739fea5f7b42eeb2e4dd,0.20387562041753265,45.15
e7221d2f3209181808d7496622292c4907645d8054d0690cb7d07b10ada2216e,0.20378798540582166,45.14
63fe3af9d8dc0aa240299d0ab1404a318ebc2ecf56f77eec30a360138a7f7425,0.20377637673404483,45.14
5e33e76d53df04a781fc3ad6ea9aebe2b7eafbb92208f6dfdb81c485ceb7dabe,0.20370270051383924,45.13
e26e936d5dcc5cb325e174d1e0102cc7c9fd3c0f1e52eeb353425346df560226,0.20368803353184717,45.13
75874f8ba49fb0a520d200e30362c7eb9899f5ddbb0142b5d3f038acf53dc67d,0.2035588977108918,45.12
1324b9d92167ee868a313e1f5b03f1ece2fd5522992a53284005f164b0dbd557,0.2035613693076222,45.12
a7def808ea67cd22a778d2e59e0eb7ef0670632e77fcc66c67744dd4f4a3cd74,0.2035223756513614,45.11
0b36f04646c9ef1a5d736a784c588ab97c10c720506e4519fa5d571c27ace356,0.20352726666901727,45.11
78b34ee14db1a6f5b802287a0a253e2b5a72b6c4c6edabbf2bed7c6a15a923c3,0.20349729559688723,45.11
9cbbcaf4ccc0889ff184a10099c6fdedecef7ce6e9283ea8005f7ea6d7772ac6,0.2034550959253879,45.11
bc4b6b604f6d7bcbf5fbba2e492dfe2b46dc396427d92d99ea1d6f90bcb3eb86,0.20337237585376922,45.1
b834c5730b440fabaa7d250c392025d3e7ef96ed510187571a4a070b738e0fb0,0.2033944394454198,45.1
36791d94c9458406ddbd8c33eef54110fc7a0ea4c20f7aad3397ea5def57f348,0.2033295280715616,45.09
20ea52788488c224116caa551750b99d3f6a73b0179d81f0b30f69c31e8d3422,0.20330568277584415,45.09
9df9bef77585d352ac765e92270936d46cd022b787673bb96d6846c0d0e969bb,0.20324702871920103,45.08
2bf073b5a2835ea110228d3bba10fe9324b82ab5f9bfc1795969126f9208ea92,0.20311302994361952,45.07
9c69cbbf3fcf966298a1ab7ee06c7a00e10cb5a3cff7e24e3bfacbd21c2795c9,0.20307919216695422,45.06
59fd110a08871a05831acda41099b2c0ad3b417e36113438054ad34f46024651,0.20302386890462418,45.06
6d04e6d74e82e0a224cfd86fff149b04599833da65ae567d09eac1e1f976fa53,0.2030516658314247,45.06
dc4ebb1f1ba1de34c5a167d76a86c8851dc986d0569b251f06cff22ec63104b2,0.20305309020513918,45.06
367cb858f8fbe94c0cd8386508de185b2956eb14693a2737f0de2f8c3882d46e,0.20301344056956983,45.06
43048dd075ae93389d3325b4fe239823db13e91029645f9e6568c4f1989b37a5,0.2029071953289752,45.05
5a60f308a98d5518088c3a0c0dd9cbfa786516038d38c58dd026a44d7f426b5f,0.20287147959296237,45.04
8de31e7ba4ce91a57da5387c8ca2e61bc49e20e9084292899cbf6e62b95c2a91,0.2028755338028826,45.04
151ad1e231a2593856b199dd97f8950975495271462ceda8513a4271dc0db01a,0.20289971249564928,45.04
6f65ffaf319580dfffce7dafbd4ca1c41f7e3e448ca883f81f9bc37200d1ae45,0.20280280310893062,45.03
e2dad21dc2d6a531a2a862db53764e9b308fa0c482ee4152ea67c67a4ee37376,0.2028140307424823,45.03
a341af8f367f6ffc0712dfbce8f796e52a8a5ea2708bd4855f8a5efce3ea30c9,0.2028059124346895,45.03
d4e3ad0b446c96b3d2715f853a20bf4692800953519c9cc8863acd3b67abb7bb,0.20271663717329097,45.02
7f3fa40e7acf2dd87ed63d7e2f15b367ebf95410a8cabf4408c9e29a7fdb68a4,0.20263946475596384,45.02
88e9090255991bc98807b92e77b67e8ac610cb1923cfd4c0204ae0dd7244757f,0.2025923007057006,45.01
0e8bde33e4ae1a6ceaae01fba0073c23da89b2eccf365753221a59cf271b2408,0.20259741160081698,45.01
d54ff6ffbd0279e10d5aa68368c3f81e25d871e752fbb82ad652009c690020cc,0.20259752975133935,45.01
3363bcb0c0728d9a2b39ab8c12516f7119179df5d541c80d48e5da901ec555f3,0.20262638128822782,45.01
f6d176e600409a56b28049dd0640831095a006722218d466440bd28c7b8a49a3,0.20254923607268657,45.01
05abf4be21732c7aa007873ab9a16d8de0319581d74c3a7c02481a40eb9d6531,0.20256903770522963,45.01
ae1a381bf9d50b9bc4914f87bf66f8688bdf8e9bef26c857608b4f1441a85ed7,0.2025518106918901,45.01
54c3552b5ab74832cf05b06953eee117df5b7c90d12a7279f8bdcd77b4214a29,0.2026308826503024,45.01
a534f41dfd13c014930b00c13a7472b829965c983984d43aaee858a6dc358881,0.20253238219751116,45.0
dec6270efadb879d6ac26d713af76cbd575bbc972df91e4eef77a8044eeaf58a,0.2024901362115541,45.0
6b4890e3fcc3c3b9422039c35436f67eea6f181061beab60dcb3e71ab7c95340,0.202489637514526,45.0
59892f06e204c89e74eefb973b28ae09f8a60a0398286f841b974d684f3690a7,0.20243949169235265,44.99
215503f8cba10ea76c0d5d162e87f34adcf674b384622c61feec36859e7f3cc1,0.20234425279359272,44.98
0f863bb313e4d23d0d558dc7691633955ee18a9cbc4a100b302f8be89e1df112,0.20226077915288382,44.97
56653201f5d6b8b102ada8f5164d16f2af6ba724246a4dfee84de23a3f9bbbb2,0.20220775229184407,44.97
d7653923852c442247693713d5a283872f51873f740dbb9b7e299a5af6e4fda2,0.20227051096421225,44.97
3a01c8950710bfd040ae7510e13fc9ab0ecd9f3bed5a3e6557c813bd6b5be529,0.2021432519140577,44.96
0b05f6ad0ae3c49e01b6ac359d8e89e4e42ee637cd2a394edacf0883b5939037,0.20215110227031766,44.96
9247906eebc9c8100faa26802f85b2a898eba843120d287bdd83fa2a14440b9c,0.2019442042676882,44.94
998fffdd4c6421546eea8b5ea99715f64fd1d900af20e081856712facd29e8bb,0.2019531325685151,44.94
17568a2d4056839ebf24cee726ed7db74f53e5b98444d1abc88a640220c232fa,0.20190157833288666,44.93
3dbf838059e6c53175622a06a8cf6298cebb8baeaf49f22ba80ac28eb9113cd8,0.20175432146861663,44.92
be75b5957bf2535db38a1b3e694581133dd7908ad3b1f9538b3e3d16137381a0,0.2017964152197246,44.92
a3308ff12e26453a79b515be8b90abfe90499f9e83d8783b373c2abd671d05d2,0.2017964139195287,44.92
d452a414e4c05ffa995e044a887106ff2b28dfea2adfd90311ea4a2e674080d4,0.2017838620701305,44.92
eecd6726dad3991d137985d2dcd05ecbea4a258a278bf2ab3febc4e32bda84e5,0.20174442072529572,44.92
0c1169dcf8f4aee359eade1f92ac077b1325e727670b48f580a77f31d8d379a8,0.20177451879297223,44.92
18c54f18e7e68d120250882c436cedd106f7e031847a5d7d51f9aa8f1a151372,0.2016924709376483,44.91
ea71968e56b058323d8ea3eb98899c1219372a536e247618ffcc435f89291911,0.20164735182692545,44.91
41e0bd44c4857b7c5f39a2f0b2300d8f0b4889ac7d7855e3796c26a3813c9b3e,0.2017140969707949,44.91
e37a6283bc76ae224fcd925945bab2d66d10228765f2a2fbac17b900a67a3e72,0.20168489209792248,44.91
d830c0bc4e4752a1c4b284e9e6164b05c7c585c541f17184f5203bf23829dc68,0.20167330256028862,44.91
e9e399a2626fe445404df4830759c524faa3915567005044dc275e2ac2bb8c90,0.20158402999293995,44.9
8b76151114e1ef2109cbe056a3688d7f5adf3fa5254baea44efea9e1d352e025,0.20163464538366355,44.9
602fb05a377d3a847cbef51c1a77543b504a0bd71dc68bdc4078b81aa8eef573,0.20161430831915284,44.9
020db71ea45efdf84bbb7a831f4ffe7604e471e3748624a7e13044185a73f7a4,0.20161298356046625,44.9
22bd7b6aeb4d41ddf2ccb9a3a387a5e93cf7003f2a7420bb0553fda9fd2c8c40,0.2016237882546311,44.9
762bf3666f90788cf1965937f3ea5cebfa26ea6fadd235cc3c37c4489fbce78b,0.20147282803933358,44.89
e01506b619e43817bbdf024f4b60f78f559d7ad3faae270da2de4c650312bf53,0.20154571806147661,44.89
b7d72d25929d7535959aeb2e1ce710bb854c8727956037a1b551eb0452f827d5,0.20140124374662746,44.88
901f0e2068152c03ce37513be9df4a2fd6534f70f0bdc9f1f9c1dc7e964fd12a,0.20143079142991172,44.88
95e1d11d7c124c726984562195a6cb9d35f5c2813bf56564deb5eca4934c8927,0.20132661777844418,44.87
45f9ce3a9aca67a37bf410b504879d6b80aa5732cd22c643297efd216ed81606,0.20131598459963113,44.87
644d150a44a4ccb8eb22048e43e1b6747245975080deff5d55d1df540ea9ca32,0.20125552458617169,44.86
f75308a362ec6f9288c8e93ac8c15d42544f6eb8348595cd7de0cfa1a5c5a94e,0.20125826973522298,44.86
40fefce6535a6449f3bf822713727de1c5d8fb262e240df1af539deef7b0c7f7,0.2012097430124371,44.86
6783140be7c13e953c087a340d1f76c7004863437c39cf8e675932e18b9178d2,0.20122552186370993,44.86
97ba2509773a2a2b389742a16ed11d4d4e1fd33b41051e8c63a1305fa4bc03d1,0.201128899801457,44.85
3e3698a41749b6efb72ca8038f79e8de1e2516e5390bb9f937432da86d012bab,0.20118587557067127,44.85
eec1c60102dc75ca770c582966f3e7f59ec28edfd3da8b0ece139f7a4a338f1c,0.20117397750456725,44.85
1a399d8884a913d9fe0fc030df51061748ff4296bb1362c534a813b770bf99e1,0.20117441792146287,44.85
619556fb4a229ed13c99e007129dfa2a79a4dc93a7de0bc0e7e9f18b69ee3115,0.20108349089749353,44.84
7236387e3b7f860c4c076af6959179522da6716d08bf64484c1a31f1b9b2a508,0.20094027437397957,44.83
5b0dc82113ac56dd177eb2766ee765046630d73c3b3d6707b6b29bae6017a42d,0.20100223180159724,44.83
4e723c23425715277359f231f23898dbffb3434c3948942c8ed1831fd7153410,0.2009415142111213,44.83
f69fb0959a4865f6018f3c2f6f447fcbf0e5a96f6d6b887f0e7711e2a5967ab4,0.20088138076137543,44.82
a8a22a56895a8fef425c23ed9830508a85dcd3398b0b6b4be0571b596bf1cbe2,0.2009209547134434,44.82
dd7ca85ddfd018fbddb3f51b58d4191d30e807ed701b04322fc7155a43683bf9,0.2009120856474588,44.82
9a02029714aaabb102fb12bb8de36e1d57a5d29f07bf69eff1cbe0b5a7befd31,0.20081055506395185,44.81
3c4d14e8b2b48828d318eea002bc62285e434afd2be519bb46235ba93d39cc82,0.20077907384927152,44.81
d6aaaaf3204a908d8a9661f6f540b530e7a25ae84b0ffaa0e3c480feab1e5829,0.20074385629236274,44.8
0a17e1a823783e6e3f7711de2538f15d58e9d014b463801c96f68d5a38d6fb6c,0.2006616428780612,44.8
df0de2fcc13c247b1173b41fb19aef0be7a1bbbc852aafbaaa7aa055b5b7e8ca,0.20067936178922477,44.8
27f911bef141e350677ea9fce4085c24828735145783f5f0bf5b4b6b33180c11,0.20070323509108184,44.8
098fd386b7b3c83fd46c47c419489610e688124136a08f0e7583ef998d1f38fd,0.20071039268673666,44.8
e10390359c56c1123d17d84975dfdb7c7d428e7eb9b34d10016671b5c9688674,0.2007090314252639,44.8
0e87a6163222475d90622d695cff8669912276709df4e194aeb6cfce2c5ba0bf,0.20065826641145798,44.79
0676fe7b636e62daf0db6e4beabcac48ae9f63d5db6244350505a74789c98eca,0.20052773053675804,44.78
296a0ef6603679778903cf0e1e02ad489ea276581850a21f6dbe2fb55cbadc30,0.20034965403096117,44.76
7af6407406cfdef2b5d4e1d7c6316bafac1b917c03517649bfbe74d4881800c1,0.20032591471698424,44.76
e4591c80a5778c5189c66d2f7a545f78a354f6cfc6b92d3ac4eec1cb48cdf9b0,0.2002925750673369,44.75
d2bb86739fadef84af3691d249e6619f7649d638e6d7a591cfb0693034ed017b,0.20018041368111372,44.74
5060b1e128be74f418ba0a96aa86e2f5ab66c07d4729952ebbec3a55e5cf3ae0,0.20015434601544285,44.74
39db98a41ec7327a3e8d4cfc8f54fa2e7e6e0e649f7d8203f45d654c349dff4f,0.20018442074877435,44.74
e1456d5069c019b5b267b76af8bab0594cbbf8a35abedc287347b776f844cca8,0.20020598932267117,44.74
3362312056be046a8282f8e3dbe96a027295fcef812df2eeb9fc1377e70e94cc,0.20016390651277016,44.74
c73b102481e7b8edf93b720c094c032272c975d806aed2febd73b1eb4fa25ec8,0.20014661035903805,44.74
bd672b0326153f44f6342106efc7a83f3811b1feae464d79323de98d3983af61,0.20021037612502476,44.74
32429300c284b6314d058113ea021420365da633e2ac723225eb5313bb956a78,0.20018811118950577,44.74
2e781f8dc6e7095201784c68eff2eb84f540f2c2e80b5821219298764a7d2097,0.2000852044051786,44.73
9e92fef95dacffb8b559b7fe72976d105c7358fe45cad92bd81bb2dd07b9ee7f,0.20006139460326025,44.73
a1b538432aee3f4b22ec5950690fdf89bdb25dd39920363901b2cdea49f13991,0.20007248974203923,44.73
039e376522f856165cc0a966ebe4f046d52285e994eaba6c182148cb07964ad6,0.19994775141073806,44.72
49edc94d0f4c4b89a65e27c39ee2bd2593eb4350358ba0c639da7207eb5f82a0,0.19991972078964626,44.71
33b2bde7f7d7f1911d8f342ac45e6751ebd33e3c6a2fa2e98feaa47e3eb4befa,0.19982415310083795,44.7
cf918b93fb46f2def4342e1a76b952608087e4424e93407d3ed30005b4dedc7c,0.19978372128560776,44.7
3cf1b1270ba73d093dc1cbc1b1414149f7d68596cadb174fda9a50ebf8f46027,0.19983560439094103,44.7
2f9f31cbde7507a5b0c0b5d6c6809fb1c516d7c89e1052e64d950a330e428c67,0.19976419097183346,44.69
62626045b94b1775be3eb1253a8e6d2afe8f6d5ff69cd37bc0f41ebf2560b2c8,0.19964439444738005,44.68
6ec25092c43c95e2b3401b3012cb4f06d697431ecc3d910fbe5ac6966d877240,0.19956359820484817,44.67
8ca3233da599bb9ee961e359c9e990759890cde81129945484fbb27634e84cf3,0.1994343795554093,44.66
fc0727163a195097db3d8fc064b000f5729fdb0a4a947e06259ee695216b37e9,0.19948210911107683,44.66
626a3d35b87f5900050e0743ec8c7567f21e97c79809ef9414f043b928195107,0.19944949576888768,44.66
bca2b2330071a47fc48c54606e1ec462a71b0238d349e58d4b60dc0c0281afeb,0.1994933284189351,44.66
8535250be4a20fddd073d572f41183710633da7a26d697ceb96de3c6ed8c10e0,0.19915261116353986,44.63
226706554e201d4a5b7b510c2f451adead68b06042cebdced07c41bae18be1ed,0.19921067003110837,44.63
03077c14d66e47b6da1e4047bac7b26f2b5e7995fecd78e45edf244a37125d8f,0.19919003072416025,44.63
9026f523c1708c152b19d7f656e05d294f515ba2283044387eb99a247a1d9189,0.19922825592795942,44.63
73e97e58173f8db633da2114d1e3df7730760c355d69332b4a49965eb04cd6e5,0.19908634450365892,44.62
a8254deb90bf1fbc42fe111b2c6ed6807658ecae85f61cc57d94f1f7b202754e,0.19896852670200005,44.61
8f8dcd3de3ee76a60c8f130755bda695a1aa8593dc055c0614f3b6b49b001962,0.19903091421213032,44.61
cb747309a7af09d6d34783321d68043186d5ff15bf134f1ea8fa4b61be7fa33e,0.198923705460146,44.6
bc622e3967aa9017294e21f6fa3973075dc862ea42d3d6902097a090baec85a8,0.19885397356814388,44.59
9f6c19be71b943072349ec4100292f4efb2e24e7e7032a2870a7d53d2b114dba,0.19874062240475218,44.58
ea13fa6287f44f82d4d4d008293c48076dc6d47a748bc8d959ad533aef2a3ce3,0.19868428634666668,44.57
db5efdb64280f7ea89ed7c3248b81decc4c74e01b16e0299e574cac098103688,0.19852858511387694,44.56
a23102b376374c8283f785e9c9ce5357ab5fcfca06dc801bfeecda68f90c534b,0.19841149213976866,44.54
9c53d3ae7897d6cf1e9b417855b0e10821fbce1e03ff57d21bb2c1b7eeee9c54,0.19835198573741208,44.54
28e55c76efa9bea80b81fbd233be5cf62054abc6aca6cb08291908661ec76b4f,0.19835646592062986,44.54
00116435caeeee094f553bf639d6c0294c14dc3b785451ca0dd36265a24ca085,0.19833115455147657,44.53
f451cd95f4e19fa6e72a7ec91e7f2dfcb18aaa4bdb039765e21bb65fed792133,0.19829516258484134,44.53
f02893256712b7550c2d28c0cdc9d0dfd7d8193f38bc44431281d9322a5a73ab,0.19827834883219286,44.53
48500a11978dc000e1bfdd6fea513ec329ff4f6684fca2b6715ecab2f6f687bd,0.1982907962268208,44.53
cfd64e2601e9a2dee06648dbd1f846cd119796aa47db9c6c4187584f1361fc06,0.19816549931643124,44.52
cecfb5923b9eaee1c4308d34d3eacacbddac4b090ed65bf5d3dede8fb5dc6052,0.19818532333551966,44.52
887a456f880e3c6f27314fce7969ea445b9528de8480e808fb9841940ec9aa46,0.19809453578607308,44.51
405438ba34fa614ba52e2cbcb2780eb5b7db17e93ae3ec516581b7164a3b4a03,0.19800399760642695,44.5
d8ae61bb0f7a1dd8b5b7a5103a6bc694e1f30f56cc5e490571c60256fc8183a1,0.1979822407532014,44.5
44147564bd6a84ba3311f58bcf454952a589cece8c608ceacdfbc2ef943ce15c,0.19797904621675128,44.49
3cb4404f6107ad4b560cb5f42f69d3466d10e9a27c58f0a07ee018467f4eb2ac,0.19789803432368697,44.49
469f5f1691f63f3edfc07ad7b318c2bb7e4f18dd2ba298e1661d158a5c883d95,0.19782072343132692,44.48
6620d64b7882b25c3f2fff15a20891ca32a7f4591d11c2e9bf8fe174cdbc7c8d,0.19784830816882157,44.48
6bbedd7f34cba5557b2ca42dffe25ba847a6b07e671382d9d808741152454c38,0.19781089461172538,44.48
efff188f2b11a7319ad9de570db30a5bc2ad5d9523a8df0c6b522de13cab1f29,0.19772768646059696,44.47
eeaa8540a350d544cdc454ce82bb180707dfbd6daaa56022c902a33d3bd13966,0.19763059763711946,44.46
56afcf588b4810b165ec6c6626c3747742abf931787a6b0bd1541e509fa18471,0.19766899658451986,44.46
19180b71220f811332e24a5665442769a09cec33f666c959269ea4b7d34bda23,0.19767223643365497,44.46
88cc7ec6596a95fca8a9784cb45eaf026e6f8a604138f8d006d75519ffb0a9b0,0.19769243411332674,44.46
86f71df002bee54c46aa54d3dfd879c77425358c06c57a07394680a1d62c7561,0.19760193964515999,44.45
4f7087c5d3688b6c7c5b0e3e4bde66c5cb8e819bd0a8ceb33204162f621c810f,0.1975372146096841,44.45
7377eaeca6f0608e41217f0d7f1295108535e9bb2493fedf194b39d91983530a,0.19761887095637598,44.45
3ce9f748337e92dfc51c88d2a2d4399c1e286d5ba469b70da351504038297c4c,0.19755378600045437,44.45
2bf98803cc810d4a680bd1cf4bc97a5c5f26dfcfa5724dab2bbac69fb466aa09,0.19745822522519166,44.44
b1166624ed3de8a7ef93cabb034c321cf7d3f672d8114f4d16f6341bd8b9a579,0.19741271263462734,44.43
a5bdd4a91410268202e716d2950e0651eec6c619021b4826fae47cc8a0b3eac9,0.19739014952930145,44.43
26a1f40a15e9cfe9d7c0d1e25b83a6c08f02955f75e10c11f217c42556a1441f,0.19738975150635693,44.43
97da890791c740f9320f4e1016f3c905c68348deb471782e33aff9c858f498ba,0.19742421631368978,44.43
48f03499c8ca9ec0711732b940ab802c8ebd40b12555ead629f5308ba2d98405,0.1972332055491686,44.41
27c8c62152622d80ffc5d90de8ea3c62841be7bd148b0dab5e83685c5d62272d,0.19723772412273882,44.41
6f2091ec10564543b8b1c666f84cc9508bfaa6bd181d43fa12c179a796ea4920,0.19711655583597681,44.4
83dd2253d0ab7260bbfc6db2addc864044390270e4940bffa152f8a720759b65,0.19717976613754892,44.4
2f808aa65ecb36f8460d76e0e50b8843e0a91d5e928d6ea6e160e30df51a33d4,0.197134644952928,44.4
0d664caaaa0bbd8220f4137093cb020eb1a3af018e16a04256b0d2c82c3c407e,0.19702077494887107,44.39
60938d56cc9e1a2524a1022ea460151aeb2a7a36a742c854b8a7d5c272719c39,0.19705468655693154,44.39
baf178ca1c10174f018a57a54599df797d76b2ab73296c0659f96d08faa246ad,0.1969317104840943,44.38
43310457ac989b9635d622bc08d9283f21484bb1bc7db833ff0e9bb267923f2c,0.19698602324890513,44.38
85711ed4faf0f0b980169f0200d073a4e12cd2e7406f21ebdf77c4ecf3ce0af1,0.19690337840944147,44.37
2617fd2555031fc158fc5c3aad7b5884c23c5af6e6fabf99b4b428b58a7f52bd,0.19688399289058697,44.37
2bafe531cf28bcd40f3a9f8f7600fc451d0f4c75b115297f773ed96eee57ee66,0.19680433598816502,44.36
50e1fb7691e7571ee81ec25508269351705aa268094dfa7e78b727a672654a6e,0.19674437073557005,44.36
454655c85d3e62802388fca7a03339f3038ebf3752e0f592d69ab34fa718cc64,0.19664978631738003,44.35
656f3b50f16bec30fb21a6ce3f3a777c95b49bd1239973d3a08187cd56d96094,0.19671670101725078,44.35
77327dfaea57cf50af8f376f8403efe57855d8ede59882173ce8631f31f7491f,0.19670829195502815,44.35
291d735b764f405f3ecd5a70a83212a139b28ef24fb0a41b366fbcdc389f7d46,0.1966848434824987,44.35
36261e986052331f150fd5b14fac97fa6d90c50a2d2a402b3a89d9303aa7037a,0.19670050342726855,44.35
c552b2370b53fee1225d3eb12816c2e79f8fb984d94f8de02093e5eaaf670629,0.1966706386742183,44.35
38395f859e5ea497ab7c78c8a4c473abf38e6029016d46a9d91167c5c9da5098,0.19664669033907095,44.34
16efec2cbe0c98d56559a7a5f491b49641b76336f35e9e14dac493d66864871f,0.19651838164891533,44.33
784b21c86adc1a2c8df0ecb79df355abc4765371426db248dc530af6da811dc6,0.19654138576267094,44.33
7e2723647ae4d6d0f5df68aa34385c0334d2bd7053220c388f72872571bc233c,0.19654218985901667,44.33
777197cba37a5ef0d53ef5b75c1f2a9db6cd41976eec1cdeaef0296e497b71da,0.1963904960862454,44.32
870e8f34a9ad20f0f88f6f626ea83cb33754f4e7bd89890767864a9e026e9691,0.19637652632021232,44.31
e55e00c8148742cbb0301b910e4b2bdb92013944fc4325cf47f48af412d9c179,0.19636588565661267,44.31
1dae0f241d759d365ddcf376f0ed20421e20105f7d46c7a828a6235185c84a73,0.19633197286075305,44.31
36485c89ff21b6ae7ed529c89239047c3e93ccc8d2daf36f953bd29f880eb595,0.1962862787114182,44.3
1f17579b49281d7b063448479bcf887f969fb3924746af6e5657188e58643c2f,0.19625787607438813,44.3
55c673f38203fa59c0f73439e314ea6a2d93139336e895e4a418b0f3ac8c7f90,0.1961384985027106,44.29
f1300a9027a568775cb641c229929ce4aa3e88baa2d26a5c958affc026dce1bc,0.19603981068390244,44.28
c0d5436d0a6de4ed54e4e8e05ad233f692e9f39dc5ebb1f7311f6c5b79c2cd8c,0.1961159978914399,44.28
b1eaa15866e52e6ecd52d3fb1b76aade1a3237d7584863fbf8bcfb20e1363478,0.19602469562269514,44.27
f157477a67e5bbe41e458ca938e6d43e73aa806e53ed412ca9aa495e9811d696,0.19585550334147167,44.26
e6bdd939d42d04faaedf13a70c29a582002cd9f81b4f3858086db524776afb59,0.19578958689137976,44.25
9920228c742fbfd80dc905533a98d36352a8c2fa9c52794f5804a3e1ce03b7fc,0.1958186576069024,44.25
6c6b61bd9da9595401170ba522691e50a037877ab6863cc3e80a2cd9ba4c7ebd,0.19584290896240378,44.25
01f54214c61d26dda6f358ab4f1dafe6b28a919010e2bb23eef51ad5fa3dd4db,0.19578042416332536,44.25
1170958dc605f728e202704683e21099e415dc137b787a2f498363546dd1aef8,0.19574345989641265,44.24
925e2bfdaa0456b380a67fa5158af2203ab8185f1fcbace4c831f218bb1b5454,0.19570355423777694,44.24
be91a68e99105486ae6aee3bcb3ff8a32cc5654f385d39b890774a85b4b3fbf6,0.1957344461624284,44.24
f1453e31d32efccc996b6c3b70cf70468d6827018ffc9778ecd9f6a9b3742acb,0.19568690615104536,44.24
60207eb956f6de327a958b2fa9b33ee6d2991a69eab10c5ed790dbea9caaba70,0.19562656870236506,44.23
afca2e505556e3f5220c9601e207c53366644c69d4f4919d0395e710f3d56157,0.19565958505724404,44.23
50473ebd2fde2827e7b7291e62f2588dcd7f703070e1348ecbcd6c56021bb369,0.19562939290962633,44.23
ef0d7cadf35b8317e0160487a5d48b3bf4a359db8f3d948fe9e079dba712be2f,0.19561098554597162,44.23
8b00fac7d46983ed2dcceba276bb4dadd5ebc607a7a84a8da21fee781880b1f3,0.1955423221186633,44.22
650d7c871dc7d5f0796f7b491c4c88923bcbf131e4dedda7196af52d06c9ed2c,0.19541934064876196,44.21
15a2f3ef9568f6a102d9835c997b6c1ea005d2bac5863f7865b3714d2147e6d4,0.1954909639056215,44.21
d9d6d52d7df5184966af99fcff0ac03252b01a9907206311ba3b9d55f6d152ca,0.19549219151509167,44.21
de8b45e4d72be402a386cbe390a7957461b67ad71f14317b8b1bd5c98eb6452d,0.19543214154697222,44.21
28270999ca48c682667bcf8dda993cdeaba1e3bce15c373f5261fce35165c39b,0.1953264888978165,44.2
d65c5fe618579c68adcd1643d187edeeb4b15215d532441c0611eae13f21d93c,0.19533368629925682,44.2
93a2eadb25ea2e72ca375845dbd685d1d37a88e76bdbb5c0826af688cc6890ba,0.19538539926752804,44.2
1269618ba512f2820a645478437b86b32132aff02ae7131862cd731d2f9dd10b,0.19538533285961276,44.2
c06f148e31441b757b3dc23172ea94fcd5310b8aae917338b0bcb79f0248caeb,0.19525920279733858,44.19
db8eb9c6a3345a810b637496c220ac205bdcb9c80b7f3084a6f9ea12614714bc,0.1953135016040875,44.19
ba8e68644381740bed4df3fc3efc86d5e74e7b7ff777deff0cf657a4f9155e26,0.19523656461078076,44.19
9a74306426f66215307d9d124fdc40fe7c172fb4f2be695b43ccb3edcf178a0a,0.19520811218616305,44.18
71807e390cb1819f68880d542d74b76fd0e89df94bf7464f38771ae2ea6609ff,0.1950951334489226,44.17
f00772ad656ea33db9e2f61930d771333f07bba94677d1d46504dc44ae9948dd,0.19505532828915784,44.17
d9d737e5aecfcd337324dae8768c8dc52832a9f02d367b0daab03609882c28d1,0.195133217137228,44.17
ec0a9ce9f7a4a9282862fc8b831a4b9613787cb54e822215fd174bf36af56dbf,0.19510259958186116,44.17
7af1aac3d7b10e60a9c336c431640a43a01ff32b9f74e6427540eb513e92c15c,0.1950210503615727,44.16
6238faa36fc7de82c94c52863c3b43bcb52c8835a790be7fdf682a77cbc6581a,0.1950476168418136,44.16
8bd19c620bf24b59393073536fbe1cb87ef8f348c066d7c0f42418befbd1d113,0.19479611097546315,44.14
3415d3e8cf96cca1fa6f1252ccccdf1172d78a9bccac19f01b09b50a880b5347,0.19485985125890384,44.14
7745242025480a4872dcaf89775bf1e0ff85acf6eb3b22804bb02458bc6e2ac7,0.1947045372485182,44.13
e702469a8eef8fe481be18c3616e537757c54d26aabc1353f37632e09882fffe,0.19477220576799742,44.13
72eeadd30345bf8dc8aa19ed1eba850cbc971bd917382256889dc42be5072732,0.19474660543539296,44.13
2dff08275b53ed73f214b8f0840f8e3f0c5752572b5cb2e7683a05e92c658ca0,0.19467328761137725,44.12
47c3e57a6149348534482036a96f0a7a8b9d6423532b0505da0df56d249f2dfb,0.19468884287922086,44.12
2db326d67f529cdf42e85184159dffdba4c5c894218b9aa511f0dad63ee4f46f,0.19458731046781796,44.11
1cdc38080fa9b8536c7cc9e7e869d356c7dde1f54382e14b07c7cf037699e3f4,0.1946097540668441,44.11
61629e74361df0edabb0d315727b6865dfa8a2f4a1226dc9fa76fe49034234fe,0.19454977941739693,44.11
b19247484ddb441b210a0ae9a985b6d09a16f08c0e95f927079d9bc164d22537,0.1944876010819341,44.1
4aec92641188d30133c7c56661753404141d77b83b2c3512f5e4ed3afd978094,0.19446972151116362,44.1
ebbe9e98e272b556da0cd3a6d25c430ec1c005a096d504dd1251e114a742a9f0,0.19448622811094105,44.1
d931e9e647aee043a9171f62e715993d8c0d14397d1dc0924ac006aca521cfb3,0.19451344249328253,44.1
d00a1d81f1261ad398a741139059e9e4f5ec308b0692a5549dbcd238e66a9440,0.1943832767616308,44.09
460a03796212c67769454f7a2d47cf0e9ca22ca72b98dd4fc473ccae7ad0bf62,0.1943516076623451,44.09
303ca0c588fe793bf32dba40546e0444e0a15f917766aa0278e5a193180877f4,0.1943782423050695,44.09
af9a44036a2bc40bc18034bff08b65479c5a7cd51b9cf1c3b95676d7a587c726,0.19439177820267173,44.09
5d73d993a2d2a77f8a9b71fc35db848aea8c4e5596c9037b0de35cff0e7f674c,0.19428480451203214,44.08
07f0ddac70504ad507cdb188906321d61ddac8836b4e34e18501d0841c834b41,0.1943432870320575,44.08
53011c01aece45e09f986af681a6a8052cae23c915a62b4acb438f4dc5b50111,0.19428212597060135,44.08
9381e38c697ffa5dbf4fa150d40d6ec80440f27aa24fb6939701e3e3e8ef075f,0.19432602413767874,44.08
a8c3924b6695adaf4b1219ab7a322fcedcb773585bffb051e33986c9fbe431f2,0.19422173609659077,44.07
6d31cb2fea3951c2a4087d3a996f94c822998168dd57e80c1922c1ee29c92479,0.19421661017154304,44.07
91b92bad9350479ba69ba93bf28e9da040179ea2f1901b8d2dec39d25ac4bf02,0.1940893713467255,44.06
8a62ea7cffc3e3cca56b023566c4423e0a84a45d0ecc441071d5341c2285903c,0.19407172108111387,44.05
8bab653d124310eab1dbe7186df28add3bafbe763c8d6015265c5584cdaa9332,0.19402366829602918,44.05
5f682e16e7b818dbf4c85495af8fabda95542a7517ccf7a45968464f0f830dee,0.19406425439880162,44.05
d8bd3379487ae8156692552600bfb1a87138a335bfe095c3a97604ac29628720,0.19406810639714311,44.05
5c8aec65a7a27ca8fb91642659472f72caf1983d5c93e911cb0c871f481db341,0.1940839806754698,44.05
98befde325dea91b5ff7b9c98b4f302ceb78039e736fd693bc124aa8aeccee07,0.19397856443461237,44.04
5dd94ecec09e93fa4be6f59a9ea1b50cc7193bee771c5ebc576bee9c201b8c2b,0.19388039325443848,44.03
a90d3bd4951d7a35b45063cde18c82f362da7c60f09e2dcee014f2228e8ea75e,0.19383527112243532,44.03
2eddb3fbecaec9b4ccd58ea40c02ab52696ea0d6d5220e216c9760479d1e9201,0.19383836111639302,44.03
6096a65bd6acabc4689e9d7a647d395370e8987338a05e1defc3e1f461e45c4e,0.19383668559458214,44.03
a4ce11ac8b90869eba098fafbdea4df9d4573b59715009ba2fb469fe4a492f1c,0.1937673973759356,44.02
82ff09735761e93fca789289d6a138c9bf2e0d2d95daf7db353cb79c7fed8e42,0.1936458270403486,44.01
58b2ee42764f1601f3a86bfab13678d0179dd94ba791ea19b4f6df13462dc1ba,0.19366840163043864,44.01
c9c9afadf67e084b774cb65f149f54384b0d3723e21e8508817b9b1946aa01e9,0.1935002949913238,43.99
13fa1fee77da31f4b8d895fa8d047ef1880d33d4fe69bd619d0d63bfa24511fd,0.19341335087779363,43.98
f601c861f061e6499c01e13ba3b0f8cd3d85900b6791118a0ecd19cc1a375867,0.19339208306798286,43.98
0a8a6a088200669422a326c0453c3c52784a5d8a36080410248a831b1a1c2cc9,0.19344382557401588,43.98
09841837f2a488716d7168d5052c4794a5788f55d8ab578d86ff5d8418cda827,0.1934110776494527,43.98
6a8e509ba5c98e08630115e2e7209c85fadb62ec1d937634ba5d2e4ed35a2dd1,0.19345028800458977,43.98
12aec12ab7188ab5be8151921cd0207ba6ae9b0cd2a7f02e0747b6071fae6a37,0.19335631479245063,43.97
fbe6a5a29bf66346a19233f35bf36a06c2111b13a0758e2fbc0ea1a3d5326ded,0.1933678519065372,43.97
5e5ab70d91eecbbe5bdce3567506c10b0e4318e26444d6537ce6252e14529f42,0.19331961930218738,43.97
83b29023b70a91116cde3911cb8f72a98cdae0d81a926adbc62a62a984949d00,0.19323968342976944,43.96
f2c295158f834e62b0c2b0599c351cf3ed3b338553c91144019464655430b371,0.19325387401210148,43.96
11caf99559014268ca117d32c2fc21b22704f1656e702acdff6b8234cd40ceb4,0.1931483245313311,43.95
505d98c29e8663a8e5ab1574724768c499135d5582c5beb7e794c28559bc28a2,0.1931917276895786,43.95
64a4e148416ad5ec4a4ae62d459b242e45db70916cae9b8b08529e4d14f94b5f,0.19312824489542724,43.95
dd7a3c334dc2e45f42ab0f434ab4537ea9a6a7ba6094c6ec0e4a166dd61e9cdd,0.1931990326890049,43.95
173e32fd630fb19471b25126dbacc6ecfa8053c4d9187a212da846cd5da19ef7,0.19309515158434695,43.94
58c44700c1d68cf78e7e038ff2e1812fddf89356382ec783bf091f8729d5af93,0.1930369292893724,43.94
75da5224d78d209a28d4efbd21d5d778f20c474c1c744fb64e52d5afd4d38bb1,0.19304385414595887,43.94
f6d1271f307e352c5fcf689b705a64a03c3c194245595699cc93ff445511a859,0.1930317115881182,43.94
ea9b61b58255508d18f5a33f06c46e8c754c3a8eaba32bb87c7d020440b582c4,0.19306402319022026,43.94
dba2308bbc23c6a83101f54e9816f95012ab123dc565957370f276f4e3b01e67,0.1930088929023871,43.93
a6a07e11a9ce487516d7ae6b43d592aebc9a1ac7ed5f238a1320012a9c6edc83,0.19287536145315548,43.92
2e352ebe80e9d6c2810152202ad76aacbe76850ef2083f0515148255de83d04c,0.19281913846427978,43.91
674749fdf72b7f18df28dc6a17bb66727faed5c0ace777d64375b1045816b5c0,0.19269961264940372,43.9
b78c2cfbfe933a11754b631b709f7c9b2f08d611998edfa1b0612ebcc834a981,0.1926804569890107,43.9
a7929a673a386f56e948b74316b377ab9bd979e53d814c26511aa81fd4172d83,0.19263937639242598,43.89
a3865c7cb762c8d0d40263f25db2c73b6b234cdb9f908a814de958ca7bde6ac5,0.19267170740755407,43.89
9ead442fe838c2ec01ab12ce8edcb5485abdcc4aaf9539a6b78f7d387d2199bf,0.19261495860545172,43.89
c6a8cd2d865d0d8e5f8b3e5322a60c0f99b7f6c405870c63cf80b82076c21d56,0.1926453434226564,43.89
679dc148129e8e5bd474cff774b444573415caab0a25dde0d47d059afc0e07d3,0.19252145348690491,43.88
73cfcfbf047951470f092f204c4b3edf6d97b75fa4deaae82f6083bd8b5ede61,0.19258488508915858,43.88
28a35a86436fa3f9a42abc717a89a6801abe49e8181eba053f40fd35e29823a3,0.192419137401991,43.87
77a5b534215b3ae0fee5b5449757d35d1cb4254f17c72f365a8d62e12f0d286e,0.19245966556016733,43.87
7d742249e4de0f05d3816b8a6496fc7b3515898b9ea5593d96426a5963b2147e,0.19246934815085212,43.87
37d3653c58351eaef4f65355f4ed571be1183c5ebb5d084d3fe64dcb4ab21de8,0.19235614578488924,43.86
3d952e58652d2646347e83cdc199ad264b9f538f1423afbf2f8a3758891e401a,0.19238786674784575,43.86
4e5edf4693a31884c7d658021f38b6aa3d7449b9c10e91969bbc6b3e450589ec,0.19232840915446683,43.86
7e4a9b27e3f8857451b9a219310355666e28172be0115d82ebc9e305946d1706,0.19228524941660313,43.85
e8f28a50001fe66d7b3f8487626b06b458b55dd64e531ba4c38b7978e1d6b824,0.19229890901145247,43.85
9d493e78ada5ba3a25573f1f1bc11aa6bf04c92657944b69c4c3a6c8df4f2594,0.1922720639004391,43.85
1e63aa285213111615e0985cf0c481cf5b9054c747a1b996738d1695c1ad5ca8,0.19225422234202422,43.85
f6851f526b01ee1f836e069bb5e05424971ee16465a5c2732cb1c3b04760224a,0.19229228551063124,43.85
59626a433a8219cad94447bd0820d32aa962bb99cf502d55fb1ca516ab260a85,0.19215893383207613,43.84
c2a0bc22e542485b3b6191f38a1a18bfc1f8dce00bea45a1f4475e637d504f48,0.19218640173668142,43.84
9a178d552c0bc99ef4d06fd4a2244b2146bd291280a84702dc59787c7c7ec873,0.19218461870662676,43.84
bcd10bf45bc82b60a52f9f9937fc9a46af5c461ef9c473544b1e900616b85897,0.19205445718746905,43.82
fced5387940e38a383e3947fab406a855c14b726d385f6481c8a3bda11233eaf,0.19198669532315127,43.82
ae748d51691f25b2ccb06f06d26dc8a7bfd0a034529d0688e3cc959bfe4c4704,0.1920130702309298,43.82
5d1db6b45411bf8dc0b67dfb68d60ce23a09714fccff621dc782869ebeda9d66,0.1920236031837635,43.82
7aec3782d540196181a6adc348bb8dc90f89c1dfece4fa2124b4e090eb3f9bfa,0.19202005800071922,43.82
ff211f0aeeaefe1dc01aa18b7fed8e5429d096b1a8716fc65bab80c5867e7258,0.19196448080692338,43.81
7c641cb7b1950475ec9cb25bf45c226d04254b0cf4910d7837754e8e92726460,0.19189350319751042,43.81
6683e5902f6d57c03e08624f6d631df2f95e1f1b09e00a0ccc6b0bdd7e7d48d7,0.19193680931908982,43.81
d4ecfedfd22e1fe3629b7f685d166b82acfba4198f016d7e17015d1736e2291b,0.19183409000207083,43.8
e517e1ec35bf36fc6d3b419efd22fa3f5b4ffbb30f5da9c7b3caa99550b92a3a,0.19179449573137056,43.79
b8910883f8e3f1db275442e24cd8221a16fddb823868da5d40b1374db60eb0be,0.19173560076560076,43.79
3d8bfb9b34b6149a67ca07e054a1c6b6f55b76e623c0df490f5a6bda15411378,0.1917087591874731,43.78
4ab663b3a66a0d1b6ce16b942eacf9b0f5a8baba0c15fdb72a798bbb6604e061,0.19165571710984552,43.78
844f31568d9bbb524e2250a5c1ad4a7b3d5e6e8b36c93880f3ab1e34171f1a0e,0.1915653248662378,43.77
ff23d1e336c32c2163c771a5cc57d247d65d4bf957f88518bff9ede687b41590,0.19157139746955262,43.77
69839ff94905f16c81b72608f4b9ac6c661e953a8d098c18982f1c1f836ffa19,0.1915307960814405,43.76
430ebbd0b44e0f7b4c2a2d40957e9debd3f8b38c4dfdb211d89956b4aea2e5cc,0.19151671257525532,43.76
29e0744825caca27f000523066bd20f836c4412c9d65018825754afc2d182873,0.1913979224571272,43.75
dd3c869d5bae3cb8a12ffce77969745203233aab726ccaeee90851b26e8ebb25,0.19134470881678423,43.74
5837608fc1fe87dba47aee6c609190ef56a99a354c57c9dfb2e7cc38327064ed,0.19127745625854511,43.74
4ddc7a9342fead284ff73abd458f8f5e98d5f9459fa5e2bcb8d1b6947aa1e11b,0.19124137271461095,43.73
fdc07eb96bf6835d09a8aa389c1e2c60d71fb8a6e7fb021fef6c3c96ca3ac0da,0.19111257842390889,43.72
0a647c4b7eba7fc3c121b92cfecffbbdffcae2d59caac2ca121022fb7bab2b32,0.1910670365939368,43.71
1ef3791c71c3482dc070803d3361c2694e057837d634585273e319a6a40aad8d,0.1910313040900419,43.71
20232a930dae9d5f78c515e1a683c17fbcba99655c9dbc9fb080bdaace3d0f83,0.19105789643484228,43.71
f2e241428384ba9d4c5471cdf3b18779a7379267e55331b77351c3eda062bfb9,0.1908601228292559,43.69
a4ac38775bdcad13e4dc9d50036e605edabdabb8161cb6af05dedd09e6443c08,0.19092275932370473,43.69
7d8ee75489d9dfc6dc20dded434450164c5e8c26c136f402cfb040f0d4c287f0,0.19085346070458223,43.69
59735f7150cf70203534a8172236168b707286ce3e6831c84ca7bcbb619cc05b,0.19076313764526795,43.68
f64e3b8a27be2dca78f6e96d3b2acc639c5fbef45de10d8729385bc159458a20,0.19080592922834833,43.68
8a24f97836372db3a498a7cdb5280398dbd40cf996121526d691483bd1547165,0.19078568023971965,43.68
3810eff353792d8215f86bc7aa983e47ef5e3e7e532ac3d95b084a6a3110c3e9,0.19066655514103162,43.67
5f631a0c6826de737893f9a20df004560d655b27e24b617c629d4798664bad38,0.19055294742213566,43.65
5b82f4a7ba928d2bf894312e3510148c06a17f9e6d7a467b0a2f84b439142671,0.19050927657092623,43.65
8e3f048de277bf31a0c2b9625d0857746e7c44854f7540067574b5fe8f287d20,0.19056737601793067,43.65
bdc542e070d0d071c60228895d9df70189ff3460b98eb26e8943d2793fa18ea9,0.1904690386449309,43.64
cb6e7bb57254c0838bf0d72f8a966df50f79d63190e15413b5f86901332a9f72,0.19040500278736897,43.64
112b1ea92786da8c29a95cb67c04a6a62eebd428aae242a536cf1f6beb0019ee,0.19047965834943908,43.64
4dfbb95820d6457bf4e194724086800f051b135a9d6de3ff4c77eb47d0b54a51,0.1904693108322999,43.64
927beb66d79a10dc40043f0a90f47834dd6d5b6be45b48cd2be24a4c00602bc1,0.19043369012921935,43.64
36640b64005db05c3411a9179178b18417212617ee69ac69417404fef09d0f8e,0.19033557925562206,43.63
ee29b67cd51656943201a67ffe60fb6430458ec9e81160431b719d1079d0f515,0.1903939245328584,43.63
9a1c8428a17f1d7f57078f645980b84c2b0ab7cebfadf100507b0063ac0ea904,0.19037109164996754,43.63
963152f10329d4e54ca3232f5c994885f847f2cf38d1cb98934fa9fb59d2d3fe,0.1903583298721157,43.63
bdd5f20d7331e1510a15294491c4456c18772f7a9ea533715114cfedcd723b9d,0.1902510197249249,43.62
00cc817538005b67bdd037370529659c1bc8ee3e0f6f7accc18582b3401532b3,0.1902872847497256,43.62
91ad0506ec6b2c969b2c5349791a053fd485eac6b1533905cd6b44f433d0bae5,0.19030734161956184,43.62
52fd50716453725913f6ff6508859a9ab3e8656b6a8dbf32120207979a9750fb,0.19021377125811206,43.61
e8679efe60077c58279ba79859b584fc10a45ad110450fb345cdfa05cabb1e7f,0.19022029062347737,43.61
2b26f70951880319bdca4fd8c3042fcc5618aeb468d2199bb596be61c72960ed,0.19014174406957537,43.61
6d34c30cd0185d53a7f4e383e08816875860bfa9ed39b0a0eb80fd9baae765e9,0.19019718466321106,43.61
f6a56f6d7abb81c8a7ad227a1a621f516362b5d533e10b2cfa81378269a2ae10,0.1900823223329432,43.6
20a122d05fa72dc9df976f05c4d7e938e463571af8613d199bc7d4d4efbe75a3,0.19006150513655956,43.6
6986f371967105c17973178b54f6a4cc9a1b23d8ff7fb60b2482dd189a8919e1,0.19013059361186913,43.6
c7cd0ecfb961304e15a2eddbea689bc0a7cbda85a208bb2e1c661a251eed6841,0.1900486059038574,43.59
85a01ed9838713b6df3fed89aca05f1098e6ea1c257ecfa9bb50ee80dbdb5765,0.19003952525913909,43.59
83a2c4e79f154e01bbcdda8471dc57150ba3a0f02dabf239356f8b8c317f22fd,0.19002425597199135,43.59
8db3f056643b5d3453f37e3c2c2c8835c51ebdfd4b3b00fd21909a695fc5f264,0.18989750837195582,43.58
12baa75db99382ea82c6af065dd9f3480015c54436e4227487ac905d193af342,0.18993430401535694,43.58
4a39ce7fdc0bfea7ee1c231bd551ab76d6199d053c0677536ef295f70a75503c,0.1899646088319798,43.58
38871acebf5cabe58dc3f40d166241ad1f8ae8211157eb97b69791dd67a79605,0.18990471058611885,43.58
767e603d35f2312654786cc2b7181a404c182fdf3e6683273496546bd6bfe0f4,0.18995530904678165,43.58
535d1fde2d1d44cee712e9e9e4ec9a42ce67eb2522a4c3076fe53c013207118c,0.18981475524347338,43.57
909987b3d0a45e51f57379764fb6b6d5d64d5ba3d3f66f8d14be086e389d826d,0.18982601521107678,43.57
60f37691ad6e7b769a05cadbe3041770e90930762478ed265761fe3991baae0d,0.18986567906494592,43.57
e05d9fdf34d9bf8539b348b3acda659f285ff31cfec3e000db4a6dc37f19809e,0.18982202649414948,43.57
4b779ca7ceefa5e7e5e1fc3acc5033bb34c0728c1477c7049f8b8e94b8fbf342,0.18971147367226532,43.56
219c06bfc2f4392572b9d1a9c538541fdc965ef793148054ba2132ad4c9d62c8,0.18972255917460767,43.56
1d1c61dec0935dd16f71acd269b7c5fd1e51ea69f12f0299acc6cdf5b315da83,0.18967912463487152,43.55
10afd6f66fea4d4220e88dbb95f9b5432819daf41c340cd26b56b3cafd76ef30,0.1896362879475369,43.55
1683239b21c1deca14919c325dfb94bf0cbd14e703f39644f5e7ad10ee6153ea,0.18967494370184032,43.55
8d9255511a2be2462a4a6dc9bdfff2af17eb3a0a2626d2ba8d6d4ff1c1758e8a,0.1896936071014601,43.55
ff008d79e991f8ae6d62866b58ec98e13767a0bc966c0276a3c96f9d9a86a663,0.18954532123894696,43.54
33ab6372851df7848dab860f34aaebd4caa273bfcb8c8e60a884319e7bee1c46,0.1895361781787953,43.54
9661b2dc4230fca9ef13763acc76c2ea503ceab80da17e450176ac80af0a9aa9,0.1894831551550651,43.53
79c12e2cd1b8a947d3efd3beb015c49203e448c28a078ed5e22a1998506e357c,0.18949604993938357,43.53
0edb6c03f136f216411c4b452840af6577a80d43d780db56b6db3e97e9f8d326,0.1894465989459921,43.53
19438dccc2f0f2c65dd8cdc5b5273730a2a569892258d466c7fc00615901dd01,0.18937380091341052,43.52
bd2ea308e42d55f085582491bd0ae9584f9ec56dabf203e82dc9836811b3f346,0.18941487464308188,43.52
765182aefe47ee7ed9792b971533efa207e55fce43a96418640e46d97570813c,0.1892779569868212,43.51
9fde651d705fed068d83191436d519ac898245c296d2b7d9f4212028f0e34712,0.1892920810134518,43.51
5a9659bcd38d46fd048eba244b831ff94d00f9dac85ef1f4e0442386af6c436f,0.18935362681029957,43.51
92ed338db60eab45e9a4f44cd4ea2f875ade58bfe238e5a9ac17e0eb78ece6ab,0.18934407189101912,43.51
86325eb137733f6fa80102b965c88310117b770a3e1247e1a8a4372f60d074bd,0.18935533017961487,43.51
15e214af557c89eb1f241e075732540f60497f619fbf40763933507182a07889,0.18925877310659608,43.5
f3479b56a121421d82ed750881f086b656c80ed61208ddb756396e870c5aaa6c,0.18923728827714886,43.5
56e0093cce048d61ca461dfcc606d32af372fa1f89ca5d684b13718c424ca519,0.18925365323495952,43.5
53252488abcc97b9f268bdcb749b0816e44d871fd14b8e7d8bb1db6a723398ce,0.18912729635568656,43.49
88673b469b75653e54a4bd748609d7f5ab6b58eca566fc4afdc8a685cd8c13a1,0.1890893262923622,43.48
25e098e9bcebd8e4928a36336e4a2db3cd2ae49cca19442721208ccc52d67f42,0.1890498021102014,43.48
4e2940723939c006ae4f4e9ee202a9f55254f21280c28feaf2969b57964a2591,0.1890415303757345,43.48
17bfd8f4da218199cfe91604c2c38009cea6ff52641c8091db7be20e9ecabd3e,0.18908626638739745,43.48
5880fa6189c21c8ea9d715504a69a56227ea305bd56f816111a539e557a34b94,0.18898880632469978,43.47
18fee207e2eb19e40265e76665f1b10046c0a3264bb1f0c09abe4337f3161d56,0.18894248161083194,43.47
bd444c4f1f28c1d7bd8dc3f8d3a868d4ba2abfed6c3c5f4c2815d799b60d637f,0.18900351682847213,43.47
42bb24cb39e37c8f9fcc4d42d567da713b782d418dda9774e068f00dc1a2f602,0.18897443193274271,43.47
35b11edb75569493991dd87c296956c0a8ba855fd43beaa753bb37b1e1c63140,0.18880040322099478,43.45
99480abca6b8a596f7f9b7f7358772abd8eeaa6605a6a65564d20147fbec22a2,0.1888105732489172,43.45
1e4a123fbbd60909b27226abe175bac2ca7fd669ea1a38cfacf654043f01d99f,0.18870627768869738,43.44
c12c1dd96ca6cb35a3160413c9ce069c302a5de7a615891d8b407b1f21374688,0.1886651610481948,43.44
71f0595792b96e59a7fb4b4269dce668234fecdb3bc84f804174cbd782297489,0.18864298329831042,43.43
55f25be3471d6d044a09d0f069ed0838ab81e317686a0f242f79fc0701f9d1ad,0.1885825881809086,43.43
792f007487aeeb86b90f78a7d6cb532adf9d3e370a57f2e0b426581a5dfcc0f2,0.18864339574137226,43.43
c1e3be6771c9c81cc55bed4f638a49189efb7619f8162a2792b44d4cb8a8efbb,0.18860690547156836,43.43
2b4a788b3339cf87b55b79c28b02dcf695c4f067784e427fa91450e54f5d4f8e,0.18862249405148823,43.43
a08360f06dd78bd2c24b0079f665553c300b3dc1407744190c7b94b72d6f4bf0,0.18857388396651156,43.43
40ff60e6dd7ff83e74b72a83cd6a05d20f249017be7541cb8b01e36e94460d0c,0.18864985473960402,43.43
bc8951f4f343d50e1bb02093917a2fbe709516edcde2e67bd74360df7a04578f,0.18849622884455985,43.42
743847dd2070f7b494473ce2754c89a28c69f1d1838f0a7d750d73b047b89337,0.18851365798811004,43.42
79a17d48b3c08c0e308a8d3b57c48f539e91489000aa7b1d0fd1e12fa0ca1b3d,0.18849576474592417,43.42
4f1b5773b153cac9a142e9cdf1f1dfb70cab249e66a3eda0dbe283950ca89d44,0.18841924119358375,43.41
98f10e3f232d244369c1aa05f75bc7a177c72d972f3de342231fd1aeb5eb2665,0.18847050804860277,43.41
860c4ccba7d69d37d6e5b758bba17e7a59e7c7bf2e7d059635ada66c13372236,0.1883998484214528,43.41
15e247f3b39b3ecb78ff68c92eac81f1e0ca62cac71951a7b3f3f4b2e74f5be3,0.188387665495247,43.4
f4e0bca765234f366bcfe143b742e54cf5b22aa1e38f5bb7fb2757c6129eab75,0.18835550245550803,43.4
f33d6b657c336d2789f5cfe54d43a462d906662dea887fd991c689b923229dea,0.18834637282149574,43.4
8410971b3252d3443e4281dd0682eb9d7e26c35c5a5f5018c6168e29ad735e31,0.1882721796153678,43.39
c1e952582c4a4de4ae0455ba2777fabdb7e244b859d4c574f7ee732d0b5823a3,0.18829202395454758,43.39
ee2b8360162a6728105de3727d49898af6cb0eb7119e18b979a13a0c326b424b,0.18816744137686034,43.38
ab09d8e851b23361eb53981a82504cecf285fc084c791b5d4db39f2f1407131e,0.18815999320600327,43.38
9a88af23df43149bd6ba296a4409f756815a077f6b2e5889f455842c7e890077,0.18808659985181422,43.37
a28c6ef33441a250c70671ee12f66cb9d3b7e69720aa271e1fe11f640606631b,0.1879802765123815,43.36
20bccd3dbe7e91dfdc699988526f2d740c877e3b835454604b6ae5ac4db087cd,0.18800794976710708,43.36
a38bad618a462a747d597a6235ea8b3e8727adfd5c87018cbea5590a90802208,0.18804774164425195,43.36
88a411c5a34752d06d5c5e7483c0d7d7722b88dbd32911642d540e9afcaa728a,0.1880197331442848,43.36
e28558bd6daac6982336c509bbece10057e68684147f95d49e32121e15b4dac6,0.18804744221994166,43.36
4e869bacce9328719bde3c3bafbadadad6ebd41de8f72d5e89ef517f85450fdf,0.18792699350919354,43.35
d9de735485308a8edcba8751122c549fe1f310f2f494387c0f61c0ed5243932b,0.1878815499083248,43.35
7b8dbffca0564021d84a2ee23fcb55173fd4bd3af01510f1b3a174bd7ed70226,0.18781022252956972,43.34
6fef4ca166e2cea603dcbe969e52f650b1a545ac75d696256b735ba9de2c51c9,0.18787326662119802,43.34
1f3f5688e2baa4cc27b7fa746245faa758f2ddb4242d3d61d5983730d340be9b,0.1878268756508669,43.34
b2b6434f3caf5751b513cccfb8421c0529a0b7e3ccb5a5fe79974f4e9a053014,0.1877370386168999,43.33
85d5b752a3e56ed39e589ccc5a6106d10599617a6d66bf23b4f941cfed4c2359,0.1877511033385305,43.33
13c33acdcdd3a5e9ca47a001bb3921904061176e93b629bd5cf920a1a5b5239a,0.1877823228188106,43.33
11318697d21d06e12b02b827e718dc3bcb11c15526a56a589bae48d0e1a387a3,0.1877266087426219,43.33
2f4ee6d5c95e1b79665d5bd920322e8815093b282960b69e5a0f1dcbdd018b96,0.18774439186260522,43.33
dec7fb4e7b27fa08fa451be914aa15738c5d481c33e3b96b177ff1d162409b45,0.1876777089834742,43.32
6245b6a85fe52c414ae08589399f00bdba46df490981738b857720211659d381,0.18766812080690262,43.32
9219a628a399299a4ed0756af9dce149d42e80e4db12ad4937901fb673d64fdd,0.1876786534411478,43.32
c435a3d87282ea884f71b9894c0b07cadacd5f155d566fa5752ed5391b3bcb16,0.1876239360459866,43.32
ae58224cee594f0713069429f90aa2ead7004f138f6e8004e412d8822c7a81d9,0.18769389985744744,43.32
84257824f94bf7d0b3e012cc9e295ea85be138e52e5de04e4307242606c8f6b4,0.18765689625137083,43.32
d78e4ae475922ae8f0c21e9345d8795c4112323eb6702a86a8d5c21cb943ad33,0.18755177233296627,43.31
b38e3433339429a98a737d46def4ffa641d0a44667a7504ddd929d15dddff161,0.1875831250108525,43.31
a2646ba642d9ad691c9ffe4e3bcc3134e24049c58c2aaa8449392f71fa310733,0.18756614160239238,43.31
29f8af19dac1758c1f8850359ac2754a868aa57f995f94ca4da2b3b20fd43769,0.18753217691558605,43.3
244279a2c6d28fce9cd9db0205765a8b82334e8f13548556544adbedc2543135,0.18745499269608373,43.3
9e503263cb677e62e23e7788ab80fd90979e35b97a3e00d35d4c8dace7b04925,0.18744610631234704,43.3
afbb1d9769d1ffaa9b99ea7ec2af7979ee8b966a00c19a0717fcc6b304e73a0b,0.18744866598201615,43.3
0618429c89750d7c9c270f8b477f9f43575f8dff50cb31641ccd09111b6bfe04,0.1873820441484004,43.29
4abc52ccba5898d2d1ef551ce348c03110493bf6655f9ad7c55261200cbcee09,0.18739733213362444,43.29
44405259d503dfeee374a69339e623c423341726587bb632348269fe937a263a,0.18739080455228607,43.29
92ef6433bf26272d7b5f94a4c7b68f207430a1ae32530472afd1ad5edd18b16f,0.18727799201076492,43.28
e3c1b4525376c0cfa88b22648a9ffc951e7f73e276d1fa4fd028a708f794a37a,0.18731556759785428,43.28
e819d00ad30274fc74a6ff0821bc2d01945078d07ac47f41d01f9d7619c5e71f,0.18728010099192563,43.28
1ca6cb612935ddb9049d4a28a318de83888026db1e9f85616797917e3cf7b44b,0.18722392006684907,43.27
09de00c0f91aa17dfb6fea083964e3b1beddfed1871295294a58aaf8d089cc8f,0.18721960442177982,43.27
13986695950d5008d4e30d0bfbdf30fa938b85a6a072ec74e006243f5cda5257,0.1872088090991687,43.27
01384014eff864fc34f35fad54d06ecfe314c0e39f762d361f8f90e7883caefd,0.18723163356091566,43.27
be795260a0ded45bbfc29cf20d9528d0632211beab81671e2193cbcf3a255b9a,0.1871259346599044,43.26
6a6da9bcba45839e152cf0683e7503099dea2d0b41be4ce49fa06e1855e0a89f,0.18714790442771212,43.26
bda5ba0fbb3b70ac067934b85458c041175273bc5923f98097589b6150b99123,0.1871500780172995,43.26
fca24ead0521170f6f857d63212f61fef052db920c6faa60d673569af07b4332,0.187039018115509,43.25
0975a5b64f8e232c161bae4a0539f83cd4b581ec73c7f17e72bdbe72917ec587,0.18699671566829945,43.24
47514ef0fbba8ccd457d00b37604d501b7967f9e222f8434c19344d4294e3429,0.186862759084192,43.23
3b4f987dc7747c7892c21cf4d3172670065e37646e13418c3f93d667b6351f15,0.18688637461883084,43.23
944d8df0e0d55cfeefb60302f84e62e42e97c3fabe493d09e2f75601384dc492,0.18685770508595148,43.23
ded541420194aac8433c745dfe785a78d1f71ef86f546346866dcfbde9cfa657,0.18689857698325377,43.23
e0cd43d3b7b6ba1e2ebd7c8edfe03522fa58bbd431eb522f6ebda3a8c8840375,0.18683399184165184,43.22
77917200376377fdefbd4b5af12863350ac0d6c15a19de63dbba292ee3bbc559,0.18678614979989283,43.22
aaac764a5f2b1eb880c8e2609f6f4fc28dedcafd78d3c24701cf27b636a6a4dc,0.18676096127649097,43.22
8b0b0b69b3de714bed7585e213a642f888ca5a2b69b6b5075aed401a7d30bb8a,0.18679711936872606,43.22
a7d0309649c7a4934787d84389959669b90f606d894baafd1d707b786cdfb189,0.18673280134787068,43.21
fdcd35373e873397b1c9a101f3f40cf24128bf07b389ec0ec292baabb9f343ac,0.18670163216627345,43.21
4f12253623a40ec109173fe01d5d78a66f3edec0a9d3caff474d6cea4ed634d9,0.18671515156019536,43.21
9d7463718749df1569ddf6bb46700e1827983ed5019b23adbb5fee8f6c5ce282,0.18665871247509183,43.2
55f5f4b8211c9fe5f7686807d0e95a62921d705305587380cab8e5de64d61a69,0.18665614218627308,43.2
028d94dc825edf4902b0112b5df23bdf940feaffecd8cf26b14395c2a0603e65,0.18663639587069247,43.2
40c7a5171cf102056dc458f5a39adab1af83847cc8c5b318a5aad2c52e247d3d,0.18665735741328285,43.2
90cb90ea5bf21c658ffbbaefa6dbb82771209d71e7155c206a85c53f42614a03,0.18664666554741513,43.2
406c5834f603384a7ec57a98bbef4e323e832bf7bbaaf307c4fa0c78ba9b61e9,0.18655847790044688,43.19
8774b5ff84894cc2d5cf6e280f59db770ab87a91785f27a9be6cf2ca5d4e419e,0.1865800618862955,43.19
b3a5b63f4f6154be7f99b79ae964bd578dcfa12be00cc1cab77994be554727f3,0.18653414185554662,43.19
6e2e4ee86f812a4545ddb98d8af59a9cd8bd8d2365d40eb379852e141144b2ac,0.18651216959364508,43.19
f807a04710ac57ef6db7ee014503ef56d4d4423ffe1edc2ce603015e7f013fa3,0.18647221460222393,43.18
42ba93b54deb76c32b65cb972c92ccbef2a37a35c46f7a7d20a6fe37f62e19d8,0.18646230313985693,43.18
737e52d40ea49d90d439cbeb482d1297c531322a00f4cd3ccece87e25a0ae8fa,0.1864604858152311,43.18
444b3dfd336bcce768c0c9c225564f700d83b44654f4728e0af680dd364bdf1e,0.186426662066979,43.18
bbba5f53329d4b57cd32c19a1d5570846e987f131186bc239b034b50b5140baa,0.18640875500185392,43.18
01a2daf7f72944c01689d3183388d18658be23c71deb643c9c1438febcce6acb,0.18638787623898562,43.17
1e5da8ebeb1e1bd3984e39273482ee6f4e307d9f739e79ef2062deb26e0eaa5b,0.18630012229656664,43.16
caa7d898efc858ea7f4cd13afe7bd100894fc28c9fc9b89abf5085a50ec7626d,0.18630893595531364,43.16
6e336411f5957f5f9e96a16b36a0b6f743ceaca2fd8e91b2073b431c3dd3a3ec,0.1862597088346109,43.16
1a8f2eeb72e77eb3b4c4f2aac40081e75a9a5c684ed922d02c72a2d7aaec28a4,0.1863216144332181,43.16
1e3c4a9463a1a1ccf83bc4826292ae80f5647cfedef0ffb67f30994947fdf2d2,0.1862073852231963,43.15
28b0efa4fd7d83531bc930e67dbcce3125024c6e9dc7a73bc03288abb0005744,0.1862285004079238,43.15
e47158e1ef253ba23a89aea2d51051eefe2509d0a61e8af3a535d6616f41789c,0.1861080536937064,43.14
5a97c3e28dd5398e6913bd783ee0c59d1c3bb670a716fc95b6914590ad199864,0.18608786560036222,43.14
ee94fc268609c11dfae929dabd983765f950f25d6eac5ec54b39a583be0e6058,0.18607161116063015,43.14
c237b69e61cb48bdc4b2569f842a8c7314f7eff76dc1196d95b4832ce5bb7d13,0.18612453226593093,43.14
7526e1d826f0415c674b2b1dd5432a048dc176fcfa8ea0b69e1238da4093e9e2,0.1860398204502107,43.13
2b558bfe5d9f83eb8e998b0bc1588f574edcd49bf5ea49078ac052eb34fea9db,0.18605204176773346,43.13
3290dc85f93fdd959d7ef968cc63e93761bc67320ecceee38e8365773c025e65,0.18602888253177177,43.13
a9797f0aba9e74e4a69545e0ab9462cf29ccdd3e7f8a7f42f904e8762b5807e8,0.1859736889987114,43.12
d91040954bb664445e0ac9355790cb69048bffd8be36a195fdb526a9d8347f35,0.1858072317264887,43.11
72413a34a65fa6fe381f21c025bf64c756caebf8fe3f640a8c4d1399f51fea34,0.18583424300848217,43.11
c28ce9b87925ea8f480d4d5f9fe6f271535c194110ea277a26563eca4706aceb,0.1858402773741714,43.11
3ea037ee5fe4448076896d814e2fc4463efbc28c0b6ee873ab6d4bec4bdc8329,0.18566384669280783,43.09
c55d11a684308f3707f15cacd0a929ead56ef24a7b613981b14fc6dc95aeca5e,0.18566061216161397,43.09
880e40f601c70f28fa38cb1cb4369b0bed5cc0fc40453ca867aae5e29b767945,0.1856281252779722,43.08
e11385358c23f7ef90436206d952c52b04b8c6576c9c09ee841da57cdc284d62,0.18554574377640023,43.08
1f9def7149f57920be9bc7901cbb7b118e5de72a4f5ef3136791556e4b4c3871,0.18557720565711214,43.08
59faab9e1f460e600f4e8f3447acaf9dcf7db98ca08bc28dc419c78ba15b4974,0.18546230220730614,43.07
23522901d201ddaa1934eb58099814376cdaa07e8926ea537f9aecefa8c76e28,0.18548742826066167,43.07
9b0efc0efbacfe9852c6804d275ed65ea5cd3df0be171657070eaf2fecd4c16f,0.18554025502977617,43.07
50ffd6d6368fb11f576f52ea57c22f8312c0df86341d8ec03b178d800d54f829,0.18550668176233176,43.07
1eea2f7aa371c3baeeb593cd3a80748c68a6f9070a573dde131b5f7e0b3ff8be,0.1853525314928363,43.05
76207336bac3d97d9f74eb2bd3beeca34ad39fff5473b1b28cba7a33f5af3037,0.18534208620945095,43.05
c9e36efbf66d4b9c6c0fdbb74b94c75c692a2c4879e16c75f3a5a969bb4d8584,0.1853603876748816,43.05
1eda53bf7176dfd8d36d19be92c4af2483569bcdc98a89bbe1ec6cd2690a3f5a,0.18534382930573826,43.05
446b36e133bb6af083f0ab98704d0764a05ae07264116c04bc411a0531c18a7a,0.18535549770643034,43.05
bba8505b772649eb4787b13e1c3059f7303416ae24a056e1158954cbe585759d,0.18523464756163505,43.04
5ae9b26e25fd5741010de156af49d5ebc55aa23d325ac90f4c529fecc5087146,0.18526883856318238,43.04
b07710346a9df65cac4a3040c34a17403b80653e21ac3dcd14871ccaeb04a074,0.18521156272761696,43.04
90a0f9190678a195f7ce4bb89629018b4d35b34b78bbe672415490b2a451ae06,0.18525167993410072,43.04
aa04169cec25fca175abc569d7c5f293a24666269b83bcfd8cc70bc6448254e1,0.18516061279509807,43.03
fe3d4dd70e2b68044c45e9531ba673d1f226f140b8464cc4cec80341eeb32a6c,0.18514768493954595,43.03
924516b461a39461e0dc7dda0aca0e566317b645a2c50c2e7a5cef129792d728,0.18517655627509577,43.03
80e3a97de0066193427e495c1391bc9ce5c0414761f57dd581b61e540ce9e4fb,0.1850742259339234,43.02
8f586980df432eae47e9b88eeb9a42ae26b1e6b734605677b92e1acffe94242b,0.1850894302835843,43.02
b85f85d1e3d99e68e4ce25d51ab1b13a991ad52539a7c5a3d42f57fcd78d421d,0.18508599196073866,43.02
e59e5117f07fd527632c1b506c809b0bd31c3e17a73c04b2354f231f6a9e940e,0.18503005184476876,43.02
3d662395d12b9ce1750fabbbecb27e5eafcb5a00d43d7b2fddc9310f649dd592,0.1850693361605525,43.02
610f5464fb729930d18e3f6b433c8d2ff68ad5b231a21e784514c380ac871e64,0.18499541178878892,43.01
febdf514d9e9ccc2164c5c9f8618957e29aa4316fa45cc0fcc28367fe9313ff1,0.18495458202247034,43.01
c5545c87deef1a32825db1b98934d6621135cfb26bcff86fc7a283f7ca4b19db,0.1849976297172075,43.01
78806e7c3b6e71a9fad5afb96c7bbd72966310c79472ec0d2f17e605daf72f0e,0.18497598865692097,43.01
db232aad1dd9714004851e77f13d346da976c58c8efc30babcb51c7aced80988,0.18489774889623284,43.0
701b180a3ab9a09563f9e3030a876a00511af60d3f39b8500cc165db93dd8a98,0.18489569731143543,43.0
22547976687f8a81a7887973b7dcdb4d464def64b611abb84aa492dd4753a637,0.18488269255781467,43.0
974734d213ce28cf7277a5b784339672bb68acda7080c19c1c96b43ede330e71,0.18479153357759906,42.99
fdd39b6a5ff2b8703e2048740ba544508ea4ba22e5ee5eba1920d6b71310ab88,0.18484168424937372,42.99
d0f18fbc0b618c4facac8ff67985bbca62f69e7ef07f7155d6bb60d1dd2715f6,0.1848062997636091,42.99
a825d960126fac786aa8d352c3720d22d27fd64e1848aba2065561a7e1ef0ac4,0.18480665423893392,42.99
d5a11269331900cb544c65e5567d4efbd9c5cf8896e75b42666ce83bc0453955,0.1847867204051002,42.99
ebf25cd7296859938a6f3c3a4e2cc732d613f399a61ab4a38424206e9c3ae69d,0.18470605892439237,42.98
81e0c0a6bfbb84819651b0c7f8a50629fa75aa279718ca5ed9201ead7689e5de,0.18474145674461076,42.98
253e301f51f73e4e9cc41f7c734403caeb3f6f2aec573c459b31403aa27b3918,0.1846532364863168,42.97
e838553c64785570c215ed16c8b2c5ad98745aa2b566441164857be7033ec559,0.18460785700047933,42.97
0e6e3eff3547940062d76afdecfbd6d65db785d55cfa0d3cc86d1dd41adbdbf9,0.18456446852012987,42.96
dc475d03b4540fc28decd1582dbc40bce615293bfdfd90f03a0ba351b95fa6d0,0.184599001696934,42.96
c76cb80922baf5e5b3beb364f749feeae933492bde4057c6daa76d5a02d3d2bf,0.18443373565450286,42.95
b22b0931322b3d84bd43e3eb070a0eb682688bfdbfb865614271865f73d67fc6,0.18444837331051686,42.95
ea3437f65532b107325c169c3aedf41c451a0bbbf5e006411fec4da42300040e,0.1844751284672723,42.95
d5a7aab896150cc5f7194ac258d7909ab710439d739a418234c961b63a5a67a2,0.1844044814288418,42.94
a7cbc21f1db20e687106251a1c3a49609800c75b232c145f677baa9bebdf3274,0.18420176061987245,42.92
739d98d02abfd2dfb8433316e9a82bc17d6ca62c8b9ba67fa463291ed4683cd7,0.1842453313387293,42.92
c423dac5fb686c99402b4ff918f6f974dbb595f0f7e2e442d85cadbac888aca5,0.18410465690718086,42.91
418ace8bd529de4bad129b690bc0644420550aec24c9719c5579bfb08dd7fd56,0.18413321926052909,42.91
11a62666b0123000ac35c735ea3d2a1d8d5fd66a2d2e6a3716e6fa6c5740d243,0.18410438788178854,42.91
afa7d4bf7cc8eab8ee3e8ded230eda5197a98ac775b0d80d8a74d467e1624a9a,0.1840158491383181,42.9
5251176111d7a12ca3d68fcbf9b1464d753a773dad30f2d18a3158cac354e1bc,0.1840638566933022,42.9
51776e0b1f38462d54fe1f96f78649ac8b3b49cd8b1b4e36ca967bf5c3eef037,0.1840375569443894,42.9
1cb0a60e942865a52a6e6742620a18fea41c9b4db8d1a1be7ce04c28599f4a78,0.18398324326556886,42.89
35696d7135a8e9d5ff5f4b5efc77d9c195348ffbe5344321a75377f13a6b05ca,0.18392359611932932,42.89
622ca6d55356984ad048875cd1d0b87d5a6c196d839905e1dcaed53d49bbab62,0.18394183188528945,42.89
55f82e6607c16eb19cf27f1add3ad3ddd88ffe6f69457d53ab2d49bbc0f31587,0.1839896730148732,42.89
f4301b0ff71c3e4e524dbc58efde609f9ff32cb92bb459ce374b9a751247176d,0.1839625918784962,42.89
8e971d53d91255b60ce08c2c71a281a88c5231a3aaa2c4da59d778d35bba94ce,0.1838978497046065,42.88
ea72d0f567a1390c54c24bf8b7e202b6759eb50bdb963c78caf79d8d8bf72507,0.1838316036630152,42.88
892d397282a6580d0a06dfe150ed4634715e1a04d4ac4897ff16172fb4023bc3,0.18385810392003887,42.88
f06e1fd1be1c80a39a093008c7ed1df85aeab0630adea1a3e49299ebc677326c,0.18374219951073315,42.87
105b262f94f0fdfb247c8544f65bb069f8732551de527629d30c3e50a68bdfb9,0.18374734633994078,42.87
7fce841d8cdcdbd131409f54234630db37df44d55e3f3912be14165a68678d96,0.18367118337039756,42.86
d0ef874e9118e2c02d0ec822d47bb2284c1f052e2d12c7f0746c67d12168b0c2,0.1836729966973322,42.86
ead33ed8b0512cf048701d26303a5f12d3c482986f37e8c9b64877339d413523,0.183666971661316,42.86
03f248b7f7d667891494ddd1d55ddc1894609f46f71e1024db775fd6ede32ae0,0.18370620627617512,42.86
e764cb5f64b833653fabe96e8e87720d42c67e639ca7e54ccd83fcfb50efeb8a,0.18371351902440097,42.86
0e9125b9943d0db69e01c4e562cc7ac7df719bfbf1d586d7c981c1060115f75d,0.18357469166987855,42.85
03af2d18c126f7e25d58eec1f787ce337174c969b24e975b53121f6526655fca,0.1835942662170704,42.85
814e889477cb56fcbe4aedae8c3cca030d35dd3d225f115667bbf119e95bd638,0.18363955570064394,42.85
cadcb344e0753a827d98a19ec8f1eb20256d0de73f5979f0fb2ce849047e6342,0.1835966574494063,42.85
185afd89ea867ffba8f76939d000653bf1ea2b9a2ddb9863e9840decc31cdb4c,0.1835431939532688,42.84
50ffa9a6bc33b2cd3f0e3dc3df6322cc4e41dfd46dd5a42c2240d810b5ea4b44,0.18353521886769303,42.84
c6b8c0357f6c8de2eb924630bf2b899fa11e5deb5324ef2f724b2dd9cfafdddf,0.18353890623603428,42.84
c2d260b38fd87c6ebea5e448cfe10478f17d6962c251c31e1d5d7b6fa7f47a03,0.1835368560839474,42.84
ef2516478aceba9d571d48265a9307610d048d6c890d3289c896fcbc79a41d5d,0.18340874529623746,42.83
1b473582a39d222bab7ece7c9308dfe45ae3fd828875a0cc20f7ae641f7d107b,0.18342045126439296,42.83
dfb41ea58346687f6d7420c5094fb73e3b9bdc79f2a4fc79e7ae4af3634bc794,0.18337216134052334,42.82
c54bf45df4b32f68ef735610c9785e9699281aabbeec6f30ad3fed6c55f5d243,0.18337443643966866,42.82
37919a090a74cef31e90286774a315a3c45afe84925a6429553169677ea2d8d5,0.18337976961887092,42.82
7bf68a6963c58334e5820c8aa31349d6bd2c9c4cac319fa2aa773344127b1c08,0.1833318116532759,42.82
114bda5cb9851d53ae129940bc4edd7627a072cc5dda1fcb98833c3b5f77dcc5,0.1833664668079216,42.82
681687e95338575e47b5aec1e5c2423a8e37066c19ea80139b160879be2e686e,0.18324150854838225,42.81
db7b5f5bb22d3e49775e6d6a19bf229f5eb362eb969b3657811e38c62d754416,0.18325982946498431,42.81
c57b19ec29df4f7d998c15421b02be80c0c4536a3b731d2ef7863a1a1659748f,0.18316764433377145,42.8
4adb531b15ed243b1f1d5740684a84399b658472aa388b470b688c659ded1348,0.18317771569122077,42.8
049ba0e61b3aa513879cf9ee65ca77f08e7d392b64e7528d93d35d34167a0c34,0.18320511900092368,42.8
5fecbf3719c7e79a07fe48349713e8e558d371d0574f2665ecb2213fed6eb577,0.18308067840448874,42.79
501b4097bfdf856009632fd5241aac812bf687a92d6289cd1fe8d79823ddaa05,0.1831269269615157,42.79
892c24a570ca8232fc115c094c3a66c45b0cfe03fae21c6ec218c95dd0cdeb97,0.1830339322047344,42.78
7336d9254efb5d8a17bc426867a5e5e5543a05c6ac93c3545d1aa05aecde1fe7,0.18297331251921292,42.78
00cb039ae012d431b4a463b1ba9b8a1bfebe9ed2bf32d28af3aa830371c839ae,0.1830248244789844,42.78
6042397dcd8bd521b0168b49dd8ae22ba711bdd740197bfb32e927167f7d4c03,0.1829874748025354,42.78
1500f10794c035d7a70da27b572ec8d4eb5a373a5dcaac7855431f5ace57bad8,0.18294120301765104,42.77
b7849d697eff3a2fbfed960a95eaa41b4510e381470720682f548aace6260cc7,0.1829456000116285,42.77
9f4f5a01e97fd44eae5ed4cae05f3bcec46ba7a51b479cd1bdd9f9ca8c63ce1f,0.18296064243375995,42.77
b41c7ba7b1120e099a19209661dc5c8b8ebcfb77b050fc6ea9cd233bffa53f83,0.18281081917373623,42.76
53b36a3fe0efe8bfdf45f417577ae50949e7135fd6e6049a519c50e9b0608b6b,0.18280565291090942,42.76
a6e364e43bd3775be55c2cb12ac0046876faa75a54e9490f7d9d975c72911cec,0.18281030968623616,42.76
a33501c0f941e7a9b95defd8497f55f892e2d186f0d00f2981bc7ca29e32b4c8,0.18288382020049487,42.76
3de3605731a52a11aa32a7df43365bfca760cb170294190a722378030d8cdfeb,0.18284250294018,42.76
935a53307c95615162afd69f41dc5dd2d056860d6d63c1ae8824db35747dc994,0.18276822149353578,42.75
4373bfd3dea13b304a175303a9d05b6e17c916a818de296e6b612fd482809a14,0.18277079313592107,42.75
cc6bb9a7e06693e2fda05af088e54801340c90a978da56374f7807e65724df5b,0.18277996730044396,42.75
3bf75fdc3819b6ff1f3c34495760896dbb2b4546fca669ecf58bf1392c6d4f93,0.18278582953880318,42.75
9a0f8f377b337e2a1c2010ef001264c9b5a43570b061874a6a071472f09e0874,0.18273555309963238,42.75
bdcae9facdcf8324065653c376b6fd1271f0610ec8fd1f2aa5fc8962c8102221,0.1827041778922867,42.74
570c5083af760c8cb790c33fc41f01d4589a0d4b191e7a32fa7ff9e7a6ddd7c9,0.18266670757500683,42.74
71b844012800ccfd440f8fa6555388bf5c090a8ce57275908289c1c92362eef6,0.18263041741532515,42.74
4f4ee1388384f3d7b0c5fd4bb2f534cc875cb8abec06c62c7ed67bf2aeb8f36d,0.18262340016271447,42.73
8e28f915475f1b709a58e2f5e70032c0b0cd9652f2a98063fc7ab42b5124c1b6,0.1825462860039249,42.73
fb5683b7d7fb8e0270851e36d91b47c649ce3f40a0464d3ef44850fb913c228b,0.18252043022523168,42.72
8f24b9128e0118ac81f29fb3c1ac1eb12f42ea8a60828a7caad140c3d9056c02,0.18250357324433084,42.72
861dbd5d0c7f74def1a3c94960ff16175940da9d89500e1c0d50f3a4acd20d17,0.18253073463818192,42.72
b7bafbbf02e5ee2d6421acffcc0440cf62ca250db8913365623aefd2cb6573f5,0.18245983258660942,42.72
f04524fcc5b5a442b98f508999abbd91829eb8ec6418861edd7e8577638911a1,0.18249385064180237,42.72
3651f81cf31bac85d3e33ea4040fde9fb280ff7eae1366750dddb7fad100682e,0.18253909507023797,42.72
7c88e418dbeaab23ac364c2eca1aad575e1d9b74a3462305613735dc59eb845a,0.18239900749404334,42.71
eb19fe0342debbd1ac5cd84b88420520e75422100f110b80b322b095a5ab182b,0.1823907219833103,42.71
54c962a6d5ff5b62507f5437b2ed203d99baca089a959bb7b617dffdad7f39c3,0.18230439285113978,42.7
3e8fa1346590bed5457f50ee2d16bb299b968a59d49b32103e25a91599d6828a,0.1823347615495582,42.7
53acf550d4ebcc68173800aa1c54000f6d5c4fd4b968daefeefc6b294a397108,0.18222949209692899,42.69
dd41d8e81874c44f6260ea4951badbb6cfdb31414320890c56b3e37889c54a28,0.18225565692155601,42.69
a350ee98888fca60f2dd77f1eb9ba5856a157eded5328f4fb7e289b37fc61164,0.18227755864940406,42.69
dbd920cc93e99a11c67dcc4e52d5ba9d3e83bc24b87e3c16a7420723f0c922d4,0.18226372274104208,42.69
a8c75b73de52d0b0d337ff39354bb9f6b7532840be467378e14fed80c43c3801,0.18226963399829577,42.69
2963c48403e541908d5bddc3c027c9bff5b2ae6daad3ead8a089cb5d5c328212,0.18212351037965024,42.68
0e6ba8144e1dfbb4ca4d2b1d50e4c2739e202697f931aaddc625f7d42a50fbba,0.1820448932920962,42.67
5b1175ea064d98963d05a916cacd6140fadb989637612742c60297f97e4680b7,0.18205825985405544,42.67
f3b4db26c6041720fe727ade5199cafe8c9315147cef4256c4968fb82fe68887,0.18206898974425484,42.67
6f66fd528806da33d6d6016241daf2ff6de20f593802194680775aa6944203b5,0.1820230180558305,42.66
58bfa04dedf7c44a0720c5c0e3bbd196b9187a2da2933a705366cd0d48da7110,0.18199021653121256,42.66
be4dd7665fc604124b91b7ae7207c2504851f9e332d5fcc3f8a4c2cec539b45d,0.1819644569266638,42.66
e3187c07a8ee52b53481201da84d6ac18c1bec7bc761a2363faca70c737a3ec2,0.18194574980055772,42.66
80ffd178d6b5413e1d0ac8fd52c3dd5dc5b94f2f8201e82907ad8ca9dab30ba6,0.18195878331529755,42.66
267e2029468302318e2713c0721643c8d1e91d040fa2ed78a639c1939af47dba,0.18200063566893968,42.66
4ab85845e79915f872f3ec53f63adbea1a82e18eb70d6449f64c6ced6c6c8ce8,0.1820077472254847,42.66
09db7a5fb6ac139ebff88d2024275bba039e707079746f1ca52707a0e21efc13,0.18192054997658855,42.65
bf2a373389d197b705d4c0a943ec20aeede2a255ed242da9a21c666b635275fb,0.18186932870172445,42.65
8d534f3e3c9de314f372a4f634a57a87288f5f7407e2793e5f0ba71242b1fada,0.1818949332897671,42.65
37346f980b248f8a599345638e37831c20d1b3f56cea523eedb83ab1e985c569,0.18188812225873385,42.65
02150b2a7f83c6bb9e04b0f3a079315b782c6ad6c36718880d4d246bd5e3ef18,0.18182497037574025,42.64
1dc1a17e1e2a8e71dc555e738d43696e7a1a7f7b23735ed2205ec37de038d832,0.18178267353904207,42.64
90182388e274007f97fa8ea9a34c3fe0350b4dce6019cd3f142dcd57db9e9874,0.18179476065869288,42.64
8d3741499ed06eca9d1cca515838bd412787f33581d4ff8456b1dbde9eaae888,0.18182861573860523,42.64
5bb7d48c44f16ba614904f5755e6557d20f68c2d9e325dee16b5ecb6e2aa7185,0.1817193620226028,42.63
f33a0e75a216834ef865f219dfbd524a608738313bfe3dd715bee6db94e0a728,0.18160871200569295,42.62
7c8f85b95c57642cc511646600cdaff0ee60c653467792ff5d5b0a307f2bd098,0.18165454956201657,42.62
721ab4eebb6737b903216c30c215aca32800c72e51ed3ba1e1af476a9651aeba,0.18156016756374718,42.61
1c4c0a8641c00d57ece556e347ab27b58485113906f63954540786f7aed20577,0.1815388513201577,42.61
7c5e946ed03940404bd1929a2418df9d9b71d212bab7a43c194a7f36c8bb49b4,0.1814723771271594,42.6
e07b39a8e7cbd452b8d1bc401da116168d001159ffabe5e999c720bddc33a715,0.18151722342454185,42.6
077dd02d7839d336d7331aa26cdea0dd54b9bd69c35a937e8b3113714be34978,0.18135125133906424,42.59
84e6292896364d94dfbed800210bc46c664227d49d4acbfb8f626ee517d93b3e,0.18142831286543445,42.59
a1b444e14111e55c4cc7091c48e3fbe18021087fcbc04913e938fe22ecd408a4,0.18143099600489887,42.59
de296dff5813c731e769a1d534c5718568f56660aad22ce56c16b259895210c6,0.18131625611120167,42.58
eafab1384c3788be6c07991b2ea885c4e91f6fc61b4a5d4701ef23c98fc76910,0.1813231587486046,42.58
e4c7839f04d4e9d59b4952eb41c918ac83fc746d11809d99ef9edbed48dd40f5,0.18109493369723964,42.56
0dbe578626a7c5b612dee459e76b5d5dae10ccb14fffd0349f0de7fd0641da59,0.1811265755871892,42.56
d07b52ad1418e1b79e8211ccae0655bdb093905d4bdff93ccbff22c09d7fea51,0.18109496758108054,42.56
3d795ba99ebdc22dbef6ce91dbe8144c0989d014c1e282a4f6bde017e9affd03,0.18110096449133808,42.56
8fd68af09c58ba5721b5521e1c7eacefe430fda9c2cd5de7aaca853ebe184807,0.18108343490661855,42.55
54f92ea557f6f94144ca7c14d0532546cd1691fe5fdd69f2ca474084e099aa17,0.18094706669508082,42.54
a246da41ad97cf2d5073cfc4c547c9e5c606a20cab32fdf078b3731102042c5e,0.181005031971369,42.54
dc07616fc37de46d797a59584f25b9011ac0051cd73bf05f0f88c137c7ee77c0,0.1809021862403685,42.53
daf6d497f48f3c5020c63f052f331a60747fec7d5073b25ce3d1777faec30a23,0.1809031262501901,42.53
ac4ab071dfd6cd471fc737f5956d12d5c14f73d4479b7cf362d28c2f7e1f04fb,0.1809150468995619,42.53
e38dab01fada2a8bcdfb8bf69efa891182a213262edcd3b41a37fdf5f533d59e,0.1808674607613803,42.53
5b9519e463a04c08872026a096c8cfa14360d9c25967076606003b8c8fda574d,0.18088212777875692,42.53
247de3879e998693e125f728feaaf477d9a479258daecffd050e4ee6ed2fe78a,0.1808344787595051,42.52
56baae939901d6cd694cf70e9722d970e00b89ca3657c35c47622886397f8908,0.18075238483191278,42.51
12d1cbc53ef0a72e1e5dba5e3b0fc7f81dcd5526ee2b739b4cf11757d6c0fd0c,0.18073195691039143,42.51
ed1820a7b095867c61470a66f2002b9a0bfebd698b5665c77b2348499e5a5f00,0.18064167247322108,42.5
267a17fadd70e464f681d38d5c3bd50cac3ca71be29109d90bdd696c427d46c6,0.18057462272545982,42.49
4c52d56b91408461e82c9a8a46d8198f355b0d2645d609fcfd9356729fc1a639,0.18058191900415807,42.49
ff8599eacbaf347ab9282acb0b73d9e9f2d763a042a86d2485133ba8357865c3,0.18053052581806603,42.49
cf91b4ebfda900b4ee922b81626be2d6ec8b6bea204644f0a26d22ead106c4a2,0.1805094537961806,42.49
b64d64488f237887e9aa87ce74bf1d8f7ed6085f713320108d4ba5cc2db073b0,0.180462327722413,42.48
2ae7e0b407bf3634229419bae11572b2731388a20111c26a247ea06ba4d2a5a9,0.18047444062869913,42.48
817a76face65c64bab149d80839324caff80c642a61b7a5de49e28a7784822c3,0.18037908108255662,42.47
5f1b894f44406d90e4fcd53268f08b94f8403ab031a9f596f4cd2cf6464b3c4e,0.18041196538800353,42.47
ddd4bf44cb88575b21d9091981c01795570be2c4688f098e69792eebe7188cdb,0.18034957470447463,42.47
35a28395fa5dea021c89e61196703bdfd7f1ff8793c029594c73a6eefdcd2f5b,0.18026684643547547,42.46
557a06a00bb37803fe55d23e006bb4f6442f59d66f50fcff3006b1049434e92b,0.18026276805447997,42.46
8ed5d88542a46cb53d67d759a3d99a18f6b023e4103bfcc9b78528adeb7964fb,0.18018130529079637,42.45
63250b11bd07f8ba50fc4748c4d22b48f1a5657f405370e2005f1605b7d7d5ff,0.18023615658569814,42.45
8a7cc28448a2c817dc0743c8ac9f0430106bf713f96c939cf72705d407955bac,0.18013707817066224,42.44
f9fb5ac64d7c950667d335f93137b0e922e4c3b39fdde364771eff7b38dcba57,0.18010026792581993,42.44
cdb25a4aec36ec64d536ca70974621a9708f06693036a169dea2e935201adf1a,0.180076705858779,42.44
ee6f9f16fab3f16f338c802f39455cd3c77079b8d08b1f33e08dccf820fea175,0.18009680791780813,42.44
60a2a86f1a5b6171db5a7c03338e50c40d36d92933667b9583c4bf4ef55f5875,0.18010281194971023,42.44
66759de2c2355cfb489544753f4f01d21bb82bd97e42ad506077574831d2c734,0.18003787836942436,42.43
0e697bbe7638c16eb06bcec5ac658a53fa654aac1e5a6444228dc9a42c4a181c,0.1799924290516232,42.43
928b10ecbeb720e7e026b8aec4538bcaed9060eb0555f2e72b4cc9c70a47b5d3,0.1799669626694778,42.42
a2f920b5f0988f19fe427cfbf268443f16a79fb6d87b80b591c7ca827188dd4a,0.17991630394946387,42.42
730724d3e7e9837c1804dc0497f0f7241391961cdb81d14876bd7098310d9720,0.17993805988608208,42.42
f0fafadf47996febb996411bb684a841a68527210a887fb5f0fca19f52958541,0.17994376470235587,42.42
51d2b90c954460b15a15d71e555c9029a30a4d953fd8eecae816bbde2c327ac9,0.17986660795627035,42.41
65d4b4c1bf6097f08da83c924f4a220e793580aeb4132ec415ff953f18e32be9,0.17974271709970358,42.4
ef6fb09ab59221db6aa70e5e484166fbd56c2c7840f831f1d43543b58d1830fa,0.17977574203915844,42.4
975142d3b6f6353c7788736b31d6148c5d42bd63456d207b23e1e552c40e3e8a,0.1795831633622865,42.38
6a22bdba173410061435c444c995d3a15f3b239c439631de2da3f72508bbdbbf,0.1795067700314128,42.37
e52beb9666c0b15d80a3777b0cc9df746bc99a62b78d10768765f0f7f23b0dd7,0.17953705904798645,42.37
dd817876c57e1f97409091e412739dee00b5ed90a3d44e5b8086b041f86f6db5,0.17940873043871303,42.36
3693050b505b4839bc2522d31b4d7e2a3aa6a5d2d7300955155a28082e32206d,0.17947611209831685,42.36
48b99c5df1769d7718703c014ca5f2d0792a7f0688e98bc1da1fb407dfb9dfeb,0.17932662689175635,42.35
5dc220497af9aba0855905fd11da8629cb7ca7cdd44d7498ec16512b5a08d997,0.17935038576009416,42.35
a82eabf6b2917459657b8a5b5181803c92778bf8c017ff3e07cdc3bfe1af1a51,0.1793594164679271,42.35
14d285e3517d8389ba06ba99353cbeecfd127a9198af47247a158c2fbb008e1b,0.17928687394106574,42.34
6717af55327c74f51acf343ea23fdf6491ff4a3db570eaf84d6bbf70b25ae536,0.17924442360108186,42.34
e674e78fecbda5395ac36264236816c7c557f550602974c5390123fcf16ba80c,0.17929707117845178,42.34
647310a312a27d038a489ebfaff1461eb9dd0b92ffc1987006d169cacda28923,0.17928805675220733,42.34
1731860ef9944859efe68be8dbd5ade42ab9aaaf99cd27ef9a0e85caacef4ff2,0.17927262309783307,42.34
95b860a264f34f3694a402a47d66643da9a1f2842bfc5b691819c3ef74444f7f,0.1791965794723436,42.33
730d9346501f7f8cfd61ead2c540010d01088453250eb368343e20bb6ced4d8c,0.17918299592482473,42.33
72a7ec2719d736bfa197d350e1215fd6d8e58aee6846d4607ae76ebf1d793479,0.17916244388146324,42.33
2aca185c8e0e3cb948df9b02be17752237387bab584f96ad4d52304d79c77dee,0.17905823619349748,42.32
3fd2eaf7d7ce72fec0fec505186e565f97316f438d6b92396e2f314d416558de,0.1790179052479661,42.31
b6f91c921d2c75a97a829ff01344aaa1cbd89919d5d4c264f986a88ffc5c91e6,0.17897843813099318,42.31
a64cc7a9a2a2e8d4f03405fd5235deb83cc4847ccdcfa5f92353bc1cd17e3d43,0.17899304286491902,42.31
d406e9587a8f6476b2ef4926de1bddb4ad5187f93a6b837382ccc8965aa09030,0.17896526816192337,42.3
9ab744f64291d547bae9dee3a08d31093643d932c0c626b21a421746626a5f9e,0.17893013197178714,42.3
53b24c2619b97729c98046cc66ba38ce1c1411449f821790c4441ea416a640f4,0.17893624374522152,42.3
e861d703fee9b81ff531e87febd1c0dac3a4bfcc794de7c5c35f4646c65f0181,0.17892960493137372,42.3
4f38c81134c74f692dbd7450a9e116d9c8ee433d1f04a8ddc1c579410ef99c60,0.178927047887538,42.3
12a0b88ac20fa6b69939cb8a1345da3b9f6b14d62c8c2e36b0e4db08f46c9e7c,0.1788461275243881,42.29
4aaf3709fb1f6993916a3b37624a6727d7164cf75fd4352ad78430e8b0183b9b,0.17886465389803555,42.29
7b48d8542455c0fa1fbbe027e5cda18e0cfb55130b0ea219478f0a7d648baba9,0.17886351280985835,42.29
be4ab47ab65d0365d723a207b3f0579158792ec9099dc7eb1e083cb5d8cacc08,0.17883578739184317,42.29
cfa25b19d1ba9342dd72fd14ce705fd9ec82025921df748876523c400e406e30,0.17872254902696136,42.28
51d821ae9e2ddfdf4b7cfe703ef20065b9bef1155aa99ae4e237324e0d3006a2,0.1787453998841809,42.28
70e1ac6439232a8293c82f49682b1855910218fac21c0da42361a180bf9f9d05,0.1786885527241252,42.27
34d6cd1576f482e6ed3a9abcae43a75cc246ee08f09ace24e4320a2beb4d0b78,0.17868616782378616,42.27
0808fbfb88574ef74cc57089579721ab4fd8b1dd784b864842aebc469bc35e42,0.1786499830331903,42.27
a06004dd5f45dcb41477ad2de6f207bdfd59d03433e023af1c0b87bcbd3614da,0.17863235641816286,42.26
4b26c9a617dac9a5e2548336353afe37b5a4faf2bf1b71c8c6c3c37dacbcce99,0.17855720235261333,42.26
57aa0d52802a2c18f4760f160319aa93b708cbfc58819e26c1bbee240042cab2,0.17853114569438733,42.25
d2e33431e786bd94304fcffa62212e1a966d7561af512435d2d22f06275efb60,0.17838211595437667,42.24
01feeaa87a9ceb579d6b53fdf9a75ce3f617d285b48d963a0a9fdaa46eb7b1ef,0.17837827916676408,42.23
93768b51d8607c996d040081878be4eccde5915388235abed0a9666fd3d598ef,0.17829856761357502,42.23
98cccd0491350b6b7124075d82f245b1fc21ae17dbfcdfbc73e1aaa4f7355f1c,0.1783298133616452,42.23
c95f4dbf007ad64b4ce978a26a373bd3970455ffadb3cec48fd6751505bd3206,0.17831722967959976,42.23
bd3800a88df33ffff83c5e37e4d84109d9236a9780cd162f041d043c066e4c0b,0.17824085247700644,42.22
b72128a03901f9c8349729d4c377776ac2720b644661c2185ebdd042376e2ab9,0.17828524199557155,42.22
246b3b72c654ac5c7850aee97a72d75020dc7eb99c73b355fbf276ec0f72ad39,0.1782521239724557,42.22
eda537cd13e78f2a7a6b9c44ac2c646281523b7ea28001824b742dce937f30f3,0.1782768476945469,42.22
a45c7910c3d287d07c9db016d9030aa8093f29fabdf34660d1e3e970276464fe,0.17823214087612044,42.22
7b4cdf61d5245b843fd909952ee2938e0c9b461f204de551479fb57147d79bdf,0.17818059349312093,42.21
e807e853caccda9abfd2d34bc13f5ad13444dece691985a47cb4dabb547c99b5,0.17820397681379646,42.21
6dbd606ee899f3239eb9a1b16feaab3f3af48211a86a16eafce9ab108bbf48d4,0.17818833953494745,42.21
b166df36f77014a8bca95e6553ebf67faa44a97186300aa2066a03ebd269476d,0.17815441562627313,42.21
11c25915df0d3fbadb7358c5aeba7eaad72432738e72c92ccee75ec02877c85b,0.17808070372869936,42.2
aa8ef2038a06da47fd93fc72a4ea8e1dcc70392e228e858f057159cddd83fc33,0.17802134178013548,42.19
864b7cf9a3d67f0d6c1cec9e87f70374bc0f37f8692c0f57fce00bd7ae16697b,0.17803624706584717,42.19
5518b8fa924d058640df785ea51792ab5d00ceeffd4a827320e202e44aae96c5,0.17798664066215106,42.19
ecb757c520c08a43eee981ff2bf3eafc695dd2936cb412d9afb13592eec73e65,0.1779739792309704,42.19
068d83565fd1b78c66092818ac0f75088a2b09051fb0b2ce57cd7bfc9a69d3c3,0.17793433330547095,42.18
8d24a543c82233cf3901ed6a23078e5f2959cebaae98161911a5abfd8abb80ff,0.17787337076842133,42.18
674085b149617572dd0cda2d57059dd0878b2ffc4cfb0350a3d65c544a5830c6,0.17783316203832125,42.17
efa91f940fd018980e2be8ec39caf34f7c287f6c2208bb857db796dea5074760,0.17780866361652925,42.17
1e541cdd663951da3ed605de4f7567f6b2855cefd9681e8e6eaa54b664af49c0,0.17772257173154288,42.16
e4bff220633bc2d65852a56981cb5c6bc593fc96299ffef43445ea219cfc73fc,0.1777718913143134,42.16
508b2479d3166bbdfebc938a5c54696a8fe611775870f02051cdd5a34acdb624,0.1777351442425713,42.16
6f87d252b2bc872dfb45bac76be155d28d4ec6038aa3f691ff47028aa2de2d69,0.17772309940425113,42.16
8b5769f30d6519d6a5a41b61d5aa63c680a150b6ba8624771bbc741fe049708d,0.177708820550136,42.16
eec465a6a7ea25f4e8388d000367fa0477e80f96c704c09d18145b175ab327c4,0.17772009495419624,42.16
585244bc65ac62a344b5d7adef0a546eea4f8071f3619225ab100159517a4436,0.1777467766756325,42.16
e3823a11ff45d7366b313ec9a59399375a90beafae6d70ce82162766398ad281,0.1776611738891914,42.15
7605e58975cb99c5f87c4160d96d4587ea6087852783c3e7af38b2da59180fbc,0.17764312031111287,42.15
ab18771dfec75a9356c62779cec7ae6aba79ad15fdacbeb7f52d5084bb5f0a51,0.17763916824412157,42.15
740a59cfce1f36552854526a8d26ad94ccd163260853cc162565f12d4b0c6219,0.17767093999486036,42.15
638fa0144d43eb9efc995096d3820c22cf97cafb97950cdc4f0be4321bf5df6e,0.17756564535363065,42.14
8d4f21645d668fa538173e1bf1d57a9adda8967a8772466c2290f766c036b694,0.1775117088304445,42.13
7adac313175f479cd27bb26c509684604d2a9e26e539d988d44659f2db1341dc,0.17746418294582086,42.13
76877981bec5c6fffa5bc758c071a31e5e9446308c4ecf990f5f43c80aff4463,0.17748033936456198,42.13
c9837e9fca2d1e3dbd2d3d790cd579be6275911e38cdbf51772d17bbca9d8868,0.17750670768800106,42.13
c4d15abdad9b31908f590a3a3f3217db56951a26407bf68c23695a7d8d28e8c2,0.17742538392376075,42.12
d150eeaf6ad57f96668f4fb919db1f7eb7bc53f9ffc301c4a8f8ce45866bf9f3,0.17735134597920002,42.11
bcb6b5ebef6adfddafb830e965de0117c61606210548cecc3d1bc362497dd371,0.1773166387134773,42.11
9bfb28a5ac3c3770d26bee8f1eb21f1303194a92c539d8850e70b518d5862d92,0.17732863963614728,42.11
3fb65edebb26c4aa50657fe7615934d4b23789f6649b23815e9867255f333ca7,0.17736125992948237,42.11
fd701d757ad0cebff51284b5126ed1edb7b3ee42fffbae3f46e9963166e5502f,0.17725050063026238,42.1
2cc87374fe0015aa32d606e1fd2adfa215e7fa882fc56188807b0aa65311e5f8,0.17725838226241045,42.1
71dd37657af93e41d0d48a86e5746deb160e991d5c2c9643123d30de0c0cc0b3,0.17721589282368522,42.1
ffebca371fc6d1ad3f808b250b0a94188cd0c3c891d636798dbf7596a0ba7a96,0.17727352203904087,42.1
759ab97200330c548b3053a0612ff0d4ab1ad437f50ccdbbd117717a2a6eabc1,0.17727413690728322,42.1
4cc1441def3d80b63b81bd6b799e59125bcb2695aea381c68d9a4f22a4002908,0.17716575912848093,42.09
980e0aaed8c8063036dddb7dc17e610189ee048feb047ee063dfba9b729e2fa8,0.1771981567178695,42.09
f31c39391cc47a5189ba23d5a35a53e553e9bd5120a11d44071041e35fa6b6da,0.1771193217775929,42.09
a49fdcdfa529befea0449c484b7bfae9aa7681019f5cc44cacdfdc4350bc6fa7,0.17719727898381776,42.09
64793f03ad2cc4f11daaabf8edb03c4162b33f11460b010164dae9ac34d04a96,0.17717475293383114,42.09
097fcf016b7d0804cfba45224f8de6d440bdc8dbc0fac86bc5741d0e1fb580d3,0.17704285570284506,42.08
49c335359b3c7cda1ab2a52b454b451f0b8a46b34a05a6a31c6db2d7fcdd7592,0.17705952116641155,42.08
59fdf028ad5c9db3efbd1c7e9f058ee5f20a9c8ed1c232f7424d2d61eb0c35f5,0.17696252940028137,42.07
e0af35e356c55bb45996d07c1075f96c881ef275296bf4f5873c3bb43ff1a580,0.17693439383516807,42.06
c7fc8e458bf926e16b9925e97ef64ee591b799e2511082d38ee933d0602193b6,0.17688147344883237,42.06
0aea41b63f54bfd3affa975648cac4e1381f1a699612912add29531ade4ff078,0.176899084766609,42.06
5ebfe196d932bdc13fe0878c5bd3cf718621900dc9d7f6dbd9b9fad46e3d4504,0.17685638647800342,42.05
7093b77dee4be28f4a9078cbd59b003aa6c75c38709e57fbde6a7942efed3b79,0.1768414947922951,42.05
04b8ec1dc821ea6934c47a5ff9333aff27ff410d410553b116ba5ce45eb686aa,0.17677190928325992,42.04
7cca7e802174f16029e83465ce10ed686362c59d5cdc275fda5a44aa7b8ddf9c,0.17667668082736146,42.03
b2e1ed19b81d54c231aab3bd45ab6f352339f80cde3949652ef695187477b21b,0.17667305483507423,42.03
7669536d28e56b710d5edad396caa9958d18c2010f157bcd0ed0a4c2a3ba98c9,0.17663135591852636,42.03
950fb423b5b0de38a8b72f281b20153d04ea284b5d280717bdd18ee10ea0be5b,0.1766574427976488,42.03
74bdcb7657ad5e277c6eb64cf01dd1bbd960f529bcbfcaecb6837a1dfd811e1f,0.17664417548044511,42.03
f0fc798892e04d72126c4af65ed759ca1de0eb4abb512d2517cb210845fa700a,0.1766046972479739,42.02
f872fc2ca0b0823332fef933b29dbd69e78f6fbd95d466b6ad91da375136c46b,0.1765510598480866,42.02
3083da0593a124cad57b21a8fb1f7a0104ddab73addd0c5463410d4f155c6d2b,0.17656196096465446,42.02
39d968157d552fe6d5e338e36186acca4f2e01ef01f4e6ff70432611d7611343,0.1764591522307432,42.01
905c36f5269a8e79eae674188991ba0e3e9a63850d0b0d85234e8ee7e28193a2,0.17650134316996002,42.01
79975e7f1cd74a328319b1332c5a4e750411427db549ee4bdf1d8aaa2107486c,0.17649558121600356,42.01
fcd8d176ab00050fe7a04bc3efd382deb90246e94baa9a7e0099334f02d6190c,0.17645300128202746,42.01
995221143db1758aa91e57e50b724fe96695f15fe0d628e84d5c15a5fb37891e,0.176499105041504,42.01
be7cb6a42318ce1b08b0c38945db917fc8f936a3cd76fa33f56e5a3d267a82ed,0.17639178252677593,42.0
8a62ec6ae0ccb411aac8b1bafaa82b5fe7a7918a6b5ed9133080b86ab30f72c8,0.17638662491826665,42.0
4af83b002e6572430955f9247ae6222868f22f6c1e5f1720f4812a98e82aa177,0.1764326291019747,42.0
2270497cf8e8ac75883d75c7d86f27720498d0b7428e067df4e15747e7c6876f,0.17627441108759342,41.99
271b63b5d274ab53eac933192f56aac19813b76210f67b1310e7d2255ef84d44,0.17632459673355932,41.99
71246829b3ba79a090c14650f7f10e3056f08fc5e1a52910c1e33babfd31022b,0.17627013749785295,41.98
bb6f9bfbf978eba6f520cde99d664eff1ccd3e659ae9a2871f8db03d1b033736,0.1762021671227429,41.98
915b844748bee01e7de35da7cae18737dfea6dcc55c29f8226e9baaa82e56973,0.17621164837063044,41.98
362f395ba3c53997fc78bae4ea51c58dd7d2b3e181f9c12baf55e800678e5289,0.17613838256521924,41.97
b35767d13320c60f95d47b6e77abb5d8e46d706a43b9001d224302d583031933,0.1761230408464942,41.97
46c6d5cd46eefafd8005909586267736fc415adc6a583de1a559387c0a005dc5,0.1761085039425048,41.97
e29e0263425effd36d3ffece579b74ec6cdc8bc203ef04f6feda6a65dda2311e,0.1761207643022421,41.97
2fdc95646c1d3f0fd80ae292003524121617433b58e13c3b80cc733bb45914da,0.17618511727671649,41.97
8b3c7c59bd786757726e0f1ca00b8b0e55767056e85690af9c921d70b154ac3d,0.17613937467451748,41.97
bf7bf0514c5b7935fdf559a767b0ab9297dd73fb6f6a375786586815627b0212,0.17610880527367484,41.97
b0beda41d56b20ab0782e396c827985b06dbcd97b0ce6bb68d37bee24661b961,0.17616017543079393,41.97
25fafab0f2e51ec6498069fbefa6e28854fe2ae7f663a18b13d9785d417ce00f,0.1760410624047822,41.96
f08b43497a4d836c5494f6cc94609da39332ea027dd30367199d46e0cabebad5,0.1759886325120374,41.95
286d1cc85d99e2cac6f5bfc667832574207a6a9c6dbd8744843ab8368e8e9a0b,0.17599492558661772,41.95
9030fe57a2d15d01da778a98ae91acd9a6702310064fb3d43b17374b62a2d5f2,0.17600603686661243,41.95
ad168d4874168597035ddbfada4d5ce214af19b45ef9923d8c58b96c38069957,0.17595196414830308,41.95
81cca08aeaaf9fbb2990b6d1ca1e8dfc06bc196ef3968ae2f17f691836da2303,0.1758970083924229,41.94
95547b449875549cb99bb5f4e2ab4c9badbe1469103ebbf87a6972326dba7baa,0.17591059588117497,41.94
92f95d49e65e57105a9b9d9b08babf5611925bdd50e57b762ce7ff0330d5817c,0.17579042026582747,41.93
06e7eef41f5a973bce4c32ac0d7d8836274a13c8a795fe97cae1f3393172af5e,0.17579442594787156,41.93
4025e3889934c513ed32b966bbe7b904678ebe33cdfb0977d7b57af9c813916e,0.17584522379021789,41.93
fa6d8e6aa67f0257aa53af28e316eef70c8477dc37be058bb79e9b2f84056b03,0.17582630004732536,41.93
ddf85b0e4e9304110da642d11d559dcdfd234956e4b43fcc520c9ed7f5862c79,0.17575278019199242,41.92
d00b14caf56e341276c16574a8c9d3cbedbfea13aa6b63e6c43b6cfad4e10dd0,0.17572902236575894,41.92
afa55c33d9c7ff8e83de39d47d646f53f26310fda7f65d72978ac7efd4d2f673,0.17573907863231536,41.92
b2e1898ac2dca9392dc0b465d1cf644e0b7c84cb8aae012114b5d8f499839160,0.1756372479928984,41.91
32c5a869be6d4755be9d8d38e0fadf0f0fced3b856e759b41462b82115eb1071,0.17553783815659485,41.9
9ffc5c7dbe95075d165ff103678f44037e057dccc7e1542714b76d1b3035b41f,0.17558490878480318,41.9
38de8a6146e4b0ab59d07dbe8c424b634a9528be46d7a452060b4798ff74e9e2,0.175533794366528,41.9
dbb45f7260f01ea387c0f397f637bc60fd0eef633362a12e35dc65c90e234e9c,0.17554467522150488,41.9
0957fee12f852e4223d0a8d559ab3b9b57004f4e429bd1c8e7f9b3f4c56c5e92,0.1754556274941846,41.89
fbd3f5d422ef2b5ee19b680c472476251397692badbf36bf1b52a78b8d4e98bc,0.17538851623660212,41.88
94b4969466b42bbe8f36145d2cb48e32e8cd4ab6c50886e3684d1ba1192bc3f2,0.1753649619093242,41.88
d679351cf58895a6a315ce9e3df1a6fcb506a3719edb58f3f54080add074cc83,0.17530309053910936,41.87
c8395fa75ec9ed586596a54884eb1f1c9c68772146edf0a711918e078027f016,0.17531966947708735,41.87
408917371cd491854db4f88cc4b4fa8447a7c770514eba9fb63e079c8c8c6206,0.17529103238378968,41.87
e77147926fb0a8d13ad496552ce3a44ffca054c7050d95945e6a1c8241dd97ef,0.1752279493458217,41.86
e12885aedbb879b96eeb2137a0a74cfc0bbce37ae70613a2926131c1686f314e,0.17512856754221112,41.85
2b43b72c4577f17d566e35d557b3206590e91e79b20ad21485687801dc119eea,0.17513575524935618,41.85
3124f318ece2cb0329395d80cde068515e37e36dc12dd53a16f307dd89568aa1,0.17511341556439067,41.85
4bda05d5449c1954c70036870a3b7c3f0831eadf47e93a41b536888e02e1bf7b,0.17511899536010414,41.85
0a76f98878d3fa408373c79bf908b2aa930248eef3c03ddd0a1415eeca019ad1,0.1749480642543234,41.83
8ff5688b5b6c8096ca8242e5d03de02a79281ae65b6518c72ffdc597b7abe5bb,0.1749877795245025,41.83
bf03818387f3a515178ab1496332c9304c0e77fdbc027993089a08e0b9e8dd57,0.17499992413091092,41.83
808e28e7758f51c215ac8b86fce1e95c1dd86b89a391fb59ee14ea20e597358b,0.1748846058261774,41.82
472e41a577cbce6eb8920b92167f2a414ebc8e5edfdf7dd8956bf72ddf7c0c64,0.17486974776044595,41.82
a7ecae2c5eeea27845c35c036353e636c79520e728671bd4b4031a7b8774ed1f,0.17481119455338084,41.81
62862c7bd2b4432b845c73156f0f9aef1f79d8fe9b5d87dfe3525dec21a5fb59,0.17469742315373588,41.8
e50dfa6136d7e94b3ec0c7cbd0fdc6835ffd0a33be7642571fae15b4f0605ac5,0.17474723839875136,41.8
2193d9f582e021c5848a191aa32de216e35629682770282eae69b11f3f44443c,0.17462736844713217,41.79
d056276ede9e598008fa36c486c052a2d05ae420ca525617563e9616c6f074b0,0.17462353290455326,41.79
53693b64ba46db6ecfcfe424a0c1fa9ae039ccc8c5daf1cf0f901a4ef8250c87,0.17452622152846597,41.78
c4a32ebf7da30b0328b3352881b34658cb6f2ce82924ca3755c4d35ca81bc18b,0.1745895586620602,41.78
85a736d353bd647d13af1528bec0a0efb6c16d798b1b952322e22f4aded1d51e,0.17446603963787222,41.77
4cd754a39f92646451aa00e8911cc717bab4bb1dbb7088d6c541f54e9f82b557,0.17445927357571048,41.77
d80ec388e74e8f43e5f707cbed9fa770bb262124408f0b4209d2d2a6f9a4cc8d,0.17450349662282133,41.77
3e3d2e9095ecc64a9c79374b746150ae8f35c11a9ae15f2e248f93d387945414,0.17444556688353127,41.77
ff0384d7cf27f20080a1b6e4e61bbd7fb480524d7b4c2896a5758c07843746c5,0.17451016459592947,41.77
95f32b4d973f0579c216bf0f31085b1f093e85e0ad02542c1ab15c1b21aaa86b,0.1744133898674671,41.76
a0b734e0f03ef5e32d4a47b4dec960abb99c348d1a2de7da6cc55d86d3fda998,0.17440231037281412,41.76
1b00f8b36f747b81f0148b604290e51ce9c20826f71d9e16ad829f0c7debe01b,0.17442793273365048,41.76
6701a5e69c5a88b03feeded00048e808f9ec532f73ba414302a0a9cf449bd665,0.17440669194984804,41.76
49d17dd011c34a422f9d3c2f248fc491d621bfde45b9ea28d97393d202ce23df,0.17432058926096816,41.75
020624409a45e7a2aebed6e954c5364490d7d63ebafb10c8e2d4cb9181d29d46,0.1742744559800584,41.75
68b405b7ccef79bbb214694689a01b583316b4c4778e00bd254f83b586378072,0.1743045677691097,41.75
bf26475cb5ac99cf9cf8cbeeab00fd2b686ea5e811d07993a40390fe09feabc5,0.17421074523247587,41.74
c0cfeb6667e4c81c43c629c4cb42c2d2db9ed586b4d4396d6e28a59a480af4b3,0.17416402764157823,41.73
78e39ae8dbc12c478f6c1ac983e5fddd10e6b5ccd6a6c168d7eabe01400326ca,0.17416676494360225,41.73
f179538705a8494565c9ac8fb75c88887642179122ad3a80f610e59d004e1c9c,0.17405626712992917,41.72
0c28572b2d24c90a1e3a2c7ad7f219d7aa3ed5a1ba3361b6c326358e464e23b4,0.1740185889219216,41.72
4b2986f50e665fade8e15b836f808744bc05678cf019856caee572d5ac513137,0.17406641989773136,41.72
146b53fd04404e56f150f2e78f425d4b53f64b061511faeeb4b1383a1cb08de7,0.1740281153667101,41.72
1b4d9943b8ec1f175d83e9cc55e51fa8b174d3bbe54d597cda65c35065e303c3,0.17401252253461041,41.71
5c4dedc56256cc10bf5b9dbeee83eaaff15bffc57af5c818d79ce385b53279d1,0.17400354528032858,41.71
c4fb2cc87b58bd45f9dafa30a2390bc42bab89aeed20de8ab59a33ff8d3fb5b3,0.17399467873340313,41.71
8c61b381521c2b2d00d86141f8d5d3d3315b4f6a0a71741dc60b9c7986cc3684,0.17393857384965034,41.71
d1908d563ff6eadee4827bdcffc2b2c9fbdd3824b198c0062bbe1bb0fc072e77,0.17388873350017472,41.7
4054f244c75d7737862e8b673b01ad871e0b93a2f634c91bb98c14bb51ba9b55,0.17392253529939986,41.7
d734528cffd5546f249bc84d22bc44310b0598808a3253db780532ab1d140588,0.17390479180652005,41.7
5b2b2199bd7ae1e408daef93ebc2c3832c781b320fae4b2d3f82bf2351243bf0,0.17383056272450242,41.69
c5237dfe32aaf2dc2a7a4d53281e7706f8b97ce624da629b1846b5c46fc57221,0.17368356505832572,41.68
d7b85344fcdd3f763ddd7c145d9a69d5b8f76c8588c3da3b643aa8f21ede1bfa,0.17369117375118262,41.68
0cf59e1051c5373ab4def67b4479c469248ad9406d73feb54fae3edccfe483b7,0.17374899546641412,41.68
b5732927f83af73b256ed3bf9e662a1621f10d28e24f5b9998084a97b6f88a84,0.17359764069804418,41.67
d2da5baf1e21a4dca9630bcb81e220870a1811f29271e4079b04bab93f153102,0.17367287474982557,41.67
2dc1d7f08450145e06f6cb9c94612eec6c4c475ef1898691dce94b7b096c776a,0.17363145093247268,41.67
682b946a4220fb6bb8adef8b8d0e13bd32f3f318dcebc7530dfa3c6684222c43,0.1736024410778863,41.67
3fda30e929e78201ac885135686c8e871d593576a1c5621ab28d5b4ea1aa5977,0.17362402457153867,41.67
54370344837b3d0024757d7c01e559dd0381cfb8613c36697134079da199bfab,0.17355696653082353,41.66
f19a546293f10c00896758f07a0fe6359ef07381ab11921c4e0d5f6e3af863c6,0.17350277469088837,41.65
bde3b30601df466f6468b5f6b66c18487fb8dd0c7c37e34d285909d8b2112000,0.17339614656237493,41.64
065c1556c0c7b0b6c9c341cd31bc6156ea161c2fc38a1a1d8ca45c5ff9185cf4,0.17338478667190294,41.64
9fd9e94534ee262f40105fb7eb0ae2cb38c69eff6da8423d5f2d4c675ee166f1,0.17342473988762627,41.64
b33345a1f191e5bef530ae9db5018a08682c684e3dd53fb3a791fd004e0ad7af,0.17342868889221733,41.64
4e1cf5f8d40a4ca4321c2e21dd4f3d2b37e255c5aff0bf1563c010198c99efa0,0.17338767575280528,41.64
0c0fd104d1cfa804efe84308117c0bd899f1ec782a6391a1b5d7810f9c72bed0,0.17323052783088863,41.62
060603ba78fa99c9b8ec138ea57aa5e8f74af4c3166ca7e9c7a659196ec213f1,0.173227724684355,41.62
e913127bf86258dfda7ed1ad311440b4d77fd95daef4ed8ca26adb14941ec761,0.17324368212053273,41.62
c912fccdcaf9c528a6600b891aeda1432bd09917617a165cc472b6d437cdffc5,0.17319346779564004,41.62
b9e656eb6427754e2a406e4da364f378e244a25a457132ff791ffc8f7a5034e1,0.17316229534853378,41.61
2605f923ffbeadb67a604c0ae3d57344ae7790d2f9ee17c545814d1042b9334b,0.17308646948032003,41.6
3525f5c32b9a1581821739d9dca620f1c18c63ac3277bdf75acfbc48f27d93d4,0.17304058988843354,41.6
9e4b9b1be3c53f4b95d0a3d32510d997213b6a68dad9c7455b52a8141d50b995,0.17297773743226777,41.59
8eac558222359b397531e0fa6b34dc2b6eb1b8f2ee800372868b20c993875b44,0.17287076215636998,41.58
629da7b0dca48ba7390ece07abe52f78566126d9027e76aaf4aa81917d92f87f,0.17285238471653444,41.58
f4c8d685f8808e262811c8d35d01fe093ed925690c8c89b6723fe0e715d1ad89,0.17293066575096977,41.58
2b019f05fd0de39dd047be2177b864bce67d0fa168132ec843af428eb3a88b89,0.17280603275433484,41.57
67226947b29c74497ec44fba53756dc998e51cac140331ec1609a9608ada69bb,0.17281178672895156,41.57
d78cc5da080cea762eaa9198bc86a0f967d5d32d5fb7e699b9a244df75f6e1f9,0.17284335818338653,41.57
7784f08c6a7ef0286a04ab32c37907b4b815b24fdb7224e5e12c4675fb3ecd08,0.17275869962460655,41.56
8c9a5b383cc7189048b3d780bc0f58589ac8ce9db1d1d86cd167dc6e0de9c96e,0.17275696001184926,41.56
2661fe247093a7addf4bcdbca71fdf160ab8edccaffb9c2af2fac210ea394186,0.17268802608127165,41.56
9c7bc9627f4029f89537bf54a4a7db4d2388fbbc1d524646454800ce71a099ae,0.17268093359099823,41.55
a312d9bd3a79f8608635205d17b41a9c831f2b23059789cd5a702342aec70fa9,0.1726124181299431,41.55
439e8c4dd44e13de6196253daa75844700beb9cca2db640dc6b32ec511a584e1,0.1726741905426284,41.55
4fc97c02c43d387a2626b552764fd772599eda51cc9e4b5e636bbda3fb01fcdb,0.1726609333253201,41.55
7576c69b0b778e55af852bea9afa4359d73e68566b29a71cdf801282f4f51465,0.17258563383715442,41.54
0fdfa7e68935ea2e7ae9796be94c10b9f6fb06375cf77da7bf0c73eeec66e168,0.17257198114184294,41.54
61fdf697caa1ad1be13378204fea57fa29b07aa6ad5fdb9e5b88d59fca948815,0.1725813664090227,41.54
663718101019ee55f265e96ec4e001659a631f1626e7fc6ac9a4936ac8fea66e,0.17258513269161527,41.54
177a33120cb81f5eb6b83d73db21c842b51b8cd2b1f92396aba8f9d14c42e597,0.17255527776541382,41.54
3ec51fad99c7fe7893bc6c396efbd98c7a162542f306c66e031467a2ca8750a5,0.17257592432558108,41.54
f585d66fe990cc7c57967217083e51537c46dc6d3023dc1be58a9120b7c02ace,0.172507299300604,41.53
305db6fb9aa28c09d4b5a4982ba21c3b516d440d86ec3c6967fe72f7d90475bc,0.17245882368799687,41.53
55a2c739a1b14d571304a04776f75fb29aa0ae20bf29054c2a815851536d393f,0.17251255747121974,41.53
47f259826e847e61d7a5dea17c50b951a603dd36ba4b9a7678051c41ebb42b4d,0.17242993475341994,41.52
0d8024725d8d1e2dc3c68654a4a73fa7a8bad1ac7a4971be4b14008232f4abf3,0.17238134917213024,41.52
c6d85c9e6582234086adc30a61e41912e818e3e442575352cffd8502279d5125,0.17234178240474726,41.51
67cb53c0ff54dac3bd585ac7d138821bbabf308ac6aaa0c65bd48ebebc171437,0.1722822853735186,41.51
14b6e01a557c840961ea55e0bbb88ef3b5b3bf6ca2fc6c7b6842ca09285da0c9,0.17231705866875657,41.51
1b625cd0426160f2c7a9ec4eb72d2b312a8ac8ba779774b64385495b25bf0bb6,0.17222341142205233,41.5
66456e4014f05a33a75f42575deb3a19b8b689d9c137c49c8c20084ec9edc1f1,0.17224283072450075,41.5
225c85bf4ab2f195ada3b22aed503a5ade6bdb577a1097d0817a77730ddb9f49,0.17214312602164572,41.49
ad2a665e2f1d5cbfd2e22f17a27cdc77b4a163fea525ad65fc1f8260b4e2641c,0.17203735155991423,41.48
50c18781c6c25fdf7333bd3644fa521337e102fe127658851fa918867218cf11,0.17204494847323074,41.48
c853a1295fde53baf1994c26ca8efa3fe00b05af2daa59a8cf994dee43794fc6,0.17201223733467574,41.47
a74c28d54624c375fec88836559d626990afc6f754b57159aa623e2a3701d1f3,0.17197516455598563,41.47
7e8062229297da1ee9df09dceb8b6bd9e05b6c2d48812f54064ae320e56f2738,0.1720135772743047,41.47
6927702ce9a9191e1151e31a5f5ef0ffbbc50b6605e3a7084cff3a49ffb1bd8e,0.17199732218895517,41.47
f1eb5927efe1b229eff8355bf196db0ea82bb7d83d4e80ea68aa42f77b450999,0.17201189628688454,41.47
1bb8b933992a2efd68efed7d815f57deeaef38a2f4669f52480b14e76ce14010,0.17196136025177633,41.47
1101abfd7746683a4a8160a360c19d6b0d765eacb4204930f7d3c1ccc4c43eb6,0.17188599264150947,41.46
28bccf1804d45e27408c930aac282b5df58061b4fcc83c67c90577c6fc54a5e1,0.17181898445267488,41.45
dfe39d7ce30ddad76b84f1fe3cac104fe0aec5b84b1f7c5a4523dcb828091a59,0.17178000034873653,41.45
c3d6bff496028ac63ed18ff8afe240489f3ad710271bdaa99879ef8902442ef3,0.17169181468596828,41.44
e0efbbd7a5f9ca805b90d0a3097503ff315174a97b454b3e4cfad38d3aef884b,0.17173429274958363,41.44
bec5708d339f56557ed89af0a03d5c6f258fc25019b9ba864fe5410d9c928372,0.17167636844778136,41.43
cc0cd58c8fb9b8a80da3bae64e47d574cf4a1da639a6e0c71a541805b5c3e733,0.17163607699372896,41.43
8154b922299e7c5a4b8c422c8a2370bb528a4a76650da2aecac526e188ebad5e,0.1716054619531802,41.43
273e90d54fbca44345d4656dda3c88ac081ed0ad8f5adaea7004a2a53e89351d,0.17162401508364222,41.43
83abefd7f34bd1a9603edf83ffb51f13f57e3806e750c8be7df0000c7e7f9ca2,0.17161127829866488,41.43
665c9249a201a0a6e32285f946721393a78945eb271824d5fc81c99707f3e5c3,0.171598955859052,41.42
3a661c7c69d1176ffbae206d166c4d679777171d0992136cc4045726356333c3,0.17152223758483826,41.42
7479555fbf45798783f2f86d29a272cc8b1335ca5134701080b0d46601c63f10,0.1714916231245053,41.41
c8dd859578907cef094bc7bed305c4a7d7768c9afc349269d308b51ee8937121,0.17138509326701587,41.4
87c0a84bfb96d23bd347d6b140b07562785d99312ed4ff8dbea1d8094c0fceb1,0.17139633220610254,41.4
4c88fcb3586c384146c74db0091b2a6deb7472d3704f9b834de51e0b3a398732,0.17140216689254223,41.4
e9331297f3a37d03e5c0d11d9499fd610b26f88aa26edcc03bee33d3e9ccb65c,0.17142510203648342,41.4
e0f5926b9419555e88e2759b668737e6ea22aa89809e1312a5a0d7261db19b2c,0.17140246931873904,41.4
39b11b416e7c8454dbe03d719ec7fb033681534853c7bbff603e0ed7dad55847,0.1713181583656799,41.39
f7f63f758b774795557f71f3c87eb7a4f3a9f55d51695ba343207dad095a711c,0.17132068938239187,41.39
1bd290884063b0a4819fc8dfb5fb68ac208f904b0f9bf9ae63f5530c062d4027,0.17123066353385683,41.38
0e4fc86f504f9b488c7829867b727575f2aa01863f878f2571723465ae22652d,0.1712303970938552,41.38
f34bafd0c24d8da49ad37e91d8f725b3b8990006f145e8a1c2f03e01f8eb8764,0.17118348196293823,41.37
c754a51df179b821e9212d76eaeb63e15e6f2aa0b97b3b57d398e7182959ec58,0.1711213836082603,41.37
571d08e436c70beee01326946ee0fec1ba336d659c80adee47e71a57c546d248,0.1711514625890106,41.37
be29744c62033317383ac7a6336b1ac4f413794e7d598b60579b9e078787b6de,0.1711811247261339,41.37
d7f7d67b3765bfe19b0f968b12cfd0a16187b938f6ffccbe53afe2b108bf48e9,0.1710339390806656,41.36
ad05570c333d337ebed623bfb364f3034a5496a1f0e2ef52f158404985959e3e,0.1710358532561559,41.36
8056a51611da7db678b7113dbb117be2712cf78028bb4c13eff5a54d19be0b0c,0.17109484377433162,41.36
f3674f3aee865f5a840b77e757873b6c54325e3fe8f9ffd858fe80eae5ddabaa,0.17103018066772566,41.36
1670a641568595694359e7a093007e5965eefd28bdbc7994843918a44bcc4a1f,0.17095376422575254,41.35
64f0554ad663800a02d1d6892f5e01411a38fccb6a3e1bc29f4afd2c8a791955,0.1709736319790052,41.35
bff6072dd86d9ab96c08110daa01eabc56d967306f4f6271d17e3f5fdca7ee2e,0.17091835180683063,41.34
9fcd55fbcf915816c89e70b24f8e1b1898d618a1f150c5eb9192e8278c2d038c,0.17093819183977177,41.34
3aa597ad5d757a5823cb64e4f1994786a6330f16518db920f4306c79824332ef,0.17093311100193007,41.34
7a406ac4bfdf623b44a5f47db421d1dc85aeae92cd768be2d9eb18cc63d62eaf,0.17091100884221674,41.34
047aa23111054a10e7108aef32204532879e8e73826d8f9df05f5f55980a6206,0.17085957616002484,41.34
03ead33edbea19bb17d936bbd25c1caf8cf65931db57bd5ccc2b2ba4b5fb1729,0.17070532634902225,41.32
e59e4084fadf43b6fea68a5fd44f9a5af4be053e45f36d4cf39f7be48fb2a9ba,0.17076962880618024,41.32
9ae084b85f6fe0cb8461787b00a27df38de6977186d07f7e4aa5377945967ab4,0.17072626864340343,41.32
fc678be072146eb95d39be24b264ed1097310544bd2d369befa4f27e85028f8b,0.1706265644064467,41.31
35af35c25a29f23d03d05dad7f84662513a2c062aa7bed005086732ce3cec9c5,0.17062078897352925,41.31
7c8756d94a0d598844d877e060f484151e12f2a0b89400c33d07daa8da3bc48f,0.17066252738305335,41.31
ce3f7442c4d7e4359627d388efb8361c3a29fc1d60db9a6d734f151ccbb5b8d6,0.1706075351780198,41.3
92d96ecd164c46b738c7a0de04eaf36e9130cb7b3f81e423ba44804aec881153,0.17049644844696907,41.29
cf96685f50ebe20225d8b275842f9fec1f1af6660754b0062f5bad4fc3295d5e,0.17052262080464875,41.29
cf4b39ae30c31c6e6fb76f92b20aad15c4cc9ae87d9c3b7b89787594bf37b917,0.1705097865235201,41.29
0b7d9b70f26a9bc29d09509e6ef87baf92b834d235de27e85ae20f649cbcc53d,0.17037525926773475,41.28
377ec6815dc9c8ce58b19230697e61b96360b715cd3fead7db9e76cdfc77eba1,0.17043014514502952,41.28
ac68f70049085d6b287ed620de2ef1d1f240f694af35c9dd22a283b57854de02,0.17035343085841137,41.27
fc057dea697468f39f7ddb58d2e08203fe64d9bb7cfc03a7beefc8f91928b21d,0.17030759800462186,41.27
1d945c0f3af1979f524c97605fe476d911c6561b51cd1ff81358593aa9273329,0.17029280356348359,41.27
b8a7bde423d6145aa41b2b1bbdc5c2d6d46c9a8a24131ca7fe9361adac96fd6e,0.1702395176499155,41.26
0ea872e3974980bf4521c7ae55cf3b4c0906c5988514db3fbf1621d32cf6fb84,0.17024858564918172,41.26
0ba70221c8348f8b98a56d4c49f94ac9d40a067d4ba9f2f2dc51b5c8ed371ad2,0.17027077573688135,41.26
dddfb6e61e0dacd1d29a81b44eaf94370a84ee3a9d37d0a3b40a57cd846e802b,0.17021074210246895,41.26
62020b72eb4d5d4b9994225e4f1ad42730c0b89ec937dfe8626b40ce612d20b5,0.17025361609388365,41.26
6127e1c0ac1c586af6fe400b86892c47bef69678d9314bfc1583ecbcbaad8198,0.17017033498374776,41.25
f9c114808a789f741a15f928be578dfa009f13632be996c480e870120e75edc7,0.17018818113784154,41.25
a9e2ead34e2d5fad31567c39cec8adedf907673b02c2ffcf4a0ae1da2b3bd8c6,0.17006497925486153,41.24
bfca2d78c09d1d8f0bed6c574dd0c27bfdf2e201cb6893bd4f5a0a2962f8ea7d,0.17007826510931423,41.24
a45af8086d16a74586a54d50f32c066f4f60f9bf5c3a63966d277989cbc573ea,0.17010776740440123,41.24
b6fa0e3b276d981c69b719e2a1878cb3391cefe8dab637c5d2a64615d793c857,0.17002935388628518,41.23
c61b9e1212bda10c47bea2b2432c08a6666f702d0ef16f13bc9c22f9b298196a,0.16998523120847986,41.23
c851f055388c47a5826ba42e12cd5df1b62ad833b4e66a745919f48f4b0cc4cb,0.16989908458312872,41.22
19bcc70638f2d8a39b102006b3be9ba1dd0e2f156a337d0a8ddaa2cdb1a40082,0.1699450056850733,41.22
a65ad37e86fdf86cfab823872ec11eef05c8c2f0a8d17e845e600fecb045ee0d,0.16987114626721847,41.22
87d5171e48655822c8fd7b058b2d98152be53acd91b65a33204a77fe939b6267,0.16988178165717213,41.22
a5895d0c6d296eef2f130e72fa7d1a8dc7682ca692e54475414ab4643a8f7227,0.16979511367681657,41.21
ae0339b89a5e4f1c1425ad9fa014022225ce004ec07334206f8db8063dec4f02,0.16982304265063916,41.21
ad740c8fb7384eb51667f2b0fb1fd1d9a809c3709768c01e8e5320fae9fd5904,0.16980778279526443,41.21
0e5ed69de380d15cb9e2758895a591fa6e195cc57f1e978efd66705bf7860804,0.16980454687034818,41.21
3e852211b93913a0c9569c0f40c323a9db9dc830e6eefeaa1ec6538ba5636d33,0.1698441248467731,41.21
3ee8739e3b39bede9fc4ba59253cc81b0c164ddc7feacf84af02778cfcc4047e,0.16970863362141275,41.2
fef442a6f58e40f580c2bc251b93077978b17e2ff7002c356aad0822538bdda0,0.16974687416842696,41.2
6b22c0e4978aa01ef63cf4380842330846c429758438ab7cfd439391b8b50336,0.16973696944532407,41.2
3f46c8e823195b40d68d0892622c6f3456c89f856d04a6de16afb24ce6f84f83,0.16978063653872572,41.2
0e326b8e1db69a89ad50c96bf53def660e370cc0e8393008d4bb7f5703da13fd,0.169737949027167,41.2
68e467b67103dc150b8096f30291192dc3892062a1a76ac4e1778f424ecd83f3,0.1696588896595348,41.19
1cca02677a17d993f9c69deed9c73ed0ccc66b981cab5b71d6f787d38e46c176,0.1696783995128078,41.19
a0ac19479c1215ad9b1306af7dde9da96c3bd558713ef04f252f79febf29700e,0.16969931283382064,41.19
8c689a3498c62eb306b4c7370c5c6f449426bfae275f5fb1d19ce7855445a965,0.1696564241318342,41.19
d4eb6ee1f80e03477ab0590caae15ab707be9d85ba52b34630aae74defb5021a,0.1696107484792037,41.18
a1bd2be06d5112e52c27b3a42424dde7293e6c6e6552969e0df85155f0415ce3,0.16955622012661686,41.18
e5efa78d439115561ff49edaf423300c36c647fc7e5d00084ff5044cc5227a7b,0.16961149389700775,41.18
f64bb0ff9e42d4f9174846d2a4b9e4fd140e02463f4714a922e8fa74a745a0c7,0.16957872823166384,41.18
aa5411e6bd051be3dc9dfae009c1ba9a126a7add89a4b09dd98194dcea0d6554,0.16955655197969868,41.18
3a8783ccf0874d84026dd30e404553f2018d7ce11698bb463cfc0ad917121fe7,0.1695268196949762,41.17
b557fd3fd856fbc011bf248700d8c08b05ea5bb19bd0b59b67f3e8609f9e311a,0.16952040094237805,41.17
de0eff941a7fc35e5ba3ae9044c10b8ead23d1780271599b305d3be9175fe20e,0.1694867878628077,41.17
ca88162aeb132279a529de964f9a4896bf2e89137cfbc3388ab0e9581ec5768f,0.1693748616778331,41.16
e866290c4b74ea19e8931d98c800ca9e80185de9586b59fac2b19f978b198dad,0.1693974741774477,41.16
cf98b2f2b9d00eb8013e32df456ff72403205c4865d500df3228b42e6cbd6976,0.16931487093472852,41.15
1d331c0a64572447540ab16da54923d743ca7a70efe4b78676a37dac5a7515bf,0.1692589599202771,41.14
94bf8c81328fb92993eede377ed68f44f40118279272748e99ee09a340185a97,0.1692472306369121,41.14
0f189dd562892a9c30f7524402ad860aeb406295c07e01a0f99f13256a39e0c5,0.16927104621457048,41.14
bb5c84ab00e403deeca82d6b797caeca8a4b68e493575aa2389f5639d7f5a9d6,0.1692402365740677,41.14
5097286f7d7113cf7bc25de89beff58d19cc2477d6151b50ce3fe4ba312ea39d,0.1691481357999534,41.13
7192bac0b2cb215a20b55cd961f2cbce662e3429d55d75f4d82266c309ca3426,0.1691419485400983,41.13
769d243bdfaff1e70f17210c5f667f67d624195c534fc3e0843db32cf998b857,0.16916037957982533,41.13
8e2186a4d6fb8c15a1de06e816d4ff02ae5807d7221b72ef9c8c33515087e6f8,0.16916390031241582,41.13
865a0c9f4ee08b379cc32168425cd0b82f01081ac6b9f12ca631baea4a5ddcce,0.16907965000069275,41.12
3bf63cfd7dd9eccc364c308af667afd7284adf1e24b49a72ac9c3f6b790da7de,0.1691107049180337,41.12
2da27454182b32085dfbad662871af6770d67bc126c47c481a4003dfd9d581b5,0.1691043928671791,41.12
0a22faab7a7e48196b8bfa79352331ca126ef826a3fc5f4895a3c8ccc8aae4fa,0.16907932968632639,41.12
ee28f3e1cb1b660746051e19ad95d52649d7ff71f285c28efe363d7b3eaa162a,0.16907385621338192,41.12
933cc98746fa91aee399561a200f3e832d244e7d646f3087f9289525d7c6e70a,0.16899064317562293,41.11
31ba21ccd47d673a2aa77af4ef20778ab799e8e2a0ebac5791fd830aa1e0b2ec,0.16901286497747495,41.11
a8662a19ca7f237077921547f9f003471566b9e554934d8738f544d9cbefe3ec,0.16897515097476024,41.11
e8a0ae38f8e4fa4d525d97c61042398ac498d26bd591a6a1ad0e44a249430ca0,0.16901988864118192,41.11
4900fa65e62fa3f863cf51264684c61003b68137f769f339bd3d6efcdf0f16b5,0.16904412108041536,41.11
0aaf04cc0a1b3a7941b36bd00c2052272a68c6ed50b58eeb3d2d970cabc1dd53,0.168985481649736,41.11
925407bcb60eb02d1173bc2661be5663db9b12547ed5464b92536a6e58cc4e64,0.16891764662960548,41.1
fd723f3b53a35d58456dc041c3f30e37c8f4e684ca412f543c47867eb09775a2,0.16888694300385626,41.1
0f5dfa4ba5d23a81a46953b8c3bbb866f1e1d78e58ebd8d79c7c428557d6a1ff,0.16885593308560817,41.09
cb7ba76995551b0685558dd32121726ff40a36582e431c0df4315262022e1350,0.168815072906794,41.09
9ed7c6574b96d293aa4fd85c9a91951c6d538dc499d1ea7600b762baedffd0d3,0.1688665095095373,41.09
faca27fdbe00dd597a3cde00ed5751df4c97c218ed96520f5548ad07e5304e1c,0.16872140342837952,41.08
5dd2ef823e1d4031cb97b4be717b9fa8136865a2308b6ddc16b32ac306d11ccc,0.16876849874308797,41.08
b4b892804df2e2ce0ec6a3f9b52245fc5761d2c5c80d0d2133ec323f3698f08e,0.16867259475999552,41.07
833c5e6b2458be05c44892f12c641a50623b29d26ca1ad7943bde4409a867d24,0.1686927048517709,41.07
5899016d203c362fd9bf23d9417d74e3867e3a585a9ef7e5a1d24277128794aa,0.16865176147380026,41.07
648bebab8e873355c9e6f969b8e8dd55ad3ce19e6141eb509fa35d8d4166d534,0.16864456911964681,41.07
bdc36a99b180119e01b897e79cdd746289daa5d03b29a29958bf62d2b0612f6d,0.16865768789221736,41.07
38edc0fc1872b572b8e706f7be7ee946d95877f60dee51c1ca285e305637940f,0.16860361046469421,41.06
b21c175bc7ce51cc333c95fd8fd8b9dba12d06b81135b59a556ec66f634d0e2a,0.16860258486556137,41.06
133b64745972397b168cded5b81f03a5905c2795ad1e52e3d41577a18de69cfe,0.16856933312334,41.06
4bac11fd1c500c7e6119c4ebe9d1d2054715dc75ef17b3f1e7b8d06517cdfc65,0.16861317921738322,41.06
afd4cd955d32cfd049ccb26a7dceb715c349fe29149f394e477e54e1847272d9,0.1686255244164515,41.06
166d789e774bf200d889ed38d523cc5055d825d2a763e58da36bc3876ac8dcdc,0.16849329290365364,41.05
4b2311b8cfb6f3fc7980db6de9681d603caa74c9a9c43c611911e4651f50445f,0.16849818212470102,41.05
b2087f33d455ab689808e14360015d09e2d05b10d4a100bfa4837b96a174e627,0.16852924765534838,41.05
843b944da693b8495c2af60c18f99687c503db107c7e2fe308cc976f5ea08127,0.16850185163424478,41.05
44c2e85cd159ed6c7a5ebd2a879231886677f5f3118c798bddbdaff685f847f4,0.1684661110533842,41.04
1b91564c6d3ed466006de001a5eb49443ed8e255ff2ebab76423f8ab2e950abe,0.16846720937494108,41.04
539c66b398ff3dc70babd4b6048623f58bebfdebb5487517fdb4029d9ffb6162,0.16844309258826598,41.04
506d87a814c61b2c27258a9d32bb2788637c577736444f4069451db1407f5032,0.16832451383523814,41.03
fb8e5af60085030743f94e1f4cf68d78f023c32319d14b9fe25ecf3a7e8ccad5,0.16831926931910754,41.03
cbf2790d8761ca0576b0263ea0996c2069673a5b0a221cf41771f889fb524cad,0.16833858580318367,41.03
e549e12759ba02afe63f6d55c6f0050a38ece1b81b82244982eaeec4a1da44c4,0.16834087000365597,41.03
10b9b4f54b960ff43b9f9f242d46345917c8bb34bfdb9dd3ee24f2b5724f47c9,0.1683862915641051,41.03
667380b4ef07f04d2d797f80c93fac47cba420850242b6a0dabce187abba0afa,0.16837634781472155,41.03
6edda1f6bc23fee935bff8cc2388dfdf5ae347124ca4df84cf29f16a8443b11c,0.16834617384910927,41.03
2a1d1fe88fc91404c033916c76e8c2324a9dc287756edde04ec0a10462b003b3,0.16832908071693078,41.03
7754b220dd8bbc6f29823d2241032e763329d8724855b1f538755d1c7b709415,0.16827964570684514,41.02
a669622220241a0bd4f5dae6cd2c03d905810fd18a02827e647da4b12a2fa80e,0.1682902157123057,41.02
300a8ef5f5730733b4a16920adb37b9e4021a87cd6a9d1b586945f00fa4421b7,0.1682376374106553,41.02
d0b3fdcf8c642fed5c1b60fcbb36cd2c927721eb0e6999ac809510c89da1911d,0.16824586946917142,41.02
cd85a8f03a9ec2bb4cf77864eb129bd263cf723ac424722b0e0f2f7df81436fb,0.16817242755957865,41.01
a4424260ef044d855e95ee857bbfc5f507c2299c663aaab0e65d4dd827b63f99,0.1682123515602768,41.01
e8c34ef7a19c8b1ac8cebed14e40a4838adc1ad4d86107db9e4377a0872138f0,0.16810457422686265,41.0
9439d3ec11ffbda344ce2952c4bd777e5a3b565797c5807dc1916c2a82226e2f,0.16813818352710105,41.0
3e002e21c35e2b56c21ef24ac690c09e282cbd31ead9f15ece338dc114e1ba91,0.16808090291700034,41.0
1836323819a19a1d3bca62f06b59a038331ed8fff01ebc39ce2e47226616550d,0.16812316761799484,41.0
5cc2d779980a448230a6b61531dc09e32196e5e83581ca22fd045832b0996652,0.16799551005953708,40.99
8a6354c9ca57c918926a13f36560b9eefbf2777ac4271691f1ef6ad285a8e5f2,0.16805490097645648,40.99
d04b49ef5cea9d35ae2bab77bb9f02f0d5ba32528b0511c9643614d6718740de,0.16801002828128464,40.99
1add097468b48b4d95b4c2c7bf113d7377bffdcf81d2653435e666e8f1358ab1,0.16799532235465794,40.99
d76c6399c5bd7437b7bd5da7808cc8bd5a1baa3ba1014a16430cc95f846fbf94,0.16796853355096125,40.98
c8380b25c54c2f8547570551f6dc2cc7a6a642b1e1092154ea4137f89622480d,0.16782313592070758,40.97
22e7b53ff1548950b669124e24da7aa365d07d6623ee62767a92072453a52528,0.16786317779841128,40.97
8ba0845868d586a26c5e9318030f34ff27f047c3137f16cf1fb291a89aed2bcb,0.1678399279234043,40.97
626daa3a5d6a7d9bb840071540d8307de7936875a100255dbdb1651e47d42c40,0.16789469463452178,40.97
699a09c7578b6dcc9bffb924d969877af7c5c9825916c6c62a0807e99b018db7,0.16789092762188382,40.97
a6fcba715c652dbe55945178d4a7c7c4c8f3079068484e308e60da00aceab515,0.1677393124780717,40.96
81f5cf98e9d5a36eca3420afaab8fb646b47d798bacd1990944e911fcaaeedf1,0.16781070886530206,40.96
c7c25ae5bf2fd7b99eb17680ab2a76acb10b622aadca41ecbb5c289768422a28,0.16773513679809035,40.96
c38efdc0153af1015c461219f49e7a8b7abc77670722f6268f049b1abe56a5f9,0.16777205259157152,40.96
89168b50836f156e0591ff5b8785ac018169ace4d3f5418b6746c0e5ea9c6970,0.1677721411073713,40.96
20e59f6a6e1e602c3b69b0180aa457b08ed8b9ad08be916e4de1984d3c9de697,0.1677486942104391,40.96
1cf0346aa47a6d348a36734b9ad5517e7e38d68b974c9a2938690bcb350904a3,0.16770133860565942,40.95
d66df3e420237ea5421b8b714b7bdf578b913d548ee75d48a262d89fa871b56c,0.16765086608592342,40.95
9bda9d297b337b1e092775ec42680bcf9c6fb65e152aa53998b3802e2854d709,0.16773035430329603,40.95
8c0df86fad7e3c3b6b8883703163b7e79d6e08b09222a827ca274729b0473e1e,0.1676699241074866,40.95
ee797bad41beaba02ec6163e8499698afadc587be5b5c506819322142a9e5c4f,0.16768818102909464,40.95
3dc58de54c1e2e883e3e4d3898b42cf0d43e9058f9533385633ab337b5f2bce9,0.16762195103395766,40.94
0852e2a99089bc9a45fedc19e9bc11003cf6c193802352d8475d0c085a564d6e,0.16761526293686554,40.94
8ae54bbd12c789fe5612341f580cbcf3ea0f5d177b1ca99447a9b0c3e75e34d6,0.16761206802614914,40.94
3c70ac3b771671bfa47091dbd951bf4388cdaa320e0006e19271f52d6457bd58,0.1676179930063111,40.94
0533e231cae62ceae81089214e0161fdbadc080cba78239de7376a00d61e4844,0.16758854450985122,40.94
5002b252d6b2552467cbc0dde2ba4320711e6f27e38288baaed5f5741f90e52f,0.16757980503084302,40.94
1f8216a6de986c95ce815d0e68059f1ccfcbb1c8ca80ed1140c83151d3c2d7f2,0.16750620097107496,40.93
1a42907b4a6eb7dc34dbce7ae8af70e0d6c593b2d50dda84b99ea3f789def768,0.16753502232246423,40.93
569850f81c41df53cf2d24700b6459cebdb6c97213290b3c95305e163c3e50c0,0.16753222467620957,40.93
ad792b41f9eb167a965cc2d64af275b051381477e03e40eee6a163305ce33aba,0.1674105666464955,40.92
2a947ae5d9fb1dd11088b8825501da424f893e951444c3fe5ca159dc9c4ecad7,0.16735315329892497,40.91
87112b89c6d8e23def05aaf7bc560acf2b80a9dd72d7cd27348db1d2657a954b,0.1673785118143416,40.91
0ddeed364871370732c784e993c9225958b27d90d739558654d3adfb0eb5a333,0.16737101346835967,40.91
da1cfdbb3ec470eb2b0010644bc6a5442f7116a40926fef5287f867fef217d6f,0.1673370779874896,40.91
40f15ea5b752671554c7b6da6719b6f3981f6a3d8cdb3b5efa211c9282361afc,0.1672719616950864,40.9
d0fd1377600231cab8a82957a5297b8a3412143a01d2c37ecaf153589045f856,0.16718305396241653,40.89
333cfe02416c2ccb8e8686246894a443e650b079116c5f364d9270863b8d37a9,0.16719842824925973,40.89
763f50e165d7a8cd6d3ccc8a01eaec3c6592618c77c772e5a424d00abb004d59,0.1672238532942914,40.89
4c9672675ce15510c94af0937b25a542b0e7de3ae497a4dc68bda84262f600fe,0.16709009638235542,40.88
d2dd2f6a230f5641ca770fc2f4b35a0649ab6ed13ec61ec1bf76491b403c3c13,0.16712661645276708,40.88
5f2ca701985d0d1e0c229bb784b5e3caf28a892d6dd469b90c34077e48fae923,0.16714145016016957,40.88
67b885c50ee0d23803fcd4119a56637c3bf010157c24f93b56efce19b6b82cf2,0.167005409647579,40.87
4372c062e14e0053cf43b533fb6163131fe7e207bbf1d27a4a3a9df73082293a,0.16705808490753987,40.87
17aae79c83ddabf9ba7e5116e647a183aca40026da0a773bb779dfaa1a61bc4f,0.1670480725076676,40.87
f34f1d322a9d0c0bce5c9bb928e3c0aca174cba26f3199f1dac5ddf6df690385,0.1669443270554575,40.86
95815e5a537ef6395402d604394aaa6bf6590f6289d9a1d963437a990b5a8aca,0.16693296782650857,40.86
dac6f50036e3a329fdd47c543f6c83f29d0cdca182b17b8e75b0c330f035c8c0,0.16686616412675576,40.85
e82512c06194c2c6e2978b573b2b0673bf4430844575f7ed8a6c211548b426f0,0.1668648236797952,40.85
d4e96cff3eebe2ad88386101d1b3575a2743881afdf484ab516ea8724197fb82,0.1668887731097753,40.85
7712d983eb1306dee2ce5149ad9f35f6a5db9304dfa924640010f31203e21914,0.16683657861084214,40.85
e74d3be9b0123e313eac86c09dc28d840f50e064f18db191c7c40bd2a4de2059,0.1668534217971761,40.85
ecdb3c8a1cb008907a0e451a8397c541bae02a69b209d15ea53693a51e702287,0.16679391646211314,40.84
9d1c8fce8c163a266b5c7be423d6c9fde13497914bd183cac52203092bf3bf4f,0.16675389364288815,40.84
bdf2c565c77d5e5482ddeff98b1e551b14340283652c6d78b2a05cef18b6051a,0.16681806602947805,40.84
8031625b9c8d3b26fd9362d7b8ce422baa78b71bc29e6d4210463526a1048216,0.1667544589210521,40.84
8b8a3222bf1b5e66586fb36180376a96e21c300aeb72f86e1a1be418719756b4,0.16678385334258988,40.84
2dc43218bf96ded1466bf96885493d698b7074ace594264ec1b8db819b9849c6,0.16674907631465674,40.83
ccab141cbb0b2191a748762ece75aa0282aab56e11bda9c202d2ef11ecca4bbc,0.16667054472204196,40.83
ee7b58144a45a6736d2a918c2a452bcca1b3b04f23094ffb9fc688fa0b4dbde7,0.16665479221128254,40.82
e568809dc947f9f468175045659248e9e67af5ac14747e69672aa1df0ee1eff1,0.1665647872406568,40.81
e23ee4b1cc634b88052f4b8b7bf49c1c9ff9b29d4df759aedc80d23fa901320b,0.1665763975510125,40.81
9733a53474f840b9f95b505989e9d0f50c7311d395f4f97b1633c75175707534,0.1664242541665824,40.8
ba0ef1216ba414824d5aa98ce3e37fb985ea0f2ee0631815f4ebd5694fbf8b1d,0.16635970713606973,40.79
89fdd646baeead7817e1b2f5445eb53506182f073344f6aa903c55e0c4b239ab,0.1663698575887798,40.79
2571047f97e868000e9eea6cca021e35c1579c7cb22aef0a139fe5f136ff746f,0.1662715993894877,40.78
bebcd80aec51a1e01cd62500448d4871a6cdb49a4d329c06d6a5968692624586,0.16632255194290077,40.78
e19b5fd9f9f61dd0fa20b4c298b393fa6971fd62c6c77feb5d1779e76c62d767,0.16619989974357124,40.77
4dd4ff9ddd09d4a5d0d5cc8fae439a87af221d14bb9c2ae3f141568b3f4bee7e,0.16622252812105728,40.77
c7c6f97120ee96ea305fcbbfdbe50dd00377e7a2777e66b1bd35eff53b16c8df,0.16619538084485594,40.77
a5e30c3f9b1a4eef2f1ba746fcd28d10d332ad664fefc203c0e9a34e94943111,0.1661302859222699,40.76
6e3bc25908bf608b1ee93769454cd9021e47221c2befb5f65fdbd1b65398cde9,0.16614816577150301,40.76
da63c95c351a9d42852b04541b1fffa701b5e7b3a32e36a95e8032efa3fd6f19,0.1660348258034913,40.75
20280a3e5c6e044f21460a22f8fd16ff7f4a110407b80114f5100a48e1af5779,0.16608332925260316,40.75
1d578c6406a4c9d0ab4b5b0967ee1e73128f07a4851108323206c40e5b5103e9,0.16609367089413188,40.75
0db356eb77aef170630e193056521225409fa9342c917be3717ece172594705f,0.16604148458103637,40.75
b752ef8668e471249923e3aaf3d20a0bf4626835e61c8bde79fe2e7a29a9bcf7,0.16588602573483704,40.73
d6021843abaafcc30e37198980c2420889af043ce328d7522ca6559148a0ae75,0.16585880621587226,40.73
2c2802270a3445ce224b7e9106b0c49c06dadd45a7fd795683d03829b92f332d,0.16589102879770845,40.73
f90386fda1507c34989456de542a527ff02fdf70f0c3f5519f2e8048b684a89d,0.16588110813232754,40.73
7dab2dabd21f23644df8ddf7c17075119c165a2547f1759df71c33aeeef9de50,0.1657822732873716,40.72
1d0e2a6a348685351f4cab1715d71f1c8946cc73fbd631ab52c55baea6478481,0.1658189269636168,40.72
f9d6e8688a6116f2630a67945cba9bc126940374fe7121ad938348b7fb576869,0.16572676743139414,40.71
16037456cdea07dae7fa448978c8c57092bd31635fa1bd07087b05f62063937e,0.16576567814593962,40.71
c7956bcfab6212e66a2847333b435c95f3793235eac83e6f87cf805f50b63dc6,0.16563970212918747,40.7
22d2e3a666837fc9ae4629578f74c45982d58a2dc1dff8bfa227ece40afc7949,0.1656473598612605,40.7
020a3dbbb87da775397affc705f4ccb25b32ec6e481bdb920c31ebb63b7f1c52,0.16567869368330132,40.7
5011eed930b89964b87b29573a13c922ab7077b70e88ca68f37fa9b9be96bee8,0.16564137193347467,40.7
f7ab3638b3420f74049775d4663e94a3dd20528cf636734b3cda5bf843dd4301,0.16566469610021173,40.7
eaa87b44974996be9fe415edaa7d326f7da5672a6c4b26160e10f64faa382ee6,0.16567250347949333,40.7
24f0503f28ef0bc7414e2852814fb7bbb45493e9b8eeb68e0b4f19b50a24fddf,0.16554852073648654,40.69
0f9a608788797f5c3aae5fc952ee513ca533de8cb96deefd50b044cc2313194b,0.16553612645140514,40.69
45c54f3773b810a1da746d91cc69c62b381c40d39a3180b421c63b2d3dd8168e,0.1655994354047468,40.69
ed5e1b4eca78e051fad77ef0050565771dc09010979a52f04878459aecebe231,0.16556498601405018,40.69
2d49443d65c62e022c628f36c9a10d62b9a83ed50ea60541c8120cdb37d09929,0.16553447228308507,40.69
d4308be1f4b0438d3db550e85be70e0df06987eedccc74a89900272a4e76bde1,0.16555943416450344,40.69
04a33a0b5759def0cc31282ce20ff854bdfaf24997c29fa52b322eccffe91456,0.16547835700872177,40.68
f00afbe943fb25e81332ad45eda55fdba74c7d9105f4e4f825d8fc9543706a0d,0.16547040469880642,40.68
e32faa330146d7f59d759aa06f27ed0f49e67ee5ecae55800048efec288a4059,0.16549189061789552,40.68
31c69f47f94df9adfe68a612a40a295812e68816c926b0224767881e730ff91e,0.16537386526477704,40.67
252cac23373c544add39233cba750b7a2dcf74021cd3892fff56ea0315e052be,0.16544155511694694,40.67
2843a2da2224d76ee90786c9d44d379af3c5614d1a78ab028056a743913cf794,0.16541688886073902,40.67
947ed25f9362089fab7d40cc9f44866784d7c6a417d9d72ecbec308b432c30db,0.16531293520215995,40.66
76151b9c034ca403e884e450323bcd68052af8b348898592d0f41251033857c3,0.16535516885186868,40.66
f21bccf4245a596f3bf5d829d89024872d606150bf7abd9912e3301b4f12db5b,0.16535895756685393,40.66
fb9e2292dbd59ffedf674ec2acad3a36a2d55ca6c2871d849c2e423c987a0ae8,0.16524757654215858,40.65
612492bbc1c7438fb86ce1f13ed3a61f5e758a9d8b3e276886fbe9c4f3b92062,0.1652544896883984,40.65
ac18e855d87a4d93142acabcf97a29f06e4f0373f95c8322c222f2e591addc9a,0.1652285928888001,40.65
72e78fd738b11300836d77d229474104e1ee7750c81efdca056a82ffa6146998,0.1651739067176457,40.64
5379adc59790a14953af1bf43b1be326aa0421988d14ce14aee286f8134826b6,0.1651948512744064,40.64
2a8253938842407182cb9129eca98ed87ce9a2fb8cb94633603c999716525105,0.16518642607500467,40.64
2c6c01a4a8ea39f372c6c93ec1fa1ececba7108e2af0f2e0d4a7571b4cd34113,0.1651465928219316,40.64
bfea89048109cd941b697ac60339668352c1bb17211dc90caadc0e3657deb68d,0.16516890558659114,40.64
25c646cd0c867eb35fbf8b70fc294a3cfef0e6479ba3564e80ed8f8f5285c994,0.16511296269796552,40.63
561dd21d1befdc3b5263acf6563c6a45a8da44b4994f94266beca96a41a6eff4,0.16499878581270233,40.62
38414486657b3b0799904f645711d612bde2770e82e6473bce1fd32c5fc92164,0.1649026850038641,40.61
9e62fbfc06bac1c27fe6dff4ddc0e03eb7cd1cdecc3532b72b6e1109521e258c,0.16494427321678173,40.61
4a46852ec5129483a5e269d0d2020fcb9716ce25aa1a561db0b8cbd7943ab7f2,0.16492268761777282,40.61
b14531b6143b35bc3ec6545f9f0a64d10ce8dbc335fa21ca049450c325ef19a4,0.16481996470902094,40.6
610b1c675ff0c1fc302035bde4f672c667e33a05f5b17016c9e51f05485a8688,0.16473812120351802,40.59
5594ec3b27ae9cc2d432bf7bf08deeec8d9af83d822bc78d42f45a10b87bfe35,0.16475348189654773,40.59
b27d2c1b5e0c3ab291a127cd407b9123c174c1963928ecf27dd6ce368a712239,0.16464338318782906,40.58
e30edf3029f6ba6cf3747559b055b6a328c197db96bf0c26473d703cea5f4f2b,0.16464436181726355,40.58
49cc189fc6eafceb09578846d217c49ee0cf948754f23d4ed6f38ef474325bd6,0.16468672560078787,40.58
4c62d75169621c4d608d1d9639cdc566638c38cdc35c5ea369ec4cb8bc6c1bcf,0.16469452568724055,40.58
4166531e1069cca99fcdda09c0c7e7f00755950e514fd3586eb2e287ec2cf096,0.16456110436069565,40.57
d3f9904ba681e415b692046b05f1b92e6aaf2247f2f7c9fd95e2833554a229a2,0.16456812753823793,40.57
677fd3363ece947885e1199c3c4f9f668769a9aa42c0f3eae990726028777e2b,0.1645246605325346,40.56
6bed994c871fe0867c7a74473abf103770f09e0d252d0a9b0109cb9ef2fc7456,0.1644755817347859,40.56
9666421c7a55c4778a7cb52d2794299806c5af67fad4963a81c5a99476c4fcf2,0.1644819055226848,40.56
d837ca636419e09de2cb46083edb80cfc0addf20691334ce55ef98121bb22556,0.16451478913023546,40.56
c1243c163eb347d710fdd16ffb67880a657d101f6badb74f70953c7e5f5a7b96,0.16447231016187927,40.56
0c4689960f4a228efb33c8f91c8c8db5f5a0aeb9d63c7358ff98b917c3545c9b,0.1644011959788691,40.55
cc1dffdc5fdbd13ffbd7d915653d41649adeac7891b8a13fe0a9f98ed03e2069,0.1644439578368252,40.55
0e6250dfbd256e8309e6fef0f35b7f22f57d9b863c1b714c46c1f85e3626ec00,0.16446633908550776,40.55
167941475db866e2a6dd239a11c608718191fc151936da7514fb434e705e1dd7,0.16445032305120352,40.55
7f4b7d93cd78d22ef15781c86f652a14b264a7244a20058f07ee1057d2c7c573,0.16445685580119465,40.55
fda5a529dc15668b0e7665499619fa9d7ae13142d0f3bc59f0d386c42df04024,0.16432323181482542,40.54
c0176591b2b5c2027bcfb19ed2eb851c5c3e576ed02c31db27047da613b90659,0.16438658659277786,40.54
ff9c346e5fa9eccf3f5b69a3961ec9097ffd69e34752868cbeb001d6574eada8,0.16438715173287258,40.54
cd7fcdf25dfcfd96d8e5cf082f10765f72559be16ba5504c404aadb7f75ca477,0.16424315998686229,40.53
439a62e692257e8aa78a1269aa65b5576dc56891d778db1b891f244d03e800e1,0.16429576595533849,40.53
d4671bdd8fc099c60d626d58e3a41b9fac19942d525de63cad27f85c737d4663,0.1642673471316343,40.53
fa28ae6f8a56a46cb05131e97d6257598787b1209ad5e3c3e561aff3edcd7da3,0.16424671649343237,40.53
91ad6cd94e313c14fb12a3f0b9f2b0131d425e897611a5930a59e58ca342141c,0.1642330211366523,40.53
fa8732a102f1852f6bdfb86190533660850fbdabae3a82d28ed42c1cce89082d,0.16428645276556245,40.53
9f79fdb7b407a11a72c4a05a25609f4abf1720168377115b28f82496ea816240,0.164280962613313,40.53
abc276184a9640b2419d8f38bfd530be3e4a5dfbc3de3c6fd228b0b907f9e7e7,0.16420483057285515,40.52
762a1e89c766021d99bfdfcbe3a4001af475ad104ed53855452b1bd569827526,0.16417025679660102,40.52
f20cca466a2934a81f273c9a66f7e1e09a3608b61cafedf6ffd0b85aca73d9c6,0.16418226092445007,40.52
75704aee59fa32d6020c64a6278b8b6691156f8814642511190a4aa08a80b0d5,0.16408854727708644,40.51
d7b5c7967c37f0acf804505ab2d9dabd13eb93c804c4973e3ec5a1952d870360,0.1640947881096545,40.51
ff60800b44a0f6ab2d92b28e70f9f266c355f5ad787e1669f99b78c91096e141,0.164135847002314,40.51
735a64b04bc066d9d443902e770d180d6e14b7ffd4821a826c73f9595e6b1b58,0.16408959147351218,40.51
073363aaf91a261e3abb9692beb208866b23a5f5c450a380a5680092396a17c8,0.1641432350667694,40.51
84ddd94c110590b51c534e6e8c34799fc22397eaadaac7f4ba20bd5160124697,0.1640217504143452,40.5
fabba3bd4531c8e14172d214f0c0a8d0ab0a36a6b5c445573108700cc7ef3405,0.1639341901167065,40.49
a8bec63f01452f8504b899da76866c87b5cdb9474233e0ae7ea17c62bd818bf0,0.16394655821898912,40.49
3a25ed17e0e6a08a745a6a6b065a478bedd3e5154343f92a8e6926980ed9bafb,0.16396594345583484,40.49
a30e750589e0bb5dbb337865fa0eee2fcea7b16ff509ada4b4e9aca3528581c0,0.1639697992876524,40.49
218126917efd009d19f084df5d40b2edc2745564a40cf09992ac644d2534523d,0.16390097767309583,40.48
f737aa1b6546b8619359157e4c555fc7b4c9323a4cb63d768b654e7903219063,0.1638927751712853,40.48
4f7a34fea717e98eed7a97f88be21a87a2b41db28a8267756ddab8959760e9ef,0.16383644409774345,40.48
b45963f2d8dbc0a37474c7006b133f12ee289e5c5f6c95dc3b2089f6d736eb95,0.1638138869852315,40.47
e8521440349ddea1a9455feb3a0ae954169c4fd9b361600073c8c6b924712041,0.16379844529032112,40.47
c96601a9c7c55175e97711bef0e49aa26eef065d86d2e96af797cafdc1b42b5a,0.16370277860601828,40.46
4c76dc23503f96902026b6c9a6d654f66bb8723780eeef0631aff4463ba22de2,0.16368458924261206,40.46
c31cf3fe7122a169900afdcd0cb6aa7593fb607961a2d3cd7a926e9fed56d4bf,0.16359882891341507,40.45
57263237de5cd22a8c8df1d05629e2c7d9c0a1b105b6fa549a57d3aeff80a68c,0.1636442503932148,40.45
b1f76e7d0ff9450be007349232af0516773f12ba956e1bf7a1bd98f020421a08,0.16361513241267217,40.45
9200d6d849b1e3c42792a742fe8826fcddd35f5cd772291203c12e35555c113d,0.16355723176930284,40.44
69befba8e4dc92b8f9f1e6a1418b7e78ba17ed728688ee2e3dd322169a98f110,0.1633949522925129,40.42
d71d27218882c584140228f51bb3a89215ff09f90800078a420b48634bfe1fef,0.16336114917075015,40.42
64c7db33b23a1019d574a9c51d037b277c7ce0cc7ff0f1e9c6041bad5a12e465,0.16334668054768214,40.42
675c80b3204a1acbe999542b74415ce349536746b6cca8574260f56247b6499d,0.16335474023279375,40.42
c76b63e70f0f1ac28e76879166816301c1d4beaa6d7b425513adc2eb778bb0ab,0.16332770446861997,40.41
0ef34888e1a041f1f9318125e9c73900355aa49e375b6e216857a81b2a7a5a0e,0.163231241088774,40.4
2fee7bc9c45e8ee069d91b8ad2b4c3384fcca7f97f2ad362250eecdf7f1001f2,0.163193898952467,40.4
b048497f55c92a3751fa6798a0a78120b9baa5c76c7977fb5dbe716043dce5a6,0.1632100983010514,40.4
030c36072f04afab2eb411438670fee75ce65182be779b003050800b7d939144,0.16314938550509858,40.39
a6ce3f8109ac2858a2abb723e23cbee1f1bebd622cb706b53c3dcd0d64a09b28,0.1630816612228397,40.38
ab0d61c4de9d306e70a45383bddcd9a1c852a3507612e92917e4def9c6106437,0.1629786646754689,40.37
7e12ae2669df9621ff2ee3027eb917e3e61f051a9a55899c5e58df261478a77f,0.1629905528805792,40.37
7b8ce69f5aa50787eec03413af505d13f6242dc8a44871ccb43adbf5037520e8,0.1629957849006412,40.37
0a745c0858ea87137abdf3e62a342c6f77cc40b5f79b1fae285d808524014839,0.16286656798514215,40.36
df3f493203be5fc53544392bf47ccd5825c2741711ef9a1e8464c8f67143a1a7,0.1628818283201227,40.36
050c96c226d4301ec80602489e5674331d827ce6793d2e3e0f2c7f540137ad59,0.16286743887897828,40.36
6c57d6c7ee209d90fa47e4e728d7ce82a2d3625660fcb9f81cd7a577fd7e09cf,0.1629276169620576,40.36
2abb23da0a53732f79f8ceada5f2c962a9237c92c457df209d46b97188b78865,0.16280118144481354,40.35
e1a6d9c19d2a3cf286e12f692e50a0e8fa27162a8e1be616f381d53e63720613,0.16277923979511835,40.35
549187b9e29e281f297cf53a83e956ab2806d7652c1c43bf29f63a1d79ae9049,0.16284240879808606,40.35
2edf1c0bec055471a79d96f302aec0446efde018d547ec765beef19f9dd504eb,0.16279683895729577,40.35
2db34af19cbb07afdde3fe0c1682c0e0dc8724e7cf006d33ce7ca03533718bb1,0.16269663064038695,40.34
1741616bc310598fb6cc0e688298d6922633ffe116a6aec5cbe10e376ce085b7,0.16274509132948803,40.34
5599c9666c05c2fb8c72c5d2dc000ae423de18d534ef33bed21eb0f850a0e52b,0.162734444803741,40.34
19dae797cbf36a1e3b52809f88fbf0563dead2664609fbf83c381b3f054fee60,0.16275784271477775,40.34
b30ea9170f8cd7821c25a2a0bd3ec2a74926c0b5334b74b92ba06715d2dc3bbe,0.16269611022970548,40.34
87e0ef2c896b77e5a7405db804f7fb7c2e38f8b42b39cf33b4f1c6639ec9e348,0.16265472066078956,40.33
e812dbd9569619d246edc713627bcc357c01d34dd26b907ac5ecf69e864f9803,0.1626629698543937,40.33
4d80a9400ed442a2f3189a20392644f497572f8f8e2d0d572ad41ab39c4dc875,0.16254683314290008,40.32
a9ddf7dbb6240c284d94e08bda04d545deeae850b9a85dfb02e530c0911ae07e,0.1625335661538043,40.32
ec941451cc5a88bfdee21cdc6d6e4fc4c10c9b5d6a16f2bcaa4e2a83f9719bb8,0.16251368398376353,40.31
8441162cab643be8baa5e8600f81e1d0fc7cdeab4b17578df4cd8ac24670672f,0.16252818626603419,40.31
c0931318d9058c9a2012b968c7531dc20326e40abd8f59e8e21c48d3e8ee8921,0.16245552754257175,40.31
1bd8b6e2a1d2ece9ebf53024276d651cd4e2096a35221df2f3c697067244be89,0.16240771094813852,40.3
058fdb0d76b67584abc39001a2063932686b3222d4aa69fefcda9f1804634d5b,0.16243221072297218,40.3
c946d98d1eb7908184a10ff3334525daa8bab14bb01c7e20ae3dbac304d03cc5,0.16241714631514786,40.3
328d6bc934aea0058a49ec5767a16fa54a29126252a7f64c98fd101767c8fc33,0.16236237486470365,40.29
801bfd703ed9915bc743813460393008e558124aef38be0d0660c97d38c61989,0.16230709666511117,40.29
f604db954c73f6fc5929616d8a0b0092da676fa1bf102d6e121dae696c74168a,0.1623305918392298,40.29
658eb5fa6065778bf69c377e6c3d9ceb8312bde797ad4c7e275328389f181262,0.16236721833863982,40.29
7e29a6f261061af429a5e0ce1fb3d18ab2c50ab233579f1832120526f18258e1,0.1622510875812601,40.28
b3dc4c981cb448d061e78e7bfb77021e16dab741787dd1a128c08194499300ee,0.1622502070400715,40.28
c54726a251d9db38c584d7b0e719d3579e56df346e7b2148f66ac0d9fdba9936,0.16222649460882488,40.28
f5394f2f1cc28aad1f79d7022f5d3b00eaff392f084e9a9639e399729acf37eb,0.16218666582419378,40.27
b6cd03d8a67fe39e24864afc5b03068181434a75ba47a26bb084715ead2affe8,0.1621509064799264,40.27
0cbe7472f557caaff5fa8911780614e91b4b586bb443d031284fd42550b543d3,0.16205558379951324,40.26
81593fef551f64e23dfbb267bd5421631d57392bb9810ef85652d4b3b3b32274,0.1620739895452339,40.26
629a94ba68c51d13b2a6c22a8dd806c65bf312ceec68945b252342673f62e357,0.1620425933601969,40.25
97562eb27436b89a5218867a1cd8dad97fff1074f1f684e5ada21dc517c1d98c,0.16201007772187673,40.25
ec3e2837c0cd27f79543c086ede412550fd68554ab10658c647ebd2b7e464e9a,0.16199746192535092,40.25
225e53f8731a79428f030b54172ba0464a8e7dc0447c68bbc0bbb69c8c21153a,0.1619135633736181,40.24
9da540377364a5bf311dcbb3b174be4f1b721cde5c7f2c36fb6c2271f0799bbf,0.16183363155395522,40.23
da98eb2812177f30921cfa6d496c7b1b65302c88b40e80d4e7d17c4fc2c73c99,0.16175292337128666,40.22
f3fd7a4f1b2ac502667d0a9de949f76af98f1189407ed2c2a33ca8599ca0492c,0.16179810545621204,40.22
cc7ed4d1d3b7f9cc3e6ca99aa53e32f63520fe0a4271806b49d8d22eb9348d6d,0.16176583331708913,40.22
fcb4ed67bb388760b9ff4387e37b08116ef6be5d9affc7fd92cc656301828401,0.1617113905112406,40.21
b56de379c3e55b0b1b4b7fc1184d1e4fa0e88bb4d7e78cca16f7f029de401c05,0.16162013414583862,40.2
6b27e2ed2a5b10ce1f064a376ce5053fde6aa8d91a57e2908bc1e8e4aed05485,0.16160859897696714,40.2
e465404b2c0e4e26f5003f83290b6521208bf91357e9f1c14c14759cafc8079a,0.1614761571682424,40.18
ed1601044410ed4962045a8e05737c71caa5c2eef5733cfd46c8c63e798690bd,0.16141961634476396,40.18
1cdfa1de9e1bfb7f47036062e6f8eec8439b538f544b729f1dca75f3ec8e40e5,0.16144745872695476,40.18
7fe1374a0409246049c6de6952450484ac36c429b102fb55e6494c574fed69d7,0.16142605370646554,40.18
bb471ad617033d4e69dd33b93d7ec4febcb534483dac868a1e5fe4455e642eac,0.1613299298885748,40.17
0aad87013ee2ef483c443b42ccd6bbbf2664de01148d22b03b8c52e857c1af26,0.1613269854158516,40.17
cc29b813b8e8be557809e69266e96e08159ebd0782cb51d5ef3db1f048948b7c,0.16133888290189394,40.17
5b5cdd0814277705edff78a003bb0fa945dc526d8e44c262fb2bc2086ddf5cd8,0.16135844112762177,40.17
9d794f2ca3955f02bbdd9c6ed77c4b69bda24b4c8faf23fede65d798e3654851,0.16126894565033748,40.16
e7b41d04acdc07f55295faf264fa100a5cd9de24ae697cac47798016a4ca2840,0.16129710730799146,40.16
000a68105c977b3d431b5210dc28bb19bee87434c2b27ff0c3fa9e47b4a688a4,0.16125691520662794,40.16
4e59013ea793b2b51b413805d42a4156cbb21d2a6ef0b775a148345f97462dd1,0.16126414902224892,40.16
3b53fd797fec100a57fb939baf19f3d116e9128a71a7acde2d757a43c83d5e20,0.16121744310266664,40.15
14fd62057db36eb1458bf79883f936d2e9a26bbd830b226d8fccd21c2ec957c0,0.16119459615164508,40.15
ad78a7cefb0d597766cdf311b2a89aaeb9bcacea39f31cd7db133e27b894edfa,0.16113654658337137,40.14
d7441d492c948b3baafb9656dc91e170e919cd05cca374826b5f4904c9e2a426,0.16113925963756975,40.14
527468778b02d9b7346518fa2a45502aaee82469e01b8217e7695860c1cefd37,0.16110354885652697,40.14
6e52e36621b54c32dc32fb0a541609a42bf462dd26fc5b8892435ac49e84bbc2,0.16115829720008965,40.14
b4c7f7f41c149eaf1b641623ddd453c3338cb87573fffc8db71d627d5ce66c98,0.16113616162261318,40.14
d3e72fe5277d6e5380734de31b63a6555d1a82b4a2c79f484677878e61cedb9d,0.161040051340071,40.13
f90f838c9a9ee631d39717b907c48542e8be1972d1b642564502d3475dc0f43c,0.16094341575125756,40.12
be92cc2cadae2ddf90635aee18c620fab045dd70753347d2ebb8e0a19e4b49be,0.1609659298386585,40.12
b39c0dde98c700f4dcc84822ab4d719d2ec86bf8eeca7149e9ee65acd8f5967b,0.16094800769062906,40.12
64144c5a137f9cbe115769892ab658d30de97b2d25a58ec1bf5bb831a1fef15f,0.16096581039447116,40.12
e035b3c259a0d9c088f8e494101ca66cc9d7029f6c14df29ae457f9824ed7a1c,0.16088342340620992,40.11
0d0a03de1de59a815244a274f65bf464f50ff9a088e3489d6484e6ed56d56e2e,0.1608587029781608,40.11
9eb58b60a0b33f09532b96467fdbbdee9bbb02dc0940ecf1d25399b7fd786f25,0.16091393541535381,40.11
54f52fdaec612b3aeacbcf674b58e902b2cccc46958a1c3f6d57d636d76052a4,0.1607805302584923,40.1
b44e23f5547c8dab959e5f3a3e80ee2897642eb117bf32ab015bb08c9a436aa6,0.1607788443251284,40.1
8a2f00d3ad4fb3742617df38b94d1e7ac6e4d6be58afb785e8ddaaf500ffe74c,0.16078681361559785,40.1
e3709c3fc8bca397935e237089cdfc1bc5d8bf4c349d19000dd112025340abce,0.16070854035687862,40.09
596b10f2ff3c4477b5b32cbe61935eb770be81e6f735223c5e8ecbec5bf59800,0.16073551436075612,40.09
f8d66956037f2f5fac06d2e93b59db4f8fcd8196ff5cea6485544b5a5bf64114,0.160619266587498,40.08
eb8c9e9079bbd61c9e8f85612ddc7d7c1f139e286f4943c706a71ab0d67b158e,0.1606049801863375,40.08
5f9595308c10820ad34cbc83af389d5b051967f666f4f3887154d85e6547a9ff,0.16065442204479863,40.08
ba009979be3ae1fc177bf9b607e23febabcd4cb5b88e28f8fd3be199066711a6,0.16060014902851782,40.07
4a3912d1a21dc7d16c0e8e82b67a294d5ad8d9993f458ceac18916a6dc781957,0.1605337446545599,40.07
82501bab6e72ad469a9ad0efc5cc9815b15397971bb1a4f7a3c3a2c01ce2f5e3,0.16053572960133367,40.07
45410c66706cba8cc4aab85afbfdfdaf2a18e76c039b84c958d6f902363ddc2c,0.16048007289430088,40.06
3a157d85d5f08ad2733795122ad05e326603737a1422117c62de5d26ebb08208,0.16047408859837847,40.06
d5130c6b7c9e7a78818fc453b71cd24bbd4bcd55c6efc875b1de359f8afc91af,0.16048351860109297,40.06
5771c7ec49eb45becec8b7fc7f5c6dc4e2dcc5afcdd7485cc3df0a7994767be3,0.16037326478769987,40.05
20647f5055c8d2d9bbe62bfd38a24b176ddd01ba45d574b01218db5a8f13082a,0.1603617191751985,40.05
25a2a869208d0b46f1045d6019279a0776f9bf5a036ed034c0edc22389d580af,0.16037585751458644,40.05
3cbc3d27ce06988083be12bea254ae316687a97d5258285bbc2c200f5c98092a,0.16043565814366414,40.05
bb26d57cfb06786c6d848420388d5d523a1f4312885c70328fb2f238c6b1fca3,0.1603248747685527,40.04
fb2942f4a9cc9b0f60c152129de1b9ed280409c629c31c3ad821b075f6b517db,0.16030997337595637,40.04
1652d31d513fa871784cd52b28210a8bcf48eeeb90b7fa10f05f192651318016,0.1603384115627008,40.04
af1998aa7933aec627fff70a209bd8027f9da49bc7413f3896f2b4846a7e0d4d,0.16027589604041914,40.03
2b07e4bf41ba9cf6cf172a7b37355f9e2697e2022d20574fd1df7a113a2c035d,0.16022513610662376,40.03
6bb51c63ecf1b04f179ca439eb78223cc7c43dce44a81312a12513af97fef9c0,0.1602736963188493,40.03
eaf17f12a5a17d5fa97c13dc78419f466002e45e7e33208cc35f437c93ab2c64,0.16022927493368377,40.03
9eae48587b36d8dbf36a7b938a2d5bd85fd6b01f0a03a62e5be884af44ec7a2e,0.1602167221656327,40.03
e6198b798844f8e5b83963758a609496d837f1ee8bb16435cb9c2666ebd1942f,0.16012751944644735,40.02
33a132e691e5f22ebb75070793a2d76e3bcb9eee7198a2bb2a1f3c81426a4171,0.1599907805076698,40.0
1c36e17dd0de4f99c2d06ab2e56797eae0f1febe4bcec516e6e15a7b99fece7e,0.16001205406047322,40.0
3c387a657fe74e75db010e046cee423fbf67dced56f89dd8a58d99bb51b84fd2,0.159905564294313,39.99
a4f6a8ffd6d9bf16c4d171d25fa8b8416cf05746d7cfb9bb284f9b63877c5f75,0.15991545008702002,39.99
b95bf5f47d184c6a80b8b7ff00b94b6e5d6dbb41403244e0ca5c1fa1dd93f420,0.1598602842233742,39.98
1ab4be13ba32fa91aa19f31756ff08a33959bfd048999f5e0503532b4183c30a,0.15984550385643065,39.98
627a756ac3aefb15d060afcd72cfcb6390122d5a3a27d0004e26e1ffab02d5c6,0.15985803587700034,39.98
7134d3c72ddb33116296a8f7316e053bb36c3e559ac19c35674ee557c93830fd,0.15977416692614538,39.97
84f7e55e9d65a72f99504e225374b4b93826691f1ada010ee958e5594711527e,0.15972397008851147,39.97
9e35cb7778d8e8b01a80e27367b552345b1e247e4b519d3df842c733c8e89cbd,0.15978878241439742,39.97
4d531284555252797d8a9bb0afaa9fa6bf7a731d579c9a9c7b7365ade6f8d708,0.15974265372136448,39.97
d2d441a3ed88ca3b936cf6c3f031b4cb1be14a652cf68c62e324907f434c26fb,0.1597189272798625,39.96
756efbef96f78721a358338d629c8dd524bec32c7f04f8074084f841ceba3ac7,0.1596660412263254,39.96
3ad1d9d71330ccfe9599f5f504965078806599780fc198d0f3eab71956bf5691,0.15970628565491937,39.96
c5929c08033180b90aa90fd0c5173c0ec79e9916fa3cbf294f148351f9cd04c5,0.15969316971665565,39.96
a4467e50ac138e8d760382e23e57ba635f44295a689d58f502cec40c9f542f5c,0.15962909287212868,39.95
fe19b39cb7bdd28d64298d73f2105b4ef3a6b482bb973b844e7c40b5acfa01e8,0.15955849844134856,39.94
df95873a5400f85b629a1ed2f53e956b933b369be43970720ce56f559c3b7d10,0.15952731224251754,39.94
c87333bb654ebbfbf2061147fe68bf12997d175857a5f9403baae691be6ed2cb,0.15945367302809302,39.93
bd5a8ce37574ebd1e1a11f226068b795db05ed6bd528a521b50e27da8f700076,0.15940168612273217,39.93
a0c5aa83ad52829ec98c30fc60528bdc8db94407d3d59f90fc36431ee2c74c28,0.15941184839022113,39.93
ed08e4d3928c3d045ddbf58ef5edc8b344c517bd525461f111e77aaa01f51db5,0.15946670881289352,39.93
ddd27833210736c3da7c77aada4d978afc59bc8cb101e733a0bb29f52d1d00c4,0.15945388574355873,39.93
df14019d3c670fd608928d179f87a57610b8f9450933e5e3e8790c2acf1e3725,0.15941871121918696,39.93
c96cf0143f92734bd100f294443257466532514a9db89ce26faaf59f1fd2af49,0.15941833497811528,39.93
1ed86dd52d39d5c9298661a9ce555aedcc1370a85ffcbb665c3b79d23570a7f3,0.15947982978087333,39.93
e57242748d63633a71bc8a3ff9fbba27d335cc989a0cce302bebf8e86a289884,0.15938884535718809,39.92
bfd34124574e00962a9b969d698d0a28e9db4b59d27f4e6f6264dd6aa64cc640,0.1593906494572966,39.92
d80651eb80f0c870f16350f7f9b7c5525fd59055d26de4784cfc5f2da93e04e6,0.15933447310908727,39.92
e4817fafe38ff54b4accffbfc43f10be45779f52a4532cf24dfb576557bc12d3,0.15933062461106176,39.92
1d863b9745d8aa3de2579bd11c79dc71d78538b90a9e0a1165c3c556e5ce3033,0.15935329460160516,39.92
066a5abeb9f785e812c5e70cf9ea1e0b0920c06f00237aeb594c8bf7767a9ecf,0.1593227571659187,39.92
4b7711b04e34d1481b577fffeb0cbc3d4e8e0740598aaafe0a100b7617380097,0.159284695991584,39.91
4ad8645fe69bb5b822c1d0d7dabf02be007234007f6d922594586d5c9f34b763,0.159257744928803,39.91
688ce34eeb3263a4e75944d2d843fd3dcbc19184937bf4419b517c5cc07b5901,0.15917592703856084,39.9
4733b510c7e75e13138e4c72535e44a7685566ced822a44e5851b55fbc648640,0.15912675849368785,39.89
6e141b2f5c5eee332a91e5969ba3c69d0d72d0171368295cea8ae5d140f2fa46,0.1590683419938233,39.88
a90937db2c586253b8185ed2677a8bd2f9e8f28b72699782fb89b90f285583f6,0.15898387376303585,39.87
599ccdc0e5507bf98f0d24cfb6da3a42d918295f28315cbf383aa6cb490977ef,0.15899549924184947,39.87
213fa3a025490d786040d457f506a04a73da24fdc02268e741102c8a762548c4,0.15894904905306398,39.87
81030113a28c3b7db0f7d253d9ac5636ed24fdaa04cc5124156e6ab1a13d2299,0.1588507283140146,39.86
bc2385a84a048624dd7146d9965aea4d90198b4b1bea562fcd2249aadc8abb92,0.15891071067970608,39.86
8b41320cfa3cacfe8b61d09f57ba7ec766d825822a5ae3c1615cde100e77542a,0.15885033922545916,39.86
215f809c607c2c2125ab5869edcea616979765133d37a48ac490f74749417116,0.15886885902083184,39.86
03b98319ffd85e6d9940d48fe4dae7b9fa90b7106d4a5d4805e33ad63e1ca2bb,0.15885438656924863,39.86
0df075cc039edae383f3e89a4b18ce6bb22033b1592affe910edef5600886059,0.15883817305840783,39.85
9aa8321f7d8e766e14a5edc684bdd227d795d1d98f6c443d065bdb43fe0de2ff,0.1587047348269154,39.84
fa19da94de7af946e32d96769ea5aa6643bcd95a01cba992576c6b9e24e0018b,0.1587505707676285,39.84
cd4b0cd54d339679f1d1aea3693f9480a40c32b21f776face96d45e2ab306eb4,0.1586999715851846,39.84
abf6bd169e880736f05137a1f92b5af2545372e45de7ebc15dd5d70230a51177,0.15874654215376421,39.84
898df385a8933c86e7a66a5d0c813a4ce12c65ec79cbbe691f285cc3930c8c30,0.15875235027139156,39.84
cbe7a8c4138bf4aed711328785fae84e278394e4071e0652c085372600ff2714,0.1586259636625671,39.83
87ae9cb0f749aba8f15bd1ce6c60ced7c858a2d1c76b5a9fd81f52e74642dbc9,0.15868154288670264,39.83
5051710cc974d1f6c3514ed20991906886c5e3d6792b6835f996d7b1ad773ae9,0.1586031071820983,39.83
3ae3f0f35fcdf93dde7091c001786ad0e72a7837b23a5db3b2ba1cc880314f23,0.1586017680300689,39.82
2429da70a6ff29b8fe0d609e02191ca25982e40d2d6f1f06fefcf295a88360c4,0.15855225046116983,39.82
657749070ed21bd9351d98b0d579bbc196e41fb747dbb8f7e1b54a8824ea3949,0.15856350442130393,39.82
f8b6b9273184507dffcdaf1e56efde85c0e2e568ecbd4c3957b6d9ffc180fac7,0.15852457046803053,39.82
95cf4ad9d097db3486a183baad14cedd4c070bee51e7c0ef71c37f2d011771f2,0.15859393136685523,39.82
d2bbca096ee00ed6204478e244901d42c8c274130cec1c96648df520e11ad267,0.15841301654789894,39.8
93fbc625ff233a38dbd1ec7a949d1b7008d0d3337b2ec9cf354874ed2d1e10de,0.15843984748367645,39.8
98d4cab36c5664e8b72ae644bfcfeeafc96061f01bf97285c902221ce010a195,0.15842667011463435,39.8
717076d73fccfdd799932a6c383055482f84dd423937e94917d8a67637ac06bf,0.15840592170820358,39.8
a38b067324066c7eb6cbc3cf862f529814649e1cabad64d4253be0b19c72b58b,0.15830139459098475,39.79
e5ee73923cf5f41b9ba06a0e3ae60a02959a188c38e73d07394740ea20921bc9,0.15825604411607294,39.78
66961675c26ff7acecfbd2bd538ee05d1310fe1f34cfeb61990ba27371964f04,0.15824796541433978,39.78
6a8e793339ecd590748143786e49e097c61fced2e20bc6261408bb81e5b62e13,0.1581391841833045,39.77
a1b9e97ce9977ef562fc285a8cb4a4de2bd1253c1ee501efa598605e4a813afa,0.1581542767225118,39.77
bdf3459c5dd26da12305936c31ee6607ad3b33a2390da3429723b8c5f853e330,0.15812654579421465,39.77
20ef5763862438efe214523cf92efbd1a7e1713a751b68b38b96dad078884825,0.15817975772428852,39.77
2ad4da8b120a0c6c57a306d62e81244d06fb65caaddc2f6d367f4a694ab9482f,0.15808729981690273,39.76
ed394579e4ef03e5841a4da8ea54a8bb32fe1395b736b876a2ee3a98cdc10c37,0.15809380688782929,39.76
d535eee0751a9e41fbc3309747767027b301d0f1e919fb99e0ec783f3029f984,0.15796772678723447,39.75
2d3df50749be95afed7253d66dc719c0d4c44e27bd8b87b2c01ff76eaf581005,0.15801627079477382,39.75
5492edb75a04758015e51defc2a770c7cb2ae031cc93bdf1fc0f0e59caf725f9,0.1580314649982726,39.75
7daf0fdd7aa4e299846facf91b06c9e73d518915c23d939ffe395201bd23e8c1,0.15799764720235993,39.75
135c8434853018099f633d9d0e625f20a6651a9e682cf87c977439915a209dbe,0.15794517470707223,39.74
cf9b01dc9443e2c884d68a2dfa94e9a97e61df6edc4e21d8e2337511aee95d65,0.15790043255882774,39.74
e34330cf00bf74a7802b55e643d82e1d7f3ed040eac5dfb85803b85fee69f98e,0.15792436317675657,39.74
1de9cebba517acb87c14b6e9047371af7f08ecb0468071256ab194233812db6f,0.15792503093843946,39.74
ba2d00125deee9f4951c34dc4cab1640752b6a8addf1dfa21b9b90c44faa242d,0.15782931422490173,39.73
cbe744ffb0c267a17cde2993b5c9c391ad4f5ad0e1ab875179b78e257403af05,0.15786849589182736,39.73
377d4c845c6b62a961e0926863f7132ab23af146c3e5ca5e6b3a05779c7a069b,0.15780924692005213,39.73
748d302d0a7288a738f47ce384ab6302f614ff6c2d7ab7b4320139b624267b02,0.1578438294727701,39.73
67986b8b57810e268f96705a8d622dfa55761f2fc284f2ebdbfbac4e8640abef,0.15786040769962928,39.73
00c9b63c121e9bdb775b82bc8d45875555006f7092496895fdd65a090376a1a2,0.15783525674320964,39.73
2dcf777f7dd189f665d93c86d3dfc7812f16ac4602701278a88473a54ec1c056,0.15778320653076025,39.72
13d9251a2b6d2e83dd4bd9342ee34ccbdf81bb7e7cb23c4ead409cda4e95f5c7,0.15772484674700257,39.71
64e4c37d9d13d38ba825e786141e16efdafcff35679b48f4aa3e58d9b6d7093a,0.1576546599942069,39.71
10dba857caf11d4a09387e34e0e0da496dfd8f802cb881f6644a7cb43e1c6234,0.15766238648378775,39.71
2cc1d1de5133dbbdd8a226a50650c9cad058a4ba29ae7f3f2609c734a737d7ee,0.15766531832504657,39.71
51d90d119d7d675766417b5cf94c866039120d7b7a681d12ff73ab77d61a2fc8,0.1575917528380422,39.7
4b049abe44372ff1e998260b91164e487fc1eb39f4afbbab06195ca98c9d2537,0.15757660436539067,39.7
4d950c33dde7bf883dc9bc238c2fa74df7aa269d0d6ec26533d786279dbcc620,0.1575141275449411,39.69
0bd331901b65708c6f454ebfe18907531eeef2f18d2596af759fa6a27e6771c6,0.1575254696621792,39.69
ad495ac7d1de4c54cbf69342fe12662c97be0dd7a3addf874dfc748590fffc22,0.1574932296023557,39.69
91b795a5fc11aea6089d5915f9c8e3207cd1c5c3cb72a8fca508b13a2caa5536,0.1575278881546334,39.69
aae3a6a5d00dcfb96c256a40a7742b6d44b565f3dd97f967a9cafc5e32a17d0c,0.1574645218312636,39.68
bd1010ae0970acf593903abbf6b05c043a039689080b6b48c304068ccdd4bb60,0.15742239755490836,39.68
4e255c090e3616bb3e3279744c4b19ee0fab09f4b0bb261ace122cfe8e25a09f,0.1574817588517734,39.68
8e3bf1870c75f678178e936d183e3a1eca90cf25be5d576a51a1d343809aed85,0.1573641038745187,39.67
ac65949e4669271c8347493aa9464daf6c2a9098bd205e59bafe819a5203ee61,0.15738523728991682,39.67
9749a998629a46e5f82b28c2918e8c438485363bf0d3c522f4f20998dca22570,0.15733847272766172,39.67
3c40a9a7f88f61ed61037d6dfcd696d2715fe08ceedf714232f48ab321b55bbb,0.15732263475595645,39.66
d8ad56c6eb3d2ed5ca7cfff17007df9d68c370a66e9eb3f8be7dca9c944bf873,0.15719638787385481,39.65
5e7ba1e93b1a13dd5861a5b493638d2d52baa6a538e165cea177eee241d90ac8,0.15710862764298514,39.64
91cd1abefd485883132b631efaf90890f0a66a256b5eb2aec03c8fb1c78965a8,0.15711949413495924,39.64
ec627ed4e5d84885f3487d65d10a15f7f3ed81df6b688b0d174611b8225c1c6d,0.1570511179193789,39.63
7db99b0f29e79aa503a57b70ce4918d37c1ac9a356c677c58a734b3154304499,0.1570238528097685,39.63
6aa7a71bac4ca29cec0967eadb526474fb45efb60688239a8125b81b78598b70,0.1570334630786107,39.63
ddf04dc9eebc1969b60d4d52b3318590b42a5914cb32b8ce26c3876fa9000040,0.1570490915823611,39.63
d1717bcedd42124dea5faee20e5014a6d1c40a0dc9b80077151593c97c16a299,0.15702129500240333,39.63
e6befd9f7f277c4f6cd8e2909f2281c9e085b9784f4d34bb5c4af198d18a3e17,0.1569657483516872,39.62
6d323c47fd2af0f31b45e1dc2c5c0f0be6bae52e60e784d2994ea956392edca7,0.15691631539535883,39.61
4715406016bf8f2fe91cfaeb0994b8db0192ea61920639616d20af596dc5aaa1,0.15686160910050828,39.61
c6082c76189f9e21b487fd674ca9fab116c35a97a228f7a8289fbd2348e132c6,0.1568585715129426,39.61
1577ca8596d481f5b8c9ffe940d2d72cff3a86c24c43cd93a22d0692591ae301,0.1568816872418919,39.61
fcf5bfecd5cae078b6ae1a8f01eb5ff4555524fdf8c0f0c7ea742e85a0c3e7ba,0.15676586149776267,39.59
c93a7f5f5f11872b55721c50eec73bf99abe334757f46ae632d8cb66bfd22f7e,0.1566424373102694,39.58
2ae1676c53b2e8d7d0911cc47eb913bc47598bf2898bf79949857c4c3376eb9b,0.15669243895459106,39.58
4292e70cfc97a4a298e384bee9aca454f329695c4a71916424785b20ed771716,0.15656166293957277,39.57
83f61ee1f42fd0f7c0466067845a9d7e9479b15dc4b7e99194aa4107e1d1416d,0.1565961026975594,39.57
5f199afb3a4781a8a2f044a5d8460fe3122f763d951852df1c23afa9019b4205,0.15655021545576933,39.57
89d395e6ec445ecba75b826709b1b4b5f96017f95b9d9f504db85c87642677e0,0.15648498753576115,39.56
b5e37461cd2798e2b02a31a64b1c19836833cf5587f9af55f50b60dada66bb50,0.15653033511631576,39.56
f56c1505204eb7c63a39c9f45dfb1f743bb5662e6b1cb4f122fd1347bd1038e9,0.1564732895395803,39.56
a844a80b8c528ebdead7e12bc75f118f470c2abb1a5d665f5c97f8bf8c41a4ef,0.15653360896078103,39.56
f7b5764d522ded54898e6793ce0d9c7061f784739fdb50bd3d60e01d82368e12,0.1564240711958292,39.55
da0f7fe6b6b2f973e424d23d9415ded96e16f6bda1c304e26a134e3d1c5e0675,0.1564278907078941,39.55
0e0d22461a76a62ba11841c30817bc7b746a828d516e5caff37776be7191ff03,0.1563915532781886,39.55
3bafe229e90a0f329cdfe83dc684a7bad3743bbe95f4c00774f344fabe03afa8,0.15644435260963888,39.55
f76212445ec3e71e96ca35721ea07b68f72fd02387283781de38b3c8cab8d153,0.15643118187310565,39.55
4551c8f52683f05279fee4b6ca3ed99121ba6898b665f0436fadae7f377d0919,0.15636053305052378,39.54
a1ea0dc7356968df0f6a710df1f0a20033b439b5d1ca70a9f226e03e9f23c826,0.156302615911968,39.54
4187c4f1d865f015793136679cdc928ac3543111a6c001fe1e0369b139a36618,0.15636541934986728,39.54
6522231837bd0f410ba47b7cfe9f884dd80227bd6d15dedf623f8532a4055e56,0.15636175630472848,39.54
111bac17bbc34a9fddd1641e1b9acace4862387aca35434744e9736ae72927eb,0.15624082303564582,39.53
fdfcd0b1908333615b17276b641267236b1c28d33ac53bf25b303ec3195f12e3,0.1562684058947016,39.53
336bcc7a0a35db932ae709cf80d3bf0debfb325982d17549d369a3525940feaa,0.15620390089636127,39.52
66f175d9f4f8c7cdce74ae43ad5256f771e9cb72d04ffda29a1ba02f53dbc6d9,0.15620698995286328,39.52
adc88ccecd0e6ab720ac9e5673c6b068614cd198f90f865498570b90b373ef6c,0.15612534819785365,39.51
6dd0ca1d4be1d931906056f73ce497c1e7dd61c24ec5a0550a703e81d5798e65,0.1561239673882672,39.51
a0f39441c94e2c262e4a2aece59daee1efe7f86a673d2a8a24c71d928d326fbc,0.15603484694124733,39.5
b3ed1dd6d9db99e844e8f05462132c8cf47310ea36810e0561cd3679b9a074fa,0.15587690175129582,39.48
7e3cce02e3d81b3f39ce8c2711c1be2793144db7a073ec9ece3115d5b55fbd1a,0.1557554335806131,39.47
cd2e86a93f91be61072ef5fe6b1b4c36df97a0a0a2afe7820920916b01f3aa41,0.1556811375829305,39.46
9bbff4208d8f90f9b29412c064cef7a203f34ade7805b83206b43d5328973bfe,0.1557062554048497,39.46
f6778ad3163d1473de58af46129146e29c85648655ced2524e2aabfe5838f5e0,0.1557243673379998,39.46
a7ae876567e26e635053e83ff73fda8e166e627c57cc0f68838ea60decffdfd7,0.15570257318710465,39.46
8c3bef5aa54ea0ddc85dd64b5875502ab80c8a5b8c8385df6664af8e892677a0,0.15567978014922823,39.46
cb026cfc7ad99a00fd973f811f7d386f05d0bb1a255563c3f7a9bf2a42c49ee6,0.15560773205134792,39.45
a4656b353e4b2730d2cc3a113c5ef5c232074d902e86e3492ec5ff1876379e6e,0.15560553863928595,39.45
bc141320c263c7998fc6b578a585a5e0b74a800b6af8631f59d4244127892b85,0.15554457676069286,39.44
a258376814f64255e9683d601b462907f9f4f82b107144aa51026eec600df593,0.15552432033079375,39.44
b1de3f510ebde02d9a7644b5c15b41575d2528f15ea56ac3692ca75047663046,0.15550478792776518,39.43
99ceea09ba527e0817bb2925c1c2bc84a167cfdacc18a9d4311db087d330d1ad,0.15543718964620726,39.43
81fc2ecb4a95504aac0c0c04fd5d7c068ed56e9f343550b41f8242345858428e,0.1554933627866458,39.43
d4c58e3fc26369dcd281e9cb1fa68cf8462bf32741e2819915eb2d145e4f51e1,0.15535513943332385,39.42
d655e6fdaedaffac2023ff6d0737872be7d5344e0d56c8e4571d2510366fb7b7,0.15540336861466797,39.42
d6bf6a4b0ee3c131adf882131ad5fe16f40f506ceddafbd1cdbc67eb74e0c297,0.15537729333899264,39.42
d85caa6a42143d5125cb6a8c254fdb99e84126977d4be6d6010e15ea99b73e00,0.15542470346384016,39.42
75eeb7025715814bd245d1a93b41b5ea1911cb1a95dd221d710aa9a4c6d2b7e6,0.15539967614475933,39.42
d70f676d03643074e7599c8454cb93806abaa1dba606bafbd748772993087e61,0.15540464766113576,39.42
691e8c41c815b3ba06eceb9a0bd9e685640c1ac6a545ec28084e63e945c6191a,0.15533695472402845,39.41
bb3799aaa58f85e5fa9d9b1c2923b23c4117698499989eab509a0abd55a60b18,0.15533862267604345,39.41
12daa3df545cb1a66d40e27f9d9181d0f56ab0ef6ea558093aa4062a7db9c615,0.15529387870900632,39.41
dd3fa4f5be0efd0148a2a8c13e20d3b4752e3ed9319a8032efcafa1d963e8d06,0.15534329460874063,39.41
316da44dc38c31f1a2d83d46cc7daa6c3a24943b96f322cf33ade1cb1fbdb3bc,0.15525657786740013,39.4
5df971cb028e07c2af0b057816fc3a1df495be1c463fc4401f986660279440a1,0.1551925360715493,39.39
6e9992406ac75e640668a7665abef7a060b8c22abf1fd17fef9911dbdc484030,0.1551587998642811,39.39
c84afec24d02ff9a8e29049924c102daba212b6973515716806532d4bd8971d9,0.15507055147471527,39.38
a49f43a1ad20227b01360cdefc5542a02736df66ec88512c8af6df4a00deaff2,0.1551148518937263,39.38
13d5d181a27a7e88c8ab0f116b9b7372d5f8da0bed041022ed2b72395ba72532,0.15511238358970908,39.38
38702ca8229cac52b446eab0397d0fef8387e3ec550fd5da07198f1021add4a5,0.154983033129117,39.37
8b026101b21edd5e8763f6596e8d84f7ed61305f36cb31b09d943539402b592a,0.15502374403616906,39.37
da20b3becefb6f12a6b5d9655eb89ca5d43878396b82b6b41b857fd5f69261c0,0.15494874291958174,39.36
24ebb23b29b08f6a91f08727733dcf9feb283b3910af9d1352f713a47d24bed4,0.15492725248791384,39.36
7d06aba7b16c8d74202dfbec9cd02c856834b60f888dd59b5bb4aa91d0527cad,0.15490612449752314,39.36
92f82a7b3b20fc625f7838d988c5cc5cbe992a91b1a253c512e1eb8f61a961c6,0.15482187097273367,39.35
07f96f9c259472a94d3beace1c31b027e3592b4db559749a00f89bd10f83894e,0.1548637351386972,39.35
46f70f9a018f93b4e1194c87460b888b0733f5468cab68580dc5e689e603853f,0.15485038952870503,39.35
f8315af19b2ca99140dc7530f8ac861423cc8e8ae29caba50ac8d303900ad4a5,0.15484430685945408,39.35
f225149208a17e8118991c747121ac541e7d8f91b037f071ffa45befd4288d76,0.15477513859995046,39.34
36d57da764cd41f731a1c4360d2b7661141e09dd6c9c2e806a05b2c2ea455153,0.15477871848715072,39.34
157d5b41e19922566e5898360eb7aff3ef442715fd11c6ccacfc46006b131803,0.1547837882495142,39.34
02a71455f01128f655bb19191487e240771fd5e13886dc568859f0a49a719d85,0.15474819909732337,39.34
3c1c4b6616a02d1735874c4f272f4313c414197688af45dca2b26c117fb07317,0.15464884965795167,39.33
3f6c13962f6ed12c24edc5706818c912884daeef8ccc8ab4689bf6189dbdc69b,0.15466374969443955,39.33
86a8a493a3aa32c2d62452fe6edc9dcc329a5cec90a181866f31af7831f906e8,0.15459212050109786,39.32
5bc3ea3cbf8c3c257ae62a7a7ce8266b33465b2faf77ac6476cc4dc4db3167e8,0.1545676703269713,39.32
5b527b3ad1c0bde626537c373f5aefd3058d73add70a6ec26cfd6b7aae408a0d,0.15462807723908004,39.32
b958554774559ef078e2747fa72f2a031c04290bbad721af1bdaf30f04031f0d,0.1546332977551183,39.32
0c16d0535b959f3eef9eb26947140281ec2e6da7e513e7b11df2c4f0f80dca77,0.1545235356435217,39.31
65354d0f68d4bd519bada8655e004b7b90584a53c6e36389e86437ec2033e269,0.15452090227616005,39.31
0b1353b89d3ac8abe22d4cd82d759b9ec56afb4c631abed6eca0afd6aed7dec7,0.1545025877615015,39.31
393bb0b3186779dba189a89b6a196cfd0fa4039837b8ede802fdc2d6415ad566,0.15452409380294405,39.31
a5474571e0b55cf35a4fc70e10b45fc52dc94d67d319c3768ed67a51e986e31c,0.15449482886886468,39.31
80d001b0dbd00f593c514679d057733a0f35bef567af4de45fa8ac65efc68da1,0.15447509358837247,39.3
f6c839b57ffff423f0a11e6f50218f874f448e5180e516d6a6aad86435781edb,0.15437111246175161,39.29
1c63118bdc8c6aa51871e3593c4ab3496f490386c4881214d7ad9d5854eee880,0.15437628708573825,39.29
5095aca665812bb0e041161f456350d20af5111fd6f126526938c6d3f7320b3e,0.1544003160727805,39.29
94a38433063e5cdba9dd98ea77270897a38773c1261a40b50eab5e97784ecefd,0.1543439659026267,39.29
dc19fbb02582ff23eae3497c1160de26c72ff6f60def0b02ca0298dde8dc1e51,0.15431344739257122,39.28
6c63e869340532319db4c0a0c8348b99c1a2927042f882ad14b990b2fe151aea,0.15425436257363848,39.28
212bdea513a7f41720f57eb93450f2f0a461c191089bbd20166044a761cbf6db,0.15419081994519052,39.27
5c2acd61fd3a98ab923a9f52ae1c27c642d7ffb9fd8e3501a7533a0483cb6edc,0.15422120549901694,39.27
70a6581f131a18500408b1785c82958ae0327d45da4555c5882e46aab4991c16,0.15413686610339655,39.26
a72aba6dfddf1d0c0e5a4f9f94e8ac0777b2631cb9f9dc2dda86e9199afeadda,0.15410118823796762,39.26
aecb9b83c3de20ea47b03e9671ada6fdc10bd96d045974d7a093c14c0b80d5f2,0.15406511064015527,39.25
ca5a05c73106db86f1e1181a157fdc8a00e885bf4f79d05635ee60ab3dff559b,0.15404613764669797,39.25
1687cdae90d6fcc52a1d86d3b6d9c8a8dfe106ef8245c8af1af956299dc5ee7f,0.1540093183880995,39.24
1f4b204ad2090dd724bc6d63d8c5ab5924535e8ca806ace14b2276a369ef056c,0.15394833681757875,39.24
c74d51460f81464ec3e71f5275cbc1d49f63146eb006acd1ba522a2735c1e7f1,0.15400215155413305,39.24
efe182dc5cd52a661ba8285ea23fca66923ae958af07d9c231bfcf3d638f8743,0.15401675283425023,39.24
53d76dace3044db3311ea5d070e8d12b6da62a2910752bb1715d1a7e55bd29a1,0.15390891833628145,39.23
1c14defd9f6ca2ea7ac6209e13e5a21439e27d58c862087e0300866e4c52a965,0.15381680306754586,39.22
e107a44308556e5cd69e1aff4325247acc7d9c5ac06c95b9b6528991724f5241,0.1538530712800858,39.22
826aa130969e21843fec64b5ff7486e5e108774454617ea4c5b752a8072dedb5,0.15383643699158728,39.22
1d01be898a17486bedd8959902a1d03010a5df5b99f8f022dc3685f074f73ffd,0.15378195554578009,39.22
a4b3c1de9945b9cba2ffb438a7328278d738150e41869db4c03fc14244b704a3,0.1537321576661289,39.21
d49a0f13abb362c29066a0ef292a019b520df39f37a9467c8a20744927df5bd6,0.15374245289850705,39.21
15433137d5c1dd6a9538ef01f4907139489bfa83269da9097ad3a62b9db86f98,0.15372262561743832,39.21
e8c56cfe8dcbe24cb22dff267b267d4764216d3505d99516a9987894fe81879f,0.1537712913508619,39.21
19c2e5b11476233d5d72710ecd76e8c2de5018828c55e23ac24422d96fb4834e,0.15363617782793065,39.2
310affd9d7751fb611892294ee9880b5af3dbd415b2bd87c59386ec0382a375c,0.15370185183717897,39.2
0cdab175f6b8d0bdd7b6f871abf9f8755a0977ac82dc15c29a859cccd1389b01,0.15356643067880363,39.19
00c0d4b4b139a72ef8a68520ad0d02ca17d5e920d0b9323dade32caddb8b7f16,0.15356999656569503,39.19
abbc46a6ee4e465ccf9c876fc85d0db554d1acb12be41bd9e0f2ddf9ade23515,0.15349979939326835,39.18
94f9b9358d7297ca4f24f15fa99cf913cb69d54b1631b534934e7d276f85a1bb,0.15354099478006433,39.18
1fed411b529f07f3049bfc522f301c488523538e45297c1b8b87ae880af11557,0.15353048877944928,39.18
180ea1b280b077989dc3430274788efdfa63a38183e224a027118bce69ea4dd6,0.1534726634607054,39.18
2f3f93ee79b23cdcc8925bf1f26c768185a8514255d06f1ad212ec5d4542b8ce,0.15348833653154098,39.18
7f4e87ca1ff6bd66e13a8d8a46ab95deee5b7e1612f586f196bcb342180d273c,0.15341490924990395,39.17
2aa8843fce1f02c2ab7c65dff5add1296c0267985a9fa3140f072b31038386a8,0.15345047861788247,39.17
5463cf64b3baa88ee152db09e1ebf11dc5d33dc3795ce9a6115e452d8dd392aa,0.15344326092313387,39.17
85f6afe9e720d717d389b0a746ebcfc5987e0c4b04aeaf10384b9d0ddab4ccd3,0.15339852030696294,39.17
0e2f415f5ab0a01edc8057816e1c35b8422ba131d11678723805420e7ac9c22b,0.15339579430551933,39.17
413420fbb3423ffa8a4b2c645705d7c973e25d371e6b34825edfc2d2da5dbd86,0.15338038364158982,39.16
bf897019ccfd460cc44e188f466dbd63787619bb071240ff2d7c2e8f49ec00b0,0.15337624266912847,39.16
c9fc3238ec20489a071dbf731bfb0f7081565fce06f00a3940488e078d7d1aea,0.1533261502913088,39.16
87533077a1ced9005e3543f35541fe5e321f68922d8f7d3e656d1bf57fa11ae0,0.15327145924992802,39.15
f4d41859596c9b41582286f778f49fb469c811d1f8240f88ff36a37243c9dcdb,0.15325337835439412,39.15
2c103a9867f665d78811b86a316d03f58e212547f2f8dec5c0f84e448a83b080,0.15317178895097602,39.14
2f2c56e49e4c30e762ea45f0a68a91187e791318583a32ea968262606901cab3,0.15322862400388113,39.14
4d6de1a3302d5b59434270ca00a57e0de3124903a7b0c07132575e3e19322a50,0.15322424303285773,39.14
39b128b30b6bcbf9785810edb516491ef0c0cf443d9113c415dcf626c85ca5de,0.15316825746906168,39.14
b615f5b246e7cf8e535df43ee5d4053fbdaf0ef352cc5138aac1a8b2d6b6fedb,0.15317382504301563,39.14
cd7a20b0a904cfd5599f4f82e9b2a79b7d478cb81344cc5c95ade9702ce1558c,0.15311329444045008,39.13
d63eb91e63826409194d968b4db3549d81f0bd577947c25abc19b3e7eb2cf92e,0.15314001537987035,39.13
d11136654767332445ddc16e256e81953cade672eb4b43d8c2a56dc54a8a12f3,0.1531392185358231,39.13
97c77dcab177f2b49f532252dd7a5b9d269c31d059c4f1131c0081c0c0b65ad2,0.15306036431132905,39.12
41717d2d2d537fa1100525d9eabf7505c830cee209683d004293847f7762bf79,0.1530190723014269,39.12
5f79955bbd1ca61eac3f41714847f2683e8fd1625cf187601431420f03485f53,0.15295988719968487,39.11
cf7223091d6fff9d90ea3e0872a56455be28931d1f0ce21613a37c9bd5f2b90d,0.15292959944899764,39.11
c987fa518b91acf38f2942fd0bcafcb491f78293cad2483d9d1cfbdd32b849ef,0.15297038223391898,39.11
319943b499b199e25a0523cb43459c7592ec3aec06baae2997b74927cbf27e42,0.1529330384686548,39.11
00a1f0a6a88f317fdfbeffe676938310a11153788c3df39bd37fe9e40410ea48,0.15293355122358235,39.11
63e6dd752091848ab39ca0591f464c49938279a05527b763517f55593acd2352,0.1528933370133885,39.1
e6c9e0c098dae45a4787698ce739043febf0707a74278f0c21cab703c8f4b8af,0.15287228986325915,39.1
ecc9434ad5deede33558d89819a4a34efbb063e445881f5b37d2367207dea785,0.15283704153688515,39.09
11356bc3cf33a9e4f7e555ef702a6fcb28e8354d81611447ea284a56a6854d00,0.15283388544427937,39.09
fee444bae25fb3cf8537f0e9ac1503e34eb3166eaa81ad93c74126e9bbcc53d7,0.15271158898173698,39.08
b06ce19d760b55835ac8ed4229100ccbb12f37630d6dc9321c7e88ac5b0e25a1,0.1527034057148641,39.08
cc04fddee665714df40d59bd5ec43fe26115d9771a73c3f7c9022bdbcea34b62,0.1527050670314518,39.08
1a4b2bf79cfcbc1d2475d7828ed3f96220677b71299669bda51a8ac88400830a,0.1526978117714147,39.08
ab7f5a9e26dc197ba8418a6d18041ee39ea914eed16ddd1bc44b6d14f74dcf85,0.15267020964331451,39.07
246c47cdfca5fa7ba84356596f524a36e0395ee5b8008fa3797c137c79931843,0.1526456733752298,39.07
29d3348da64616ee2f9a1b6adf81a8d9acd44178d9e631fce7575a47e2d7f09b,0.15253583350428074,39.06
446a2bd050b04e2292640e0645d673dd0178a0f3f3047d6fdbe31ddfa968019f,0.15259868975154742,39.06
3eb0ae9b0c86ffbac3114c554403884c85f3a0210256e63213faa93cf12f4bee,0.15256330010742405,39.06
1de65577a55222df445e04f2f242d2bfafa5b3357e55e170af5d14a05f9b4d2f,0.1525102158256805,39.05
88b33d2951989feb526652d895b47eb9058881d6987758f48aadb679c58ccc90,0.15246920380877912,39.05
6614bdaad7a8df20ba1eb016ceeb5f3bd09bd62a4757ad324b56bac615e30460,0.15249072127077404,39.05
872d9aa1871f7e47058af0b6f4952484a5372b0c92f04f9ffa3546a623863011,0.15241739643098115,39.04
af5b68e5d3388164bf83e979f370fb252c6df6d6f6d3a2dd1aac4afdd26e403e,0.15239202991632905,39.04
8673f2b6b6dff0faed58d412547e670d9d15e116bd6787499bf407ca9cb84fdf,0.15243003827127827,39.04
47d1bac9fed573bc6f6d4a3e9467f49066e9187c580db5fe37b233fc74e2c5f9,0.15241476838238696,39.04
fdbff8b84b695e059fe99d6ada8e3193baf6c87156e3cd27716ffce95d07896c,0.15230755542566443,39.03
2eb563dc78355b818b558db6719e58d652b41f93ded1e9936457afa347818679,0.1523002157765191,39.03
4c51c77eb9ad1a8e83d8b61e792641fa4b36ea5356e877ec7fa703e9471eee74,0.15232123583311286,39.03
15404b0975c385eec9b0011b6561fbf26bbf375214d0b3be5418b7c2e5af7094,0.15231710800131773,39.03
9cd185d131e0ca94b936b6204a2707625526b912b2310132fe6593918fed086f,0.15236314470462534,39.03
a286e5ab61655b0506178473ef2fdc76c1faa6fb507f8605fa69e69427302884,0.1523306266732539,39.03
7bf2d744c3e73156c072c67924aea431186e18449e080cf35eab39463307a8c0,0.15232890798829835,39.03
4aa1d0dd819848b4745327f6c096ff6c0ee67260956bda64da29513a6ac7686c,0.15224365277423574,39.02
91941b922d8851560c12d470d53e12c153e6ff8fc5e01c9b0b9d556162f8d2fe,0.15226546930389318,39.02
c61accc1930d95a8063fab7f7e05c2a70ef4e59d5d366cdccc32a9db29a4d0a9,0.15224419409503676,39.02
213bcd6048ccba6bfd6ec4951bdc2cba4a7e7c57830d9f1aa1a4bdebe79a2121,0.15226896214378907,39.02
2c295958a07fab9868a87ba7e593fa16cfb278d22a7c99cd8ba423f430a06b71,0.1522172288516014,39.02
576d9ab574aefc63f0fe86177f48c60160380bf799a0540d8d5b11536acdb302,0.1522135541048204,39.01
32d974dd0cec1a22edac8b7a20e124955375b0744f321a78a98349d88febbcd3,0.1521951537014918,39.01
75d6de21c907a5bc6abeb43901a29d22549c7b6ea3cac18dc09f8a13aa929174,0.15219403220472422,39.01
97a23eb83bd8c54a5e8a372131f2442d5e3151eaeccba51bf06146e13fe679d3,0.15217441983173027,39.01
c3b3c8d9bb07929f50dabd0580063918db18f818964d025658291604bf3e246f,0.15207920905858935,39.0
18e7a3e1a57ab0d26956739769d0d099e5f0b396db13b74403f105980f1b2b9d,0.15208126578918862,39.0
2955a6485d335b412191babf3db14a8bb1d08d7060256ccfdb64a6faab624090,0.15206483826938746,39.0
1204936693dd719260bd2f9b0c0231b5fb452b539b316db0d7d644bd16977347,0.1520304047075149,38.99
0a2ee2969343986ea17c5e67300b5cd268415a139ba3bc857f95ff17b3e8e167,0.1520068132888788,38.99
a803c85708de56b0587082fce159b4b3ab8e2ed8babb8a02cbc715fdd73c1044,0.1520266843880555,38.99
665e25f7241ca89b966b73f8e5f792d332995d77f93bc5aa85a58cef0e41ec84,0.15194294764631142,38.98
647263b23b3d89d0f86c97ae6bd987d368024d1e04b4cedc23204555e00a8948,0.15194734928869763,38.98
979c5e4b2e9bab1b6fe39c9cd9c4ba8d922c3c520eb7875df152a0a459b576e7,0.15196501430086695,38.98
b76117310c095ce35cca89ab0c202fe4b9c591babd6963be4e2f0a35810790cc,0.15189862246468208,38.97
6607095afa977f0872eb434ea41365f7791559857f4e6e6fd2f36e3b35038044,0.1517744245183959,38.96
e199ec9e56a6eee30333c865c247b3fa1845386048dee835eb0a114299ee981a,0.1517973115695856,38.96
8bb14597aad2fb3642bde7fe02eb79add388cb5b9cb57a1cb695ceaefad4caba,0.15169183960167662,38.95
21990915b044a50c6895d00d25fbdf72ead6bf3075bb84bfa6582d5941005543,0.15174244522973296,38.95
de94f4960a41c42aff291563e33af57187298a02baaf47813d5c90ec3d1347d5,0.15172337331828747,38.95
5587c6a35551c88443ffce85dfef394f2d8d2c9e487d6436aea7367877e8a332,0.15169335271550372,38.95
9340ee9595657ae573437f2efb7fd576d896c5e301a1365cc598aba40cbc87b4,0.1517352222690193,38.95
026295ec36c2355eecce750c9dec68283039daae746d614cec86fd8bdd5c7667,0.15173579503271045,38.95
6fc17f3d39dfbe7f29d871d86dae587d85bc3494eb04edc4cda85a388444424a,0.15166788360272496,38.94
f62fa90b1b7f0fefbb609df34f57b61ad76a1f7ccb3710e2c4cf5981d313c2fd,0.15156930045955364,38.93
f674860d7507df40348827be1848185fee27d02ff87567a7c3ce2147cedc35d3,0.15147910316706278,38.92
287a8ac944b2dcb607b4d611af7754047633d63b66227b8f27bcf2b66971a012,0.15149541998653607,38.92
466ab383284285aaf553ca5b8d1b17b407b3af6c48c1623bd52fb8b682463d55,0.15146318043804974,38.92
974ec0da912f81bfd631b05a015ffd2a1cd0b146a93d34eae3b5bf9104f34c68,0.15148411881466506,38.92
a3d6ef8aa772b5a8d88698c8e069e54c8a539086392019d246bf001f31d682e4,0.15143965237313595,38.92
ddf7c84a24384f9ae299f997d2d7783d67066f19b69be21b00edd8253f229242,0.15145006794264065,38.92
74e58c56915c3bb722dc38568139c47bc5b06ae59599d63a43cd6353d09f0653,0.15150726431186412,38.92
d5e9aa85c3bb1decf079a62a1e370175caa00361a13a15aae61eb8bc389b8a7c,0.15150730838995494,38.92
f3f64a17e0659a633733c89a98a7fafa21556da3f418e98b30ea9c3ed55b9c23,0.15145494496309708,38.92
4bda92b1884b85e4b6e52f64754429184170d3a6aae30fb82e3a21a6fa4e69eb,0.15149350179577364,38.92
66a7e53874e9b17d5c650acb5bea3dc7d44a398579be836203c392a035968705,0.15137104648898975,38.91
7f925898182780d0d86069e05ed88ebf2543a3b2500c2940465e089f19044466,0.15136396912927347,38.91
e3a544fd16afa80e6d5519d4a4d7a03b126ece2ea5e9bdb257c671ee56bc3d3b,0.15143106262593597,38.91
98e98df5045aff9e3d40e615f29d27e8667d63c38e371bc293aad9cf02832afa,0.15141102715636653,38.91
48727b9b461fc44d42d1bdb774fe727b0fdc3fab44deab2cdd5e5394806729f6,0.1513832835020878,38.91
8d061e44d2d1d828c205bbf6a69e45135f4bf2c6c7af23db96dfcfce4c73572a,0.1513387012453885,38.9
7e3587aa7adaffd3ed171fad3f0187693b113d46f911bd7a1dd8192a875d1ec1,0.15133358170581565,38.9
a7ab76abe2a1a06ffe06f5170f338742e54eff3acd8bfa02fbfd7b63aa5311f6,0.15134211880160614,38.9
d9f70963edcf3dbdc0f4c3ca66ad70591e78be5c03d3c56b880da83917b7574c,0.1512504001995757,38.89
aa74da58cb71f12b73864ae933f6135e6744bc132dbac8aedbafcfe516821861,0.15124420395702173,38.89
93e095d4560dad075034d7ad21946d5a6e438d996ce2f44093ee2f0fa58e0603,0.1512285551756448,38.89
c51e32526068f0dd6f8185fdc9d45a9e77f9c618bb43c71c783ad1860cf86a7a,0.15122040184725064,38.89
4dbfd5e1ea702477cae485028e747294f9c8f75f0170a6b72f222fca20d9810b,0.1511362185745107,38.88
a7c65be53c451ee244b3db66513ce0ebaf63872a23a161757863b0ca77840d80,0.15113493521293994,38.88
4f5651627ce277fd14689a2c4e1b4b433f64dc69afe351234c3874cdcee4e9dd,0.1512028411207688,38.88
bfa155b7792b013f8162f88d435fe0eaaa66f63d2c319af0b6d57d71ff035444,0.15106298726867448,38.87
006357365fc437bf652e51dd81bf308a34ff53d6efc712bd71dfa176e503960f,0.15107549393603179,38.87
0aef3f679546cefc2ba01e3bc80c64e2b44adfaa11294e03f5e82b5a3cd714fb,0.1510579018488314,38.87
e3f70f0a5f9fbbe1f5e325668ec882cb55286cf6adb4f38ddb9fc05438b0ddd9,0.15097471089246406,38.86
c069e32aea0a354bfec10c70bc39ca11890732f62b94240ed869f0a22dbef8dd,0.15099591313144084,38.86
e5f9c359d81c6bd4365eaa8621b6e0b305700f2abaab8e129a1c1b67fdafca01,0.15101537580118657,38.86
ad9e14e341551f015c5ef08dd1106697c2e21adcc19aaac6c302e6516929a8b1,0.1509261348377423,38.85
ea6a63e96e9a8d0f30840c7ed3271095a4210ceab27a1eb0989938b5d3f95322,0.15091814908974194,38.85
5bc94c439eea513d89a0527dbfd8d82bce981fa88231663f745da26475f8db1c,0.15096895987290265,38.85
2300be6763b6f25d29ace6fa63c0ac54dc915c8f4a975f64471963ec061523c2,0.15085261641180622,38.84
6acfacb3ff0e84dd1695bae2c87f66f0751af4120114488969a7618878d39da0,0.1508447406187612,38.84
683b91d01482fac8547a0ffa0980398762b1c3150e8f68b022423626be7cbb95,0.15081833671527392,38.84
ed6ce2395437ec16cd8dd4c860ef08e9c511a35e72498fbfd9ad4749040c4b7b,0.15087107947857817,38.84
dc85af885c4b7d6c2a50a8d87de9a6d36f83115734198ca6e77128419fc8a88a,0.15087693067157049,38.84
a131e4f06f69a6ef31879f1bd675904e775a99440f1b3290235aec4074522eb8,0.15084970647794185,38.84
b0f4be80773658004646d61ae71ffb5f7ec52cfc35e60ca2d919b18efc99c452,0.15073348386284596,38.82
ac1f2b220b282e9308f5be1c82633118a6bb3f6c14652720e71af9e639d040e0,0.1507066338825021,38.82
b29165c4b4c39a460e1b37e55b4ab758a319c6144733a34893de614d424b705b,0.15072185449648715,38.82
cd31259f3e3c21327758d9f4f6834ab73ee9439eb062156ab34fbf35043a1ed7,0.15072746164304388,38.82
f77246756a3769f3ae0bc709508376b4e3ae8a07755d90673eae56b74d8299a2,0.15070386620465256,38.82
159f7e13b5d93007d6ecebd89a2374ef8aebdabe1fda8fcdb554002eb6f668bd,0.1505948696240852,38.81
b2a7e1a036dc6f054e9ed556e86921b829dc8c1d6ec6e0923c1f0573516f93e3,0.15063589015865367,38.81
657404fffe636dbe5c8ba2439af1455cdf20746799a774ddefbbe6a89ebc33bd,0.15057767013847534,38.8
4f3b5e33aebc8935a43fe234ea85512f7be48ad9b0092b123e8eac3ef849ec2c,0.15053799733006887,38.8
e50b889553c1050e94767b1a1ae27708dd52b132f916a3a44f09f89eb1291cac,0.1505696505164048,38.8
779ad4590f7fc47126440b3be68d228fa2ab13b4f6bf39056f64bfbaf5a0c36c,0.15053188147548302,38.8
3ec4c82920e1d1381fed7ad1528fe2396f6ed07ac2a69d499361fb7631187099,0.15047463333778224,38.79
6c966fac049390351e1b7b05d574ddc4d8dc846bb261d5a9d64864e3c53d39ba,0.15043665344699836,38.79
3749593b0c9e13a622e8a93271c2bb8a95ee7b59a804bc5c5243eac37a8d35cf,0.15047038021371878,38.79
119f793daf05f8ff1dd08cd4c5275c4c36a31b8c2218d3939f437b65b194de5b,0.15050324305905657,38.79
118e8e52a2ddf2c7b23ee2884ddb177e5d125a25d7a813526c440a4efed13abe,0.1504577584840948,38.79
6378582f7360d1d0f9e6f115198dede91c3d6775e80c47886f5df9e32186d00e,0.1503561349825642,38.78
162acb45a7e526cd9bfa3353a7a323eacbdd92576aca4dafe7baed9d99fe71a6,0.15036847271072004,38.78
5c55d66f5868d7c1a8ed32da02e59730180e2e340a466bc8e8569763086cad8d,0.15040296528939923,38.78
9e393756c9d6d6b72b12fdba9efb5beafc1661eacc2ecc03582674b2f745ac01,0.15037485887996746,38.78
a4318291ee2f29b11e8cca741ad05509e55bad44fb8bfd77178dc5d0dfc677da,0.15037443723917768,38.78
7369b0e4aa6ad924844b249ece5e8b9b3a45dd707e344d2675a9552371a792e3,0.15039771354241907,38.78
363916e1ab80483f1e92324022fd4b1d19ffd6dd751b8700af879c9278dab530,0.15040248829528483,38.78
4688b1a9b6df8adff1fce4695a53bda99ca1e2794fe5b05661a22bff5d61f3e1,0.150376755615938,38.78
2d3c0ac090c2c166a993db6f81de13fb5e0e10ca7c96d1f3b2e1569ba50ef028,0.15029475347515373,38.77
46a258fe0e212b54c03d5d89746d25455fc8df13e994e5313830a34e9438c12e,0.15024866645469592,38.76
c1f1cf726a714e8cb59f68bd996323675f2baca8c7c1658043717392e1c8b1fb,0.15020557656093472,38.76
1ae321a9eda49071ac577af449ae044947d47b795481affe9569c908f1cb4dd8,0.15026059546564685,38.76
13ada15e76a21ff93eb94bf2e4affc21fc74061511b058c81622d3cb4cb46c7b,0.1502215724376474,38.76
12b3619b143e2769b910cd5f51bc8c336ddc881e3c56f2fd85735be636894670,0.15021406746222682,38.76
057fbf6aedc7bac5b1e131291bee6555ae5ebe8167d3c714a4abb9a29130010a,0.15013296727234912,38.75
69c1887285b554f6748b8f5cd1b5555d2cc04c8833a39e4d12c3965e38af5a3a,0.15016777284624244,38.75
e8e9b108d30f2d1ffc273e87a7492c100d604072b91042effc4902ee96fe0c0e,0.1501448244115092,38.75
00f67a80ee3501fc344ab87d6b47de45f45080057e11165a551c47b03a7a492a,0.1501821281834584,38.75
675b14581b4dcc879a2216dfc074a2f7286014e1c34c6fa83d7a746566d639db,0.15005535840457296,38.74
f15a599cc29efc45f8bd07a4264a04a052f705c520ea3d26f3f842a8a6864a3a,0.15009500393379663,38.74
4f9c93b7007f6f23372fbb50aa6c8b681be3a3fdc31d6c5c21ee40049ee71fbf,0.15010801376550428,38.74
95724daeecd665c284237951cc6eba16b554e611af797093dd18ff2710488ecc,0.1500963996129533,38.74
36191dc1798ee5a8733c54753718432e6ed4d9e459aa006870946dc994713757,0.14998447601505327,38.73
c92345f02036993bd5a6ac3399b42fe3e4e9f89a5fd0fd7dc1d2bace38b5a236,0.15003471566732832,38.73
1c650e00bf9a128e23855ec36403701432070bd51ad6de1d3d9e365ad599beaa,0.14999690911368194,38.73
4f4e2b62b103e87d6abdbd4341738b49bc9a133eb74890735937275a0e789ac5,0.14989224295733414,38.72
afabc7d9807eefc58d557e4da1918aa2f7588f266081162055aa641ea196fa47,0.14982011884983024,38.71
02155b9b181ea828bbc4a2c583b835d06ef6a374fa9650fa5da446235b2afda7,0.14984342982380439,38.71
64c9c449996cffa1bcc15189ac60d79a8b8cbf9fb0d648320335858b2511fe2e,0.14986523665463758,38.71
ebd07d4881ea8043c70cbdfde2f570e5e8b7034f06779a28e7c9e7ff85a15c37,0.14972915300108916,38.69
bc9411e03ff5c912b3459bc09670ceb822034cf5d7f8b4dcd352731162f5d4e1,0.14967035955304867,38.69
0ae93a7db9793ffcbb5a7fa5603838ea0755dae1f8a28b6793796658f63b2a43,0.1497297556641446,38.69
783b38c339e1cf722b51e6636c0ab809a8de15d8e383538affbdb386f8df8954,0.1496924445284321,38.69
f38ba4a6fb1418cba6521e87475f4d1333777156c773fbcc62efe6e4afef777d,0.14962156613612618,38.68
dcbf8d83437bfcb4b137b386e94353fa3a375ccfa4f925dcca8379d1ab685957,0.14965259801925637,38.68
b5224e50fb4a621e79fd9fe52127b8608b40059373bb79b011c32a20f60b2852,0.14956107875410246,38.67
4f4634923c41f07c8530d14544a3eb531fc8b02fb9ca496e91b5cab80ec0aa6e,0.14954957348524212,38.67
8ead8b70f88ab747ad486f21797796d284d83de5e94146f7f33de0fd6fbede40,0.14950067275575932,38.67
5dc561509a5afdb9dc02f7a808971f147220cc16330487e908fa5ab2b0336dd3,0.14944478564319688,38.66
d4a70d44f1d03701b5c6c4a0187e910d321a48c109d0674fd86070a8df566586,0.149408541065999,38.65
686debb82948d23c6b0d5381b399cd0c5db568a7f56371574704d16a5401be19,0.1493461243846009,38.65
e3550cf86f8adfe3c4ae5376e84a25e8d5126badcec8e35687d9e05794c0bcc0,0.14926690055044903,38.64
f3214ba3148cdb83c994dd69c6722f4639067dc9b5470d2c6673b23852b45d4c,0.14932225064859433,38.64
a6a63d46aed132dcb4fdcea8cd70728e82fcab35122ce36870571f31ad08c30e,0.14925083947125634,38.63
f86b61802866747a206963fe118f1ec84664e2eeb984122aaaaa7f815673af1b,0.14922695570601327,38.63
978905e6e4ac242aa5c681fb2fccbb190ea4b6441cd94885761e3b80fd9f0c9d,0.1491894550792461,38.63
d94ee631253134f2e5e302478d9ee2ed2a3aad03f4e5ca99f24f2540907afcf9,0.14918995933659618,38.63
aedbc951627c1dbc7da550150bec348f03a52981e6a707b7f2f6d899db537786,0.14914575143547523,38.62
a0713bb7bbdff6fbf497d025fd4b027535d4ef9839f153ae004be8f30bdfc7b8,0.1491831786114142,38.62
fd43cb5379e2ac7f91e8757d42b5d1903b5f9579011d0cfe68d5af499488acc4,0.14914464672269248,38.62
c2f20a9212820fc9011b4afa6a0f77bae2251ef3cc7c6e0ce8d7794571b7610f,0.1491346108365711,38.62
463552e9eda268529ffe3edd38c30ce27e59f13185fb328e9bec12e18de0a1d8,0.14913636318156734,38.62
6eec008d67ad8f43746a29ec0eaba666423617ac2e1f063c3c300e605c5eb7db,0.14907137010517169,38.61
d00956e9372084f93aa6fa782d899554a8f338e14279beb38fb5ec97c5834feb,0.14902943693422613,38.6
8ef00f43cddf212715d06279a5951bf82c0ecba1a4d2f667c54d0669475e8844,0.14902968529695815,38.6
42a9aab58ae035e7bf60391f5b46d1c4506853914758b0b172c1a490ddbbd3d1,0.1490029702884973,38.6
e28ba8a58f04a6c36e60a6f91978a22438301c9b96e5007a1acc363b45ef0779,0.1489947419871008,38.6
b83cb9fdfca97ce8c2358b47c3a1aafa591ac9f3e6adecbab99e5d8c73fcd393,0.14896428309015464,38.6
8978eb98177ec826c6d1f316b89de412a94d46bf084ee6275f9764e25ced858d,0.1489579540193132,38.6
b4cd92c33e174a3777bdbb37592f05a7e9b6bbc6aae1026f9f3fbababf7a2f73,0.14897208760261293,38.6
6de57a71052e0c701062d226ef60ae515a67c5266694622eda7cf00949d031e2,0.1490076825867144,38.6
ca65f0f14f44032f8284945d52115ffe0ea2c20c7348397fa430a447884239b8,0.14894875321228868,38.59
147f2f529aacfef5d18cfa0330538c03e6bb19a29ba92e5aa8dab9a9258f72af,0.14895221010047544,38.59
7c08e0919be116dce39fc2ce92c8c2dfffb3fabb26c657c65a87612472fcbd70,0.14894067955648935,38.59
452eb2ab2983bd771bd936b67707bff0d5abf8fbf491148090d1f02c5a307183,0.14885488950106937,38.58
ce38b19fd1a2c263f8782f902ee34857f4e7d297508419688068bb398b995ead,0.1488250346788891,38.58
99a43dabfab4cb97972c28f316d71aae5031b981b76e88a1e117743a94139fe4,0.14876029364474763,38.57
969c6f436bc864233c06c5cec7dbe02941e3524c02a37455467d6a6bad043ba3,0.14873442575372303,38.57
093ba0e501c837ab10ae48e876de2854fe8e2cb006d0c0057893313ceaff3cd4,0.14873862951603697,38.57
71aff1f22f88a67c992571d63c2b4f1f0a6dabfa75ad5c07d5ef7199e554d2cc,0.14876493899131182,38.57
3f12ed6f824fc3458f48e45b5a6fb03a6d746adc828b10ae9134e8ec6a4c8960,0.14869989709338025,38.56
a612e9b66c682e235fcd55e600c9e16a89d2064668ee22cd5965f9d74edd0a87,0.14868868024361054,38.56
8a1d74b3374978d0380d638dd15a5025166b5870a6fe44751fea092fcfd11158,0.14866423733705333,38.56
f5c396564fb4544a1a883bbbb18dbd101c47b532802758126b3cdf9c27711464,0.14858478395641542,38.55
e5a9550730d13a1ff3165efbb4a5a6411e521bcd4b20f5844459539c04670aea,0.14863481266443443,38.55
135e24110dcc932ee7d23748626cb28e26d47e4b82faa74472c8a1e5dd30461e,0.14861366494155262,38.55
41ec74c70c8035de3fd27c17a7a37cf4cd3a67e2f3284831ecd8009c8e195030,0.14863177374816694,38.55
436dfce6dfa1c425b68b819623a6c16ab8b4a6f2d0f42dc89004a477134a28b5,0.1485623365645744,38.54
efe8b9f910fc9f4024008dd7ad40e8fb947797d7e5a6736527cc0aac25aa32c6,0.1485444555539366,38.54
dc530b6de31fbccbee4d2cd151d65f0bc7b7fd7dbf2032c58d47ff692e3d3ee5,0.14852525240475936,38.54
436f1b8e9529124a710d364a308ef483664a2a93c7b72d92b39f33aae0b4cd52,0.14856391076371878,38.54
a5c863cdf73700debfdbff68dc7a9b337e8c811724a67764b7aff6c85fe98bde,0.1484842631335458,38.53
4f34f29276a6d8d498389f4603f001cf85b7ec0fca1978613d8c7b66dcb49d64,0.14843436086301598,38.53
2ee619153a0a0b8d33d5e87a77bcdae15ee89c68a00a9f803f31350fff543df6,0.14820910173113805,38.5
d62a5b6fd1497caa9f887c95f681b6115ca3383e4bdbcd6c3617c11930e2bee7,0.1482352226505778,38.5
3efc9f58a3825ce1e3c3f7a9c9246f0afbeb97f1f338dc81532a5dcfa3f43328,0.14821357067475913,38.5
6a7877af1f9569b90270c82adee1294580578d2ea1ba1e044f04f340a2891845,0.14821091525342855,38.5
b9ab186ac5df53aa39b533925a27cc5d3c65f08fddc89f2401ed074c637194aa,0.14821191424277402,38.5
58dbd21c47ffd5b4bbc2d445b5247bc28b5011399dcf27b61c7992f6ec6f07e1,0.14820513492286508,38.5
364f9f78bdc0f05ebd02ac6dbf2da0e87900970cc0fbcc11555c2f90026a173a,0.148165670003829,38.49
75b6de7439cca21cad985791bf8201986e86110dd5fd0f53f6ac0c8df541b5cf,0.14810434238622908,38.48
aa3b5b6f263d65631e17d7aaf21b99b601ba941a571358fc12d997e3b4934874,0.1481070620325019,38.48
11bebcd2c94a6fcf27a9add37d19f22155ea94f28692678d82bf1b46f5c5712b,0.14798542010491478,38.47
8a590063b2456acee057cf7d4722a9691b4496305774e7a564cc96f2859e7916,0.14800837208230777,38.47
80f3abc7208ade8cd2b76242031a87eb8108d16d9a3e6dffb2979f89995e5eb2,0.1480145500799113,38.47
8b31e9a6d4827bb3304afebf1476e6b8224fd86107f45ab9cea4f62864ca50ba,0.14793644032290204,38.46
dc8640db07a1e87444ff5b1f520ee6a04607a420129e59c9955989f6c42ef8c5,0.14792688159275383,38.46
c697667f84429e5d9b06808849077657bb6510ec4c3590ff5c856993041be632,0.14794900075947606,38.46
25cad6a7ab9c4eb5c948170bda48acd7fc3c58c38dfa293bb0e637210c0c10cb,0.14794555664885076,38.46
e9f0e8ef5b2bcaa6c623c50eb20bd6a2c051d4deee17398be24e2b040a51cd3b,0.14789776587497924,38.46
160db88da154ae7965136f61267b794ac29f0ecf21950284044abdb0f1879ee1,0.14791263043703035,38.46
5f6bf1c1016c97db48c4a16595a3d49ba368f9b6568f21c98c3c54970ff84b9f,0.14794121211933234,38.46
aab1ed37b84fb0361a3d65697f6c597e5124db1f77a8e63ca21f92c697d84726,0.14783238246626124,38.45
07845d5b2c7218f817ed4d6665d83921c8a285375c8ab092d72f3fc7ec8bf3e9,0.1477552738705802,38.44
40687bf8a5cb8b7a02548b719e6e4f84ccbc71155844ae20f9a7ec10934d96ca,0.14772930016865435,38.44
2f729d2afe31c67693ac26bf53521921cc0ad84b3d60c26ae6b50e999f1bf6fd,0.1477302314784248,38.44
2faac4448fc8e8b97cce06104bc77b512263fd568193b1606831f5ea83734f4c,0.1477284958533015,38.44
1cbe919990bc74a4caf37e74b5d6ac5cc18c5e423ac8a91c0826a4fa5c1c7d22,0.14777192720003277,38.44
c123b230b889c6fd43f4513ed0ea32e3def4e19a314b8cfb160da152c1a9491d,0.14767546826915448,38.43
3dd2fe66bd7256810543f8e39a343be0adaab64768f0529066fda9a29ca1776c,0.14767124182858482,38.43
84b62434350968ffd5bcfe611387440f377189e27c17124067c86e56cf197974,0.14764287438333837,38.42
e731d791ae5e5134a82d4faab1b484b58e40c42b116c4dc35d016912599a1bb8,0.14750731920049648,38.41
faa68a3937e04a38481cda5a55750ddb27c313faab41a148f9e013ddcedc0f88,0.1475687365341575,38.41
67e50f1448ab369640d44eb41d3540644af180ad9cedcb19ea34326587aa4712,0.14742950460315943,38.4
f5b6b4321f65ddc4b56cdb3f60d7264b886d7c7c50c024b20d76ffd6010a5ee3,0.14743384263945875,38.4
5b9a4b3b88013f9dad8b2b2d492ab8842d1feb0edab2af349b387dbfe6f5674d,0.14740438503302464,38.39
d0c48672fcb8d5ca70a472e27ce5d0a9591bd904c750264f4fe7311265e3bca3,0.14740673337169033,38.39
d96dc32d88476e1262096be2bc2437f298eb8256d21c9b13091b0420826c125e,0.1472515376620348,38.37
f6856059c9b9ffb2f9f523909ac0266ef8f6496f0e403c5c46681808d2b032a5,0.1472221153055202,38.37
d605de315f1fcd9f4adea988c4bfa51acc5dbb9966b37ed91f52b6bae93762b6,0.1472083560277623,38.37
89ff58d0eedaab5a492c870c942680dc3dc23196aa7e75881cb66984888d913f,0.14722075045911295,38.37
fba4a1cd2f134f8180fad7da71733249fa5b8cc3cb91b4893f28ecc48ded6cd6,0.14725745853657402,38.37
bf6fcae137a036809a1db0d6e6c959e306b76038925883fcd25c39d5832440d4,0.14723360161712087,38.37
6051972b0a74c730248241b0c6b352b62c71c1fa5feea24b48cdfde449e3c31d,0.14712427678189585,38.36
a9f4b9bb5b70dc418d49503f895432ad140840fbc47f8023ffa79406c9b00988,0.14714539716425767,38.36
76d21355b5cd817bad87ee23a33dab71f0bb3c9c6b8d1ec852b2e81ff7e39334,0.1471440585011742,38.36
e74964f8bdd3a3b93849e89786b41be3419df7aad3bf5f22e616b2365338df8c,0.14705859725428985,38.35
dfefe74a7e81452c091089a7507f51c5a563974de3b2252347d541340ba14c1c,0.14706670127836155,38.35
f0b4c23c043b070153f00ba1e1cd57eadd3a280252742e6b36421d09d0045cbf,0.14703244169940685,38.34
9b9e0cd4a6f16b7646d8ad90b9234723f308984e23d8a9a04bbe42afb3f66e04,0.1469982247513872,38.34
306d7893504c3364dcb3b363736f20dd95bb2d1c25c8066e70798f353337fd97,0.14703221120673257,38.34
60f2cb14603818aa20c1ef1c02811aab05a32b8d09875226486247104a314343,0.1469478198553989,38.33
ca1f95a30c0d6a4baa8081c64f40c4889f41a76ffdaada4a1c0da1c8009c4f3a,0.14694199730166665,38.33
fa75cf7cf57aaadf3cc8eb446f47d0833e66f1f645dbb548661771b4a40d2f8c,0.14692607642235067,38.33
d54993da95928f9699d46d3d52a3050741d27beea8b3c4e419e66d4f545efc15,0.14681581300573288,38.32
d1980741e9ec69ba7b380071423b5802338235c9fea595ff0fbe08d174b45d0e,0.14683777736486975,38.32
e85a8ba058ac81dd650ab3b340caecd218b423f931e5e790b45cbf80eff6ccd2,0.1468792461164471,38.32
af61a1b3b2a16afe7c32eb28c7c395b8e6cfca3a269cfd0884681900714a5596,0.14674091063579922,38.31
a0a20ba0693837ff5e8894562707cd9c2d8447f165dc1270f5170555e909627e,0.14676891052001248,38.31
7299841e530e307b78f2d1767793d865708ebec8e57216111554993c284c4c9c,0.14663379609797322,38.29
ca2abd568a14350a24457bd84f233e67db2ca27e7902ee005d31c68c900e28ed,0.14664264240926078,38.29
bf663dd3d9c3e3e154191a0367c1237cb99983e6ff96b89271f7a8c6f5970d44,0.14661935590966726,38.29
1b63ea5e3d556bbda487d18b14657c2cef0ef17e1fe4709d0394002c454596d7,0.14655405684979475,38.28
f43e76987a746e8ae94c5b46e121b26628f86ce20fd905c51661223ac744844a,0.14649969360945234,38.28
bb5bf6a60ad71aac8cf57b345870c94117b455bfbba75c19a6975b69b27dfa35,0.14647090338042262,38.27
99cc303f2ad8a30d0c08383cbe736a048aeb598a9fe8c736b1a4d30341004418,0.14648561972936291,38.27
2672667b0da7f85f1c4edf6ff0da973ce4d7380562ff31ad7ffde85d5655b2bb,0.14644288822894402,38.27
73a7c98f3d395c05fe0d9f57cfa13aa28fbc568eddbd0486733095e5debdd9aa,0.14637564507558473,38.26
deaede8c351d73f268859d5a02e1f28603c5be6381a200df24e6e02f08011166,0.14641909903924988,38.26
d98331f54cadeeb475a80489f7e0fe1be55adc01c6518edf9e6e1a5c3d9b0600,0.1463468318404068,38.26
74e477965cc2fb1f31e1b61ab6684dd577b3dc0fd60fefe5e8249fbb986f4ced,0.1463972933493306,38.26
5e0075d1c987eb5c4bf07c1efdc027d665b65ca34dda7cb2431b509f2197d74a,0.1463758148289289,38.26
bf542cb0b00658898c0515da6c85c253fd0588eb7d7f171e83ef353cd9d60559,0.14633621490671814,38.25
72c0208a69e92b40ce2f61372ac624b677739a470463e7a74d58ec41f9ef6dcf,0.14629323675010542,38.25
697e73fde03f373e91ca6b32f114057a5d17199c99d0e1ae44bc060826dd62dd,0.14628855383388428,38.25
1c375c26fd53925b1ee2e13f63c2b388126e705491773f209effd4cd2c9d4b97,0.14619532714041364,38.24
d73bb9f01555b16a9a852ee646fa0c972fdf888f7bdf696b38d180575da49338,0.1461930284615254,38.24
43763273c0d7995b8cb75574007b9056a7b5feff8993999d1f272558309f3898,0.14624541281031564,38.24
6c22765388bae920d8f0f9d9b19ffe35d5f90e6016b1c19a24ed86acc20aab7d,0.14613765281756344,38.23
c2d63a441726fb1dd30faed15324187d5dfa3663236a2f5d38ea227c69216b24,0.1461419130685828,38.23
9610e78cda095c6bca4c95b7064152bc215a622d96dd85bc59bcab4394364b5e,0.14604408357587734,38.22
51674e18902d8aaa220ab62172835aba371b75c43336bc94c7b43b6b6eb5e3b6,0.14601497763342902,38.21
e71386211dff34a8716d1aa733640ed15d2841a85cecd3c449da8809f34c9917,0.14599534621237661,38.21
a86deb25de8593fa6410d80a7f723dffd612e184f273cb1edfa6c522f7b365b1,0.14590120039428453,38.2
1054def904b69d2a254ec0f90d521e1d5f4e7c564088038d0be1cc1b5db01532,0.14592628912032823,38.2
5e9e6b0841a9bee5e57b32d3cfe0179c2b769ca69fc03a4937b31c43f81e710c,0.14593193591213224,38.2
483eb1465def17ce6fe17ee761268ee1c57a1017a0776462ac7690d72a15e9e1,0.14585877954759732,38.19
b1ce2be7ec78368c82ff2e7e75e4f2c1c31e733d9345f347eefb46e84d997034,0.14574003759595178,38.18
71995a4621dbafbff1d3cbeb49cc5821eb91d866daa768866cdf0e17de1d0db7,0.14573889389537303,38.18
16e0e47d1b541bff865ddd6ef70773fa144e1fbae1e78b19592f6cb96502efe3,0.14567212148942832,38.17
dc539a459067e1236bc4053b8ca1542f1147975260f105379e94546ae44f61d3,0.14568020974282958,38.17
d689c7a538306a27e0905bb25097a58b14139eaf0a6f4bbd0f383b0ad25e54cf,0.14561800216957901,38.16
ad6b5e72fb9392722013c9c735732c9dbd6f01cc8992895ecf3237aab3358dd3,0.14562645033043503,38.16
26da4be049bd4ecf71b2da503dbb7aeb4b3f8505378ae9de0d7c381d456033f3,0.14564831468912695,38.16
7b13950b452de7fc6c4633ba6f38776f50800b96b048598039f1cf3d9dba6da4,0.14555387650982,38.15
1811f66844f17c15c9afb04ea24bef3499d528e09cbb19e7098244eca42aa148,0.14552953794152365,38.15
c6299efb3c7ff1aedfa634006526a29141c55c5bdc9b06db6af6b1a764144456,0.14551908875441058,38.15
c229f00004c85a17e7477d19c62092921a23b9c1f39789fe9fc83d346a9de2c0,0.14557138595053323,38.15
2ec882279305545939bb11d747f23723b1406cf842a61f0b0ccf05e643d0e605,0.14543864984337554,38.14
bd9150b8540af0870edb7a9f9535cb6e2b68ac67be0bbb516721ec327899b186,0.14543381946039802,38.14
8b33a68af41e5b562b75ca8b3668e77b31d99ef396fa8f0d09cabd9d36792d72,0.14549181671435196,38.14
d92389f6ffceca8f4163ee394bbb38d07e4e0851c8b6e64bb86e10ebfa3094f0,0.14543021082269825,38.14
d49a860d55fd70a758fcc1aae18f399930d78892dcc40d0a5f8facdc3c4f1b63,0.14542684213231025,38.13
234be81c4d0dbf22a17146a69bfc01366765ce871f8f520fc64b4a8321148723,0.14534047192023858,38.12
c812cd1e20a1dc6b673b7d8daa81ed9c9ebde426a943cf896f863412c0591b6f,0.14531723320178253,38.12
dd0c1335b750d9711a03111a1fb26e4a2a64dae5828733e5ed1fa5a2e83a7a96,0.1452832525635145,38.12
e02fb75843256bc754dfeb9aee2a9ea12c03927834a6f296fb2682208b0ac622,0.14521301145820253,38.11
17f4896adb354cdb16010fb9bd30e2697e602c44ff2694df327ca7a306227eab,0.14524053025653674,38.11
1a9654c6c257936ea5e7cfc9e36e874544775881880c41fa7475b470bb7f54b9,0.14518334990312018,38.1
547e07b0d449238fee222eaf59fe16f0448424352618ee1fd7b19675ed9ded9c,0.14519413685709764,38.1
c6e05e7bfa1696a028d8dab9d5727d26dfc2ebd0e94b3159853ada62beffd351,0.14516362621191603,38.1
8b732a5700afc45e0fe16d94e954abce325c4dbe801c94b2140a337cfbc886a6,0.14513752225832582,38.1
740bee82e3ea0eb2d86fdd830e56d844d1070165cd5aee22b5911f4073142ae8,0.1451302133614397,38.1
e5b8a9d32a491852ae3ae2cd28c62063d1a3bc13a8d0eafe7dcad9d32a4ca1da,0.1451218889919649,38.09
1190adbf33d0ddc33e8441c664004bbfc3fbd5276442763119ce6c8f3e014ea8,0.14504414035959637,38.08
40977e0f0ec42d91b739a15cde6b157cdc5fe8c19a2dd3e324e7a0102d881f67,0.14502333494717265,38.08
7cccdd42bd5fc1676ff372504be2231480aeb6045a38261eab501f24665f51c3,0.14499459186305186,38.08
cca03bf60582605544c03052c19b5d3dd6dcb2a838826be3ebf275b22ab97569,0.14493918485273968,38.07
b780b474f873889c6715485e83b238ccc376d1d23941d94a10aacc155b8690ab,0.14493494020016215,38.07
1a194492b780cabcb013b0d690372dacf4810a223ac8f2ea67b7dc4ad9342b9c,0.14494367204665934,38.07
c07352148d1b86abc3d4919a10dcf49408eac49cce8de1533ffe9977c4e0ad4c,0.14493633083517804,38.07
ed9bc7d6c79b2b71a778047a6061e60d0996ba939066cc8a92473138562f2781,0.14496428652776608,38.07
3bfd3c9b7f01b0a48211927c8b87f7d2321ba6c483978c509f3620b90ac58ae2,0.14478286656085154,38.05
706c23f7c58985e381b02a86d13ebeacea8c6495bb08ff7264709538c0a08ddd,0.14473061243155574,38.04
d6bd39c601f3296549717e4a16f6f2f2da225c595cf230a9021e0658b5b1822b,0.14470736242790339,38.04
664f86ad52c861bf112f4033b009447ccf737e0417220ff6ef66cfd0c13e1922,0.1447137418326474,38.04
e64f4435ae52db810061570c8225fbe32eb18532998a4b5f0ee61a378aba386d,0.14472013836473271,38.04
fa03dc82bcb51c4acb8eefbbc5a611836e8f183138c34b28e389be86ca695c1b,0.14469197445887225,38.04
b224bf29ed33e5933bd059cb73802c58e8a2675c1f28b9f5e3962ebe9c595531,0.14460685815465654,38.03
1a37373e993538d52a2d9a11fb3e95583c2d6fd9eff23a49c79eb096ed96c9fd,0.14454000556530258,38.02
c745aca22b77cfa2eb18d471844effa46f460b3c7e51c743446a155c59bc2c3e,0.1445287746837943,38.02
88d4514db67ba2ef75a2413c1dd3d943634df68b2fe9e0ab4f18c8e1ddeafd8b,0.14456726471577647,38.02
68149fb08f6286d9f46170c8c9a80aa78c715478c86ae493ee9315d820919bf4,0.14447412723291767,38.01
d0bceea55cf4d6cfb16a548f599b9ff589023a01c736d5156bbe170efd2c2da4,0.1445045376552123,38.01
125fa8d8ece69213191271ebcfddc505906a0ba307269f0f0b1a27bd6ab091a5,0.14445816599917702,38.01
88e04000794cf9685186973e3d6848612168abee06afc39bb286265317a1f6ff,0.14446024214147155,38.01
a47258ef841eb9b0db9c8fe89d773e52592dc192d33479036a7477153be462c6,0.1443893499895551,38.0
a9efb8411cd4018f75a12512c6e5fc7ec6c49fe965a57237ef1fd531240c8b81,0.14442594979861842,38.0
fde7c129b850134a67480d798bca635b3678ab6829a50da7e816f2d308aea86d,0.14440770557546917,38.0
8d2f3a4f82ea646f7d578b9d8962f3f77142de8481e9e686dc521e4b73c2e422,0.14430298334747596,37.99
6366087dc79dc43d3490ad7b651ea9eebd3e6110187712c88037cd4c8b0a9019,0.14435087038126815,37.99
91445124aecee4dcbada4d6c924989193109319963e46af297f49a763cb4ef46,0.1443330703871829,37.99
54838a71147cedbf46724709eb0bf941b554284e0db04e911739823823a96a14,0.14435878023229137,37.99
30f00fc8539c971767e1ae30588706b05168397afc6f737d01a40988db6770db,0.14429341096163348,37.99
8f838b38c6d4e038d4c551a6667ff2900fed27744e62537f99c6108706fe698c,0.14423574649121348,37.98
5fee36b89aed7f78204bd1c5e8438fa1ca0f61f404f5c06dfd0889dbb2efe2ec,0.14414477648234883,37.97
134433190460a7fe6298fa5a511365004853bcfa71a92825c2e76bdd9856860e,0.14418253830397645,37.97
0245a55018b309ed8d728e51708bdf522919649a47c67201146b2e65f31650ba,0.14406388646007331,37.96
f02030a532de51f443de033f50877977acab04521105b12e1c4a82e691623b1a,0.144087739869132,37.96
e159d7a6f69ff9aefd0469a9d52252a125ca5b2cbd3b0c0c851104d8ba9b0fdb,0.14408627699627125,37.96
a7935fe73e76c8a313c72f871a1546f35fc335942ba905348d53a37e88635cd6,0.14405385667450823,37.95
01b898b18da64dcd2f7e580b20112746cb3beb7661597ee259424b7c17cb3fae,0.1440431746955549,37.95
456ef4147097379a5e6fd5ccfba09cce5eecfb579ba66c1f58f41bff3e3379f6,0.14391578416029416,37.94
26c0b0143d4d2cb292efe8ce470c1859eeae9b39063278586c262a86bf573e6d,0.143909930647959,37.94
838b2fb41cc74a0ce27c625f7c46e88513667a5e355231373b79841f862f0fb9,0.14392121306287733,37.94
034c6bc0bec75380c0e974c9c51345c7ae3d4fc1807e7d732a3ca6e42e70102e,0.14389370503113796,37.93
6c418e49710b68634bbfe2ca17d2ff80e3f2ffa043435f2df5ffd4fbbf6a62d5,0.14387701210459636,37.93
808a167f34cacba46e88754e6b0e37c17d26b90957bcf4bab2fa6056cbd35d4d,0.14385390464838282,37.93
bd8ce6bee08bef5e26f9bbb36a9433c130783cbd5381963a0099b80c9c96c6c7,0.143776100539785,37.92
07b7fb422d69c55cfc86f05608867b403ade04ee39d654e4266cd0b51caedbc7,0.1437724181685472,37.92
0cad6f8189bdee4dfa0f0a23db6e269c7eb1fa869267b40f50d4347c2efdf9c2,0.14380448183396316,37.92
447e1872017656efad923f7d22a5a3671a7c1a260eac1a27c78fddf175892f6d,0.14379870639487924,37.92
6008833cefd03d3c786a49e0d4ab9867a8fc8f036f186cbdfbc91be545daabea,0.14374874002137267,37.91
6096190ed75b028c0e7fa35752b1562c2e8550396ddab2f0b7974393a7cadb37,0.1436888393736835,37.91
e81f393d120735c9c4a3e7c25c70ec9120997b965c695e931ef2e0b8e6b42dfc,0.14371899006102062,37.91
2196c4e1fb5eb57fd90b28eb846962f8d95e3fa27c18424ad726fa654ac9970b,0.14375036303021588,37.91
428c45fb81317410fc6cd7ad0c95e09c145c2fcd7b453891e8a5886cbfe2cb3d,0.14374589146074818,37.91
39db0d7a4a9c25abfa311e73121956a8ac4b11db024c92c8df96cdcafcf3624e,0.1436178811875509,37.9
5f9785f79dc93b56b83bc77f1808106588b389ab77d9b881de812aa9d74597fa,0.14361698391129732,37.9
d435431486b82ea6322faba07c8896c5c78b8e0f62cac8a5662793b1c8bf6944,0.1435893964287805,37.89
b8e45bea70028c784f7beadd5a2a0aefadf9ce9eb73b56df90baa0fd79a56fc2,0.143581819475172,37.89
4e8faf2404364ae43bd2d8020a498b9e60b6b43a486eef553753127a6cb5858d,0.14355403995720897,37.89
93adc8c78133e7d63a702845b1903cc11c2ce87e30e9d3d81859f134e34be1c2,0.143476441950823,37.88
c94620d101964753ea6f8867923a9d77e1151a1289ad2d8056a399c87faab7e4,0.14352566439988323,37.88
848f88d28ad321c248eeb4504aa587ff2ee785f3478dd7e141d00a89922f3ce8,0.1434901469878387,37.88
8f86ee3423aec52162357c51d32ee74fda5812feb72aba23b337faea203e5ffe,0.14351036529105482,37.88
206054acdeb87e36bfba53707f066d1985475fa9c06fe4c7f191316a2b168836,0.1434363624759321,37.87
e0ac3c9ff309335f2dd04ba5e4e384316086d27dd13509dcaee2074b3563b4a3,0.14338807535414091,37.87
a56a82ff4e26f4169435bc49e7bc6dcd2b0da84db15690bc709e95f0cbff3a67,0.1433693821103884,37.86
72ce629d1287b842bb2ffa4b2a07c048d242e39d3cc8b6ea162143c3d493ac58,0.14330793409846904,37.86
d1897e4b61ea736ca17525fa32523f55c03bc0775340121676c994bbd650d05c,0.14333949710759858,37.86
1adfa7f8322d5d5712e702472c379dcbda23de9bec7ae2e61ba012ae2c3c095c,0.14333940286075267,37.86
bf580cf68a0f115b3be5677593c0a1864f147a68ba47564c7e39e23e378dcc4c,0.14329050058463433,37.85
4c5c2d752f678a0a18100ec9bf37d30758e80d9bb726d5f19e62d9dd6f10bdb9,0.14329729644873415,37.85
3bb07c44dceac94ab4c97b4bea189e1a552c60c4038c7a5dcd337374a50e0994,0.14325318465807027,37.85
0efbfbb36fa69050fb5ef2174594351e27a7632bb6b3bf1fde750d646d71708a,0.14323561000002372,37.85
75960f6ce1da2d89f171d9859e588219aa515e1cb93156d3763691dd7c3233f5,0.14322257267623562,37.84
7bde9fa8d6588bdebf31d5ad74f9fd7a21ac933d3f5cc0e3c09a9d3a5786cae8,0.14310064445351808,37.83
5ffcab680d01e5b2553039efc853475fdeec74770fb04db8bcdddbea49c6a26d,0.14311072322951573,37.83
11e2cd3d07a9e7454c911e732118579f9131b70f8a53651c007dc2f5d4e450e4,0.14308235887877221,37.83
7808b548027163780adb06eb2368457ea1b534a24af84cb08a01980da3c8888e,0.14311474349704312,37.83
36524465ae25f352670d8f478da3623585579b8b5f6d27b88d57ceb102d12677,0.14310051683385278,37.83
5ade109c15c29e9bffc57b15fe2bf3911c453803ce57fe5439bf2d5a9a171169,0.14312690973946235,37.83
97ea37b48be28bd44b8f1cb7885135182ab0616b8cd417f91ef53b569570c69f,0.14300586136610316,37.82
ba2679351b0497faa34ff1d21e7860a4fb48475456e7ad9d59711702b3267e09,0.1430308116764306,37.82
a88143c06e89ac28205988e8d6ea602de5005ff825574f1ce7ab7564a4d508e2,0.14305369031415346,37.82
9924eed76f97488c000ef51eb4d9117cf75573c6540b1e41d9950e0b8b81f902,0.14307218534331573,37.82
d8ccd801d3f0d73d878ab103b84cda392920ee512b163c0bebd3b648b97ceeae,0.14303272063699793,37.82
23448a497282f5b36db67310df88e52c70735ea43d5da0582e81e7adba36d1c1,0.1429330361947884,37.81
3075eca09f4383d2fab3f9daa581e71ced3c112bb68c296d5764ca4f41306513,0.14293158600023592,37.81
38844d084402a718cc5b042b9c2ac131a72950544c36010118731d3c918f24bc,0.14296523223247118,37.81
7e06d06fd154ec817e5ce9664d3da7a8472ae6aee2cba08c60a2b00acb5e4a9b,0.14295866516031247,37.81
b7ac69ad87fd33f85f10512a4f3f9608bfe62a76211dab20298ab91a815ea39c,0.1428577462351727,37.8
bff4250d4943fa39337c66037cc707e10685f651ab317a92c0a2e0742050980c,0.14287491883058878,37.8
cc739133246c0631f0800a52ba0ba4c0c4c45f25d4de772c307045be7493be58,0.14281932261535077,37.79
05f781b32d6f0591c96140d70e30ae1a0110a24ae3b9b16eabdf0f2ebde2901b,0.1428239293876546,37.79
824943327aabcb165caed1e1437eed96559d9403d5e1410c76e892b72cb2e9b6,0.14274311267786777,37.78
b8c2a04dcca5b8b994d8bd7751ba221d263814aa6fe769de242f40f231238981,0.1426740886157563,37.77
39ca23559cd744d6bbd2dde8a0a4ccf1aa2c4867057f94f99d61e66a1a771c86,0.14269436720427817,37.77
9d79163ee0492b7845852a5bac48175034e37098b5e9dbd60dacbdcbcc340cc6,0.14262835739695284,37.77
c1f2a970088bd6bd3888f60a1160a2f73bf97ec21d7b29a11bd9c2fa45bd3edf,0.14261654935855303,37.76
aad4b6caaa208849078225667112a1ae3d399de66b3466a3148eec01888c3c03,0.14258945409799495,37.76
ee3667ea26048b875951ce3fa22695ec9a936d2a15693c05a07c0666d37e2bf9,0.142565512785266,37.76
64693d6a04b9e0f12d9410bcbfaf6149362c0f823030910bcd2798f8e1f344ca,0.1425095272923401,37.75
6476da537a40cc1453ca09a3a14a84c5f464e5b082047219010690dfcb0f2fe5,0.1424917385154018,37.75
1227bf3311ac3e20c7ab2fde1057b57397c0e9a82d104ddd8997098db4b622d3,0.14241719974556794,37.74
b86ac6c498f4891a763a3d6b089fb32b2a64530c795c93215ef2feeb09bb93ac,0.14235324745085545,37.73
11b2ab2179d25ef088221a2d4a5a41ba773ca84b8fda0abdb7d98161c144dd2d,0.1423634905604762,37.73
d704083c1d701884e57e8f2eb8a42f16e2477230467bd3df33481c12ba42bd6d,0.14233846463767988,37.73
45014322863d31c181b6e950178134f925009feb55bf55b9e2ffd01dbf4cf5c1,0.14230378898203525,37.72
0df41a32a3848261990b17d5f0fcad40b15f7bc009d7794979f9345a073b7090,0.14227553739760812,37.72
92eee1b93950599537ac0923ac651495dea00977b58e1debb8b02496ff76f410,0.14221886421833502,37.71
f7e5059ea96e6b7436c8e4e2bc44bdbfc5bf35b28846b4b7ac94dc08bf6067af,0.1420979512940889,37.7
a5ab2d05116d0dceadfd3f256eb9935e08694b9229329a75110fdc12a67d4675,0.14216371757639948,37.7
12145c69d098b32da28ceb4f8a3e93f42b715ce891bf893086666032eddda924,0.14214373354444204,37.7
eb69baa9d3c66946eca7e22383cdf4342da13b33d8b3c82098beea5dc2e55b69,0.14210985458374076,37.7
12790c07d1f808de5769afa9561836f5df47fd6ccf31dbf43c5893131d9326be,0.1420843478892667,37.69
205c01756abc83d1b7fadec906067ce90f5c943c7cd424c32368f044568f0b7f,0.1420339398828533,37.69
a5014ab209a5b5e30f1dd4e60e92a7bcde1b20610461df5b6dc8f52928c695aa,0.1420210365900869,37.69
30419f45409f71a23da928d04b9e6fde31bddaa56d191737dad01857e27e02f7,0.14202439903594555,37.69
e1ef75de7296a97e59df80bb01740d210097d88380dc1e842e0705d86a69449e,0.14193076834151303,37.67
026c9093aaff709c18d07e2cda08d8ab38120e22e106c3e1291752bf042f1976,0.14179822430269914,37.66
d36b85c09b135dea79713e0394c7fa8754a588198bc46a09b502735744c42672,0.14177154483030185,37.65
17005bdae9b9335cd33c4bfbb6f9e2f49a9f40a75b6f68b6bb6de3053656d9ae,0.14178578238452386,37.65
e85fc2626ebfd39ae3099b9dd0de951153642520b2864cdc4a4a34181b90908c,0.14176486178222727,37.65
524cd0f180eb6f68a422b5e307a37d7cad239354b7bb106fbfe89073af3762d5,0.1417282828713574,37.65
51a7769b19bde4827c54d3e1f2e39676cc4af482ea7125c4954c62ef0660bab4,0.14178051894280919,37.65
97dbe8ffc4e1463b70e6a30d46f603704704bc4dc4d735dbaa9b7fc46efdf2f6,0.14170689019882593,37.64
200b6d31fab770be32d9704ac85e5605f2563a0f0ea74c6c2526c55067de253c,0.14162450575453372,37.63
4174fffaeb233833cc5a4e3e3650a72819ae6fa836613926c28f608d669deb26,0.14156861899775414,37.63
167366f89fd07c8f506e83002d90948895f4859980dce8300c414aa8cf6b0c66,0.14152323282674778,37.62
6c13a9d56048103152fd977040bfa17ce68cd4d93d0f872a82dbe06e55ccde7a,0.141544027915952,37.62
44a503a15291ca441b58c0f82a6f069249c59dd9af214838d5309d48e68e550e,0.14153845955166156,37.62
c03b5c64659def4dacf5752b293cbda9ecfafb50d0cbb9d1eee75bdf5c4569e7,0.1415530879568883,37.62
40fd79f344f430e3a8cdd109009d8db312d10bd2dafbc73ecd97fb833cd93ee8,0.14143984117978084,37.61
b9748f87f3c2dc6c6c267f4cb27b1be51ae260e559777543bf92a46bdd7a9479,0.14144297737774467,37.61
28bc96eea5d340e67f8f9bafc21016934b82612fbdbf6f1e83f68e3982c4c3e3,0.14140533185769597,37.6
1de8d97221d98ec39c2f0657151104dbe0f267b5b4e8c7d55ff07ce7abf14720,0.14135386152833074,37.6
bd6a416b9737385ca12ff69de9f95876d85c70fa2ca5227a183880dad49260d2,0.14136534839690085,37.6
6d68fb368e0c44da37e4ad6214fafd2d3d22a7221caf6edef326cb34829c2fd9,0.141388875819075,37.6
225279ff831c793a5608ef1e26a93742001533168a3743f462fd2fbd65ac6da9,0.14137714931625633,37.6
d6c4e5c07b5a41903ba7ec5c4c09de35794a6251b5b650f56b4ae40b34b2e877,0.141312673417728,37.59
32d2720c2b344d901c7fba73e5d2a5c32e0ea8700d0602761565e53c5667b4a3,0.1413215982533767,37.59
6add34d5eebb4d929546efde55bc48bd62ebfcafb828a603aae33809d5517388,0.1413256761098729,37.59
372691276c8ba99423752c5b1814223972b317a332e1f36fcc9c230d80444055,0.14132558782274696,37.59
86fc9869b3cedca2a6849a7c395d696782ab38d824ee9f355ca0ec683f109792,0.14121296469990657,37.58
63ae51496d0d409e1861892da81b7f107dae85ff06ac1f87994d9b08bda6d05f,0.14119440311146714,37.58
49c0ad4eab22e13512ff15efeddfa15f5150e2c44a5ba7f27d2973282576c9a5,0.14111433914690216,37.57
30ad5d719d5de8df6ac6afe27ce13789a1e542871fc1887c95f5c6423ccff1b6,0.1411001730066527,37.56
368226dc18769d3dbfa9bb31ae42663982061731d331bde5f5bc86cc79b963a3,0.14106363993841092,37.56
b7c31767256d01c864d75343930db0f7c066ac892daaeea15f9c662f18f9ddf3,0.14108045009718745,37.56
a244860278cf03a81fed91043e14bdac4d5d9b8a84759d8d805e42a8aee5dcd0,0.14098570900157947,37.55
dc910fb8f6b4d9cc3101af5b6dfda9265d0bf9529132b3e8c7e415daaddd20bf,0.1409983287010447,37.55
9670508c44c90b03a8890a836759e6d2bcf87b9dee257bc382ca80a2dcce4dc0,0.14095220613786316,37.54
9dfb46d6e2b9bda488ea5a1ee92e94fb040497a9ee996ebeb73676303a4ff381,0.14089958592779067,37.54
acc7fdca9213553df9b0387b3abe8a012934df46b6067e02a08d28beb6e8195c,0.14089226704468102,37.54
5c197630db62bd7e5ecbbc3a9f7befa4e6628c9bbb585254f5451a32e7012096,0.14090708916406183,37.54
c4feff9e3fbabcf99a9973d2ddd751a7721d952659e846be85c598c781d90f98,0.1408510161115618,37.53
78ae8e560e5eaf7f2beeb107559db2364fb3f2d47fc244e9854fb62241100146,0.14082186505586983,37.53
780060eb5a50473179ae151d483536c2dafc8a39ad773ba540b8790b2b64e07c,0.14086722120666256,37.53
96063f5e5dd4ec1a4323d4a7fde21a2e1ccf2f375f4365473c58e99d5242eefe,0.14074587502054547,37.52
5ac77c40d1f58329944e488b6ba2ff51dd861d8b2c23faaab6092f292768b384,0.14077136475676305,37.52
39c3670af7c49db3ded1d79eaf37fe95a7ffc1f3fe3910017191d3dd57d7878a,0.14076085905130034,37.52
50d7f9946cdb36f8217bf452ccc4452ca673c56d6522ae9bacf7afe621d38b7c,0.14075651641021192,37.52
2595b47ab764b87666acb13538d31ba75a3b9dc36a3a1d122cb673114e02b015,0.14080146675751976,37.52
50f90789a17deffd6bb0b2d5233bdf0f178152970557b942039828b9d58b151c,0.14079199075773072,37.52
7e7090e15553af388a8db884a74c697591c1584f1bf9f8f390e7dea9f591cfd9,0.14067397635851683,37.51
1f8ccc0f793264e83b6fbb541741bd3ee2a79be1d0b4366d6e6738570cb6d0a5,0.14072242113490532,37.51
691ebc61239f19bf952bf2173e7109fe8ed437ba588a929ef475e2d6fffd982d,0.1406727481636062,37.51
6c8a763c17324442984ef210b4b22f2f6e5ee603fb5b1dc825ab19360172278c,0.1406416107456878,37.5
8fa83dd8b37a519c40e4d4a7f4661d5e91eef802edf09e233727832d856c166b,0.1406378319050961,37.5
cea496111ce07e8e66109e184d505be8ef2abf67f5374e8559a0a2423774f13d,0.1406293052555779,37.5
d6bc85f89ab3cd84854307dc3409a6470a063890bd0f7b8784ff05ef0054a26e,0.14058687965055833,37.49
912b598c0fdf063760702d6a7c18468fa7b10c3af16674c551b13cd14d7f8373,0.1405549114085782,37.49
0b5922b42582f7005b39ed74e472afbe7d263497cb0da19c624ad5fe0e004645,0.14053312070849058,37.49
ce93dd20353573dfb0fe07e08237b1002e52ed7771bf0dbfcd193bc8985f2865,0.1405247326040496,37.49
c36b708011249b7f9c1e6ce8aa764072ebfb8833bfd7f0bbcf5e013ad63e19a7,0.14058371441445305,37.49
4a20e0a8c0df318dc9e4b0e44b7a56b25cf197c45bd944937af7d06579f8206a,0.14055195721795694,37.49
6941ea25af2f879df1a6bf38ff90a4410913235a124cd094c3949f2e976b5549,0.14044445615018686,37.48
221a5ec458cb24e53a65042de7527760cb64f4034ad45f8d369bd210c6c31054,0.140390607891349,37.47
921a8eb93563bf925ddda749bb2943abe0bdb59629925934f295b38b418e0bff,0.14033751443982947,37.46
d198641a8e35100d0c0c4560326ac31c3d9507ab2430ec722a0683dc3c1d90cb,0.1403315393871846,37.46
48c690991a5bb6c65690e9f0ff7db9e48c804a14955c36b9cf57c16629fe30d4,0.14022073469201327,37.45
a4b09b5238619599ae058ad050f66eda86ee810ce10e70492e4f53b31ec4bb3f,0.1402874488330818,37.45
b2d322ec84da58fdcc0156b4aba7ef047e0fd57e2d67b001d048a83c8494e07a,0.1402354251593091,37.45
e5df90906b970db8f2b965ac53b438fbd8757f7ac762876381ab60133638c421,0.14024684243914545,37.45
c42629b780f549ddb45e40d80581ac4073a623e749330bb5de0ddb49aeba7ade,0.14016155619548884,37.44
b0ad6701bf954896ef359f772355a9a35a24394653e20b8cc046b2736f37e5c6,0.14019397592363508,37.44
bcf7983352532e9e8fd87ccfe69f04a36128064691cab8c96dec253b311c269a,0.14016317911705195,37.44
cdfd8aeda1b386bf1586d0e1be8659603adbffe3f9d1919208115eeb0049c9f3,0.1400911896958501,37.43
34ff07ce5118c69fce3f65b7009debfc357a40cb8e42f1b228726aaf66610ff9,0.14012709115108732,37.43
742d31df1663f5503c1aa9999014b6e0ed850cdd5c04d47808461172e2d4c582,0.14004676378827885,37.42
97801957f8459b9f9453e09330c7493e866890371d54900512543ff8d60fd140,0.14001477966759002,37.42
3cbcde244a4ed55d9a03c86a787ad398020a23c5a6e070ac3a082a6491e9c8ab,0.1399457758915038,37.41
e8bb74bc8e973d431d2204c9b961f2bbb5d434dc0769391623461e71e5835199,0.13985249309401562,37.4
c692fbe544306e0578582627f9b2c49932561da3525ed56c2b8f1dee992e8799,0.13990905336361426,37.4
e0dea79db57ca9003e4b8b0a7a6afa4b9af4ac8f3ac0848920b1c3e8ed5df0d8,0.13985848445638502,37.4
d05bab06d4a70421b5f5689203d2dd9a04d2659a43ac30595f26e1fb25a1206a,0.13986663974347854,37.4
5f7285286684952a07ecc62913b0b7612e8e306883fd67c5603e78d53b3b203d,0.13978065700985426,37.39
0ae9b27f3d830c62c0d450cf08c7e91061459684598655d7d9d84f775ceefea2,0.13974605951671415,37.38
fbdaf56ded86f2e4705a18376decc798dc24a92726ea767ca134b5ad7e10613d,0.13962888321006184,37.37
e8337a391d7da1e3c78f8a5ef349bd317431d0466f6c80be746026d5712d8023,0.13961503513455675,37.37
4cb2726268ecee56bcd5e0ee9a358c89cd39975e8e1d816dd6381e2f14aee182,0.13968407201331706,37.37
e74a57a10866c3048d12eb2eaf64a3f06e04a5d761c9ac93580c7185f5d0f1d9,0.1396350038341837,37.37
f69456a0849332147bc1c7d08316ff9652d348f0d48b9161a40db5bc7ec84858,0.13959887152104083,37.36
41ea42391c70fc962490f70f3f22c775c0f8c9d5e47b44b63c08f58d83def39b,0.13958677150623647,37.36
ee96b908d0e254fb8989efb7b3dc3bdd7cc44ea00bf9035d418c12a6271539d5,0.13955795215319536,37.36
2ad895355a7ecd047fee0d0ca6b4b9683a58ee6fa9390cba56fbab2bc2452726,0.13954872234098958,37.36
4722a2cf6009bc988a3e4ced664413192f3a1c2fd17bf6e1ad0c3a40143874bc,0.1394975315379315,37.35
d032f5570692886fc30c283b6f02668edb434043a10d7965eadeb78cb6512e63,0.1394986461574245,37.35
406d3b89d4cc5a1754573d7bbe97ae59eda15d80cd4bd423f2849be2e87d784d,0.13951369900735705,37.35
13e8e2bbe35e14c29dac3386821ca1c592b9046046e7197041181f4600e86fbb,0.1394848577517408,37.35
ee84cc201a3225c477d00a05e8d511eb60f12f5946486b364b8a1234f9780ab4,0.13942947981487233,37.34
a9c278aa84b08f7b98f0164bebeb545415b91e35ebb9fc673f1d1492432e3f2f,0.13946221124600033,37.34
42f9503b812aae04b11a0d0cc8061a04a9eca2d59d61ea33a980f3178fd7324c,0.13942436235789327,37.34
6d96355b2aef0c32888c2c02509f54f301a15acec84c2fa5029c2125a698b52f,0.13943846923845477,37.34
28dc4d475f95bd3b9502edfa0cbc35773934f1b2d2475247bc5479bc486ae488,0.13939093679811837,37.34
42e16e1536630643375a09e39954daed02dab8e78185c7d899886b68d373f1ea,0.13944782101001757,37.34
421f1c7271a42ebc569c324d88ecde42a8e6b471d2ffb4984469097348058b78,0.13932050303396756,37.33
53221567fe13546f8d99ae096c241c043ce2031d564f2b4ac383b29f08155cdb,0.1393000674699233,37.32
c570415fa0a45aba34499e6c0176359029acae238088e1c4148144dd178a4391,0.13926473880219056,37.32
d16f0febcae21409d2ce3e4f632f9b0da5e30ef0fda0a0ab3e76d8dd7833d0c6,0.1392923295862632,37.32
c6aa7953d86a180601ca4b0ebc6bc61cb296a8fc4deb35e06dfab1bf506b5e5c,0.13919931937391897,37.31
e6045e2aed9d257e4ec83ca071813132a72f944d98397b1e0c89226f63618dd9,0.1392121048217938,37.31
b4c7c3c454b0724a2ace197122e8dc21f6e4fc36af2bdc7d91487f2d03b72b93,0.13923951848501978,37.31
ebb4989ef6316e4b29a2810a59d24555b989707cb853f196e62464b2f7bbdf11,0.13919094692305756,37.31
3386412cc6272bc5dea2125cf712259dfb0d948738cd28f6be9143943e3f6624,0.1391418211136738,37.3
9cc201226ce134f859a0dbf07a6089a40720ed5c933c7c8f7a639c8b79ea0817,0.13914215575300717,37.3
1cbb95454753c0015bf610006a74c86c760f59629a74d3efdfff266ed31744e0,0.1391168945812974,37.3
6cfbc37519236ae4b1cd73c6e6c073199878f1c8081cabe84a6d516acab1f03d,0.13914642555559947,37.3
5978bc60b6e091eb5221f83ed7870c2fac26d3575ba3cbc7bac5132d830e8e05,0.13903804840388267,37.29
07fcb23eda2a2f5dddc2620eb863453848716c89dd63e8198ff83cf0f8c28405,0.13899210085605238,37.28
daad409ccc554d7534d9854e5f062341a2ca4879df76e633cdd61fba053fa6eb,0.13887616093487595,37.27
7473e1ecf23c55ded2d53fa8cd5a82b099481c691c5778dd066db475461dc444,0.13892821806068334,37.27
7c836fcc1bf15bf9463e7e811d89484d7ad7c1fc88ead9b0a7df2fecc7882a05,0.13888436736781062,37.27
c05ce4b805f4608d7c5b57eea59b44a179d887962e7cd70ca8f6df52e698997a,0.1389373790656212,37.27
afca6ce344f573d0bb4d4b988cc9a1cd11ccb62c382d967731f9a3d6fa8b3517,0.1387300535005123,37.25
23f0dfd2dde6d1929a8e71e4b0d5e8b5b2ccf6d8693a61876bce12da807b9d3e,0.13878631670213684,37.25
f506814f20ec050b3bccce52727c101bc68329a4713a01d3660eee61544fdf48,0.13872709792512303,37.25
4a51a381be629036e7ab69b3352fac91ff7814d801a3461ee077a705045fdeac,0.13865561166085041,37.24
f73b71b2f3d095348ced5cc0af69317a1279655a9a1c85db418207266fe414cc,0.13862253704620198,37.23
257395927b9117b51977461382b9db1a42930364714cea767ba309fe8efeabf3,0.13862821419081034,37.23
8cac6ea35e066b5fa1a8215fde575b56c44244a294c81ed7110dbfb959aa80a7,0.1386061757738081,37.23
a3e3f23d02c35d09eefd1b83a6577b2302d23728550ceb356c55aa8c67a9e3eb,0.13862476175555774,37.23
15b855710381a11b668ee6bf0d7e182aa3b50cb5e852007ecf69afe8bc0baadf,0.13861610911496947,37.23
e93edd347eeb26cb2084bd19b7719cceada3848caeafb7af29b221a7912c7976,0.1386153653373371,37.23
3216adfcf51a66e0c9e494372d10d834d84c506843479eb5951d8bfbadaeb530,0.13858297547539614,37.23
a79e9603ba71dbc1f9b9ed28c97483b3743f0219d79548246b1beb817c0b4c07,0.1385440288979392,37.22
f0f47ac1958ead5ff8b67faef255456254850c7d7616cef06b3846385d032558,0.13856140191438798,37.22
af0cd17edbf322711ca49a2771477650a4d433b1a393a237b403f7cc4f434df2,0.1385304948391347,37.22
0b9946508e5eb82ec8c699898480b8c7ea4e9fc50b459a1d2206cd879cbf3684,0.13848305554314574,37.21
93f82b2d04f55873a9c03b86c4fd3bcbb52dd71cde193a2adcc807190baae5f7,0.13848015868342803,37.21
a94f8fa9f4200226ed51cd96bcb958f654deb2faa26356e610a2979d04b0835a,0.13845748197900729,37.21
6618a3dc0852e839fbe4ece55cb675b403114edf805390c33a4d24a8a78fa499,0.13835384511578255,37.2
91fa2615a901ee6beb0579d6802d5223ea9f4994eb5c02ca19ab446ad59878da,0.13840566529900541,37.2
6f4369744c305e020f23023cecae2e0ce8ea4fff69ea07a6a810737a06a06b19,0.13830174921091312,37.19
d44a5823e5cf98580ee822e8203d47111c166ed8d9d380af0c932ca62408f1b9,0.13819885055754122,37.18
4a86123487ad8de83600f007d6ff7df711e2e1f124f14d8c6c802c0784f82268,0.13823298835739897,37.18
74cdffd3e6013f471a15b67c378aade1e2194b22f1fc4528415c3354613f1328,0.13826871985893224,37.18
a6d2c5e23c6b7d03a1a0171de9ca2a082f2e5f08397aeeff7e5414a572fdbd2e,0.13825724999636263,37.18
da1b6d6bc3586fa4c39fc445e701a2f36950209377c29292879602544a1f50a6,0.13826852600580442,37.18
37bc1e974a3518cb6f87a9c112f7360183778d51f40a2166c721a81620d97f8d,0.13823608687060684,37.18
5da03df7aa5157778e77d60a17e7b256fd06d3e93083cce32823f497322add49,0.13821622070577136,37.18
32c1de9536554a9f096de72d4f82820054ff6f294cc1a2e1ae182a899e31b70a,0.1381496601065101,37.17
7b10eca2e1229bcf61a6e58a1c22275f5b25120e3a480f41f54fc539affc46d7,0.1381621256649606,37.17
470ec3272a792f47f736d78f95f5f0607cde57317e6f464ceada1b7cc9ed0b98,0.13815291482104766,37.17
20cf351f772cbbdf08424eef4faac38250b8e784e8def831787e200a649f6864,0.1381327259971075,37.17
86ea12aabc1799cbf2593de1dceda9e56e0f0c0d4467433fca3d9501f60a8f4e,0.1381189936901154,37.16
9b23ef287c6f0800b448409f07de1e59fc2d1fbbd2542c8532d16de9daceb852,0.13805042764251213,37.16
f6af7ce4e6e4cf7777cb60e7cf44be8af39d0aee1447c92d0b57345ee0ef7291,0.13811354746866283,37.16
c3537c391af8d3878baa29d8b809a798471cb8d01888e9f66a39c9b3c29791b6,0.13811738325836026,37.16
f985fcb19c9b0326c0606e78100c8839b697e44020ec8a063bd1d740e3742cb6,0.1381091575735065,37.16
5e06131e147aea31c7734cfc4b7211a42c7cf87a7dc734df9fc7993b72c462fa,0.1380600212742279,37.16
0b873ffccdc9b1d8d6aab9d7f5783be9bc6e62423d3046dd11af853f0b3232a8,0.13800696313746255,37.15
223c3d265cb328ba44368b5f7027cd645dc3435c0adf00fd65ef18e17b709f83,0.1380115823333056,37.15
66a35e5865663d6927bdca085ceb0918dd0c223e87579abb4306ccab40e802f1,0.13803808418574787,37.15
791c8385993a9845a79d1e64aa9a7d49f6db1de067bdd5e5361337ae418baad2,0.13794631878280764,37.14
0247e98c0d81e9204184fe2d97c6c30cadbc870e9b51630e1193259d1027509d,0.13790838597254035,37.14
a602c9347c425955e0b1f3ecb13f3e317a63e434083368941690710d81a7e1af,0.13797164561518513,37.14
9b91676755f9e13bef087420a0eb1adc70fa78e606d639258cf256ae607d5e69,0.13789402371674186,37.13
f7a2636415263a3ffcab5e49e46ea6c6287fb3b82d811e1632612b58bf96676a,0.13789281121206273,37.13
6cd7f84e5d9c33dad83d5edcaa343ad8bf6a42110b12c2f8799077cd1ece3159,0.1377562182399517,37.12
d06524a9a68ce1563ecd28e19c1b600467ffc779ba391de7a20db11adbc3f7e1,0.13776139992599595,37.12
f0be2fc94f855e84f1fd888c48966c8cae0000449f4ebb34fde5e13dbd45887e,0.13782397070270036,37.12
c291b329084c4be1dfdbe52ce41eeccf27d2638734355f24a48f90867899241f,0.13781145633501274,37.12
4856c10b87d8cd98c3519b291fde9fdceedde7a4a262bb1e6ebb752002da0ebc,0.13772995259172496,37.11
bc8dae02bb055f4ac45ade2397625f51cefeeec7cc628d32652039391ed494ab,0.13773194645709824,37.11
4236e459ddcd31bff3c6f9052e1640a975b8a19643990a1fc74d18e08f7ceb8d,0.137731129582636,37.11
bbd4ae4e204ea5854814481b888f5bf4fd300601250f0472504f2bec3d6d5405,0.13767259865958922,37.1
17a5fa0d97a99c028fbade980d1070cb8682accba88f0ce703763284bd33d5d2,0.13762092151542688,37.1
42e369ff64d93326419f5b96ec10132151cadf687d3f0172261afeef9a1b1985,0.13756757265478467,37.09
f32ae65d76e0f435878734858c336d081e2fd9692e3247eeecf175de91409e76,0.13757434920900435,37.09
66bf93963fcb0ee25014034fb70ddcb8c3ecee925af22fc98a32c8d9799a8e82,0.13749131016967453,37.08
0e611211d59eeec48234eb85a05f4f4b8d1e76c6663e67fde75ffc97218df329,0.13746746769324533,37.08
8c8b882a47d84678bc8612847fd3a1b813dd0cb350bb5b8ea94ce9d5687ab194,0.13741081194246577,37.07
e84c00b58608c4306d1eba0aad1dc1d3c7f5464162faf1bc79e61207628150fa,0.13741573950756483,37.07
b63a2d6a8302b1c4bb3a828d7cb753c30fec83c913575aa40baa44ef1484714d,0.13731064428794498,37.06
120d7348a01afb1b55600e0d6be77b31aa5d6556178836346f6fd7fa8c08db4d,0.13731898110856774,37.06
1f7e64962822221ecee459ee1d74ce501fdadb0be6f3b9a007402d4a795c10a1,0.1373615102723756,37.06
394fea71bf301802fe960cef0e535fcd5eacb3b2b9c60c385ccf1044607dbe9d,0.13734600273796282,37.06
4328cf45e0e7a1882c438b4dd4c52cba97a3a2b9ab27952430056eda7b437ac3,0.13729679832319822,37.05
a36a191859648e21a6c62cd92f3c4290986a37e78bcffbc1e30997e02c2b1458,0.13730679279058877,37.05
1bd76ae3ec044d917eb67d16973a41aced8cbf043d526489541f2f6e59d29412,0.13726746307669016,37.05
ba49d3f1611d4fad67563cba0f2f6014bf87109b3ff5b91f682cc217d49e9a76,0.1372094775307898,37.04
32d7d888b51387196e7b75c20b3c46c817acf5e194294d936f6ec54419bd3fff,0.1371904379315149,37.04
c810d3a6c3b213f5a73233ab0a8a005520b55d55d7d32beee7ee7694ccf728e4,0.13722728449715865,37.04
1b0165b0300bbe41e43b8b9aa3cfd6deb42962826c850b35f0108f01503e1496,0.13720206387045,37.04
179129ac188ee46ea54b9eed52b5efd6c73e08a9f0e9e31700ed9a7d626a7889,0.13717521229455565,37.04
9cb51cca66d7b3ec8cc0dbf7215875f07470b02f7a9e6a60b643772215267a90,0.13716385807137876,37.04
a614b1caaae23a9d3d049645696abdcb3b31d9f2486532945e57b5c105980adc,0.13722249768307676,37.04
023116b34c3a0b02e7919f9ef501c7eef1a1cb960bbfa0ae6d198184f39a11e9,0.13710414838690052,37.03
8018462c3c94ce47927311151ad99dc888ee3633a3b6d059a59a4cf39e7e816e,0.1370887570340645,37.03
b9b4315786185b9badaa63df622dc6e3c6a282a810233691e1f93778ea3ecbb1,0.13713263999317826,37.03
c3cbed737f3524282e1bac87e91d74bf38df8eae0b5a9d687f936a12ec66c915,0.1370858071717169,37.03
dfa3ed34e027d6d44c1d911796f2765b53accb35ef092ed4abd7516a865ad132,0.13706963752357793,37.02
cd18a39dc2c77682cc3d5ecb70f501cad6d224ac4678461cc1cb69952a04b7f3,0.13701485834715232,37.02
c806408baaa0c57ab5f9179ff55a569ab709ad5197e24073e3b7d9df7834cc1b,0.13704931059304146,37.02
f541bc11e9be976056716b00bf854ee0ac285357f8640604f7ef264f0b4b6408,0.137048580762174,37.02
9a6b057e255d55c46971e2bb0602dbf2c2e26d7b11ec2b4eb6778b35ecfbd598,0.13703653605389607,37.02
06f1a20f1cd37537e997fb45e77ed11589bcad4d7c12bd003dd9e0f07a3bfcbf,0.13707389098086403,37.02
a51137f6690745c29573812a84aab77a2af54402e0d88fbac3c05127b8b97b5a,0.13699334642256078,37.01
95df325e4cba814ac535f9e620703c2907cc96546bd67e40b00fe6ad77cb069d,0.13697063588453368,37.01
1361a089a0a2099f0069df332b2d048d4e1eba40b014d5218cd20905ee11a927,0.13696594271008128,37.01
2092eee119d26cb8c197b29c6f69dc37bebdf7d56f8a693952e438fe3f288798,0.13693329765273565,37.0
6732d867b480098d125dc0a3f2472310036843020e8712f9566054df5d8354bb,0.13689070510279921,37.0
3b4b1cdda18810e1c22f643170f096f4dec3febcafef5c83c3dcdfd430108472,0.13683190567841788,36.99
400661b1bf14562ff14a8f1807733dba677d2d5e0e29fc6b9aac8527322ff14c,0.1368621199044816,36.99
d8812a4249e0ac06ad3d2c2cd8eb4ed691bc134e2bf78c97bdbd02442ae4be74,0.13680047067480472,36.99
49fa7ea86ec7e6c7e36cc0a419b89b96025ad7bf58f840465ac633b1c82620a7,0.1368159007489633,36.99
33e3907f4f4a82a0c6459ad871bc34e578f37b10aedfc0cfd28d7950e2c4ccc0,0.13683055897763421,36.99
0122744e0bfb2f9f66b5333269e17b119344009e41f7b78a9f2f3b0c678ed4f7,0.1367725093739962,36.98
48eb94d6009b94c369c5a4242ff92ca277250049c314632adb08f989aeeb9979,0.1367584415232885,36.98
b6300d4e2bd19a9dc8a14e2e30fca1cd9c4a8f3251773a3ab669d65f82f894ea,0.1367318817411677,36.98
40ab808cd1028a9fbd53d4f31da81ab21fada39c1f1416c626db5932b7df80b2,0.13670600522087936,36.97
1a3c52d378bd90ea44dd544e3bbd80a22f10342e1852c98e7cf090f4b9a36031,0.1367069206195266,36.97
2a56dcb4d87dc3dfdfe46801f9ac0d709cdac0cd1be419ffdb34c1f2b6b17228,0.13660829601607394,36.96
ce88196ba84ba06cc30c67f9a835682b86b70703461be57ba73ad28715a38b92,0.1365989012739496,36.96
fb351aaf9ff3147184d3a8d46e62c44f2e45d5281dd40a6b342ae0958d77ad4c,0.13659887884787916,36.96
cdc44eccfc9e606afe24ac5bfb13b88ad13ab6e64b3f3858da1943523efc008b,0.13654397710288677,36.95
649fa968456df295e6d39a338712fa387bba537bc2e6a0a19971157c2047c0ad,0.13650146826950182,36.95
8e7d245602f534cf316321a1dad06ae7c36cab345e894875e5cdbea5c8132581,0.13648653006764486,36.94
107c2575aa02707efb6cba0817702a49f517561ad435daf0d5f38e0a5395dffd,0.13646279515822765,36.94
b9da8ea3e941177637c294f63de95dd57f14c2c761e19a5120d41ef9ec62a613,0.13645850008517907,36.94
52ca600755c0ecdf13c2ec2001d8bab7b30e35547dbf9ed8c5668049e2e50de9,0.1363882184688247,36.93
77e75d6a7c0f86db8139f7e68e535d7f4658201adc848bbf8bfb413367a458a1,0.13633627548830224,36.92
e6bfcc9c051d2945a89947022442e33a6e8046bbe8507f40b21937e44f16ba57,0.13630908263497366,36.92
5b0ed848e3de147b1bd3c29d8b86889b061eb19c971051567c62fbeaceaefe40,0.13633061309364097,36.92
dee72773b960584cb164f3fb5c1bd3c4abe513e1b69abf599a490c2bc0a0237a,0.13628321272543856,36.92
8e94b5e7aec99d74bbf4add063e5ef6d2d8f8eea3c149762fb256ff89e3f6566,0.1362450152554391,36.91
aad5d21e088d1d9923c8e46285aeb445b08d2ddd395904fed4f11582b7be4d8a,0.1362055897818502,36.91
7b9860f67b99373eb233b4381651d73cd4fdd531453d00208beb4b589333eb90,0.13624383388920178,36.91
6de96fbdbb9f518efc8881ca07b427e67fd792c48cecbb9877260f767b9f52f1,0.1362021147139567,36.91
9049347f84251d02ee65d06be9c72a20cb60b9f43149f430cc484db38bf34f62,0.13617487678892545,36.9
f43dc86b9d9da87a37c3983c561e59d75c3c6134bcf5cc8025b4d2d51dee4b3a,0.13614011762641792,36.9
95a9de6d2c36d27f2d39195dc38ebaee5bd357ec6202410c0665c4bea40776d9,0.13609268383347844,36.89
9aae7b10809a836c5596a06b58e061d345d127e9632b4366574306355ac93d2d,0.13607435536725343,36.89
e0e6f80fc02070b75fa12dc4cdb7aea14372b2c5834e8cddcd43a5300ba90fcf,0.13612018893854053,36.89
031504003a54175ff431b881aad2696c18723146f3f8f2f86a67f71296893229,0.13601323609812124,36.88
5038e45851edd0c4fe4b958dfdd8fb7420cd8c74f05acff5116318b2be1e993f,0.13603432133731316,36.88
b637a0919258f09134a7a614b024eb9ae5b7a5d390931427fe68dd0616bfc3bf,0.13593843916128664,36.87
10590ad9ec4bfe28dd5729062d1a76bbfc60f2065895546ba4abc240f2e5fd6b,0.13592995285530152,36.87
48c01371bff847f8c772fd8693871365d716f2e34822c8fc22397c99b7f81d78,0.13595750091875256,36.87
7b1bdd18551a44991b73322054b6e7615a25a4b20d5798aed2abd8185e665bec,0.13587883451440666,36.86
f0815e1a919b9cce9c8cbffcf0abd28ffd595115c596b799bd6a48373b042a0c,0.13585801953370752,36.86
9ddf9d1f59a64d72e1a43cf26faa72accf36fecec428e7e9481cfe6700b91777,0.13578778343886422,36.85
788017dcd7fb7ee93a4460d3d4c5e87fdec7828919a357926f2c30a4c61880d0,0.1358203667005636,36.85
6096e7ee71886b4f08bb1459470cdce97ff0ffbe2c64bf175267bdbdd16cebbd,0.13576745814254923,36.85
b144e252425cc5684f70ceef8aa0f2fdaf908485c52dbf89ab476089e4ea405b,0.1357246694606605,36.84
11b287d330492ae159b73a5f6ca5b03d039b2015d72b07a4b731cffc9056e1bd,0.1357108590149096,36.84
53ec87f552f7b670f7c77b4830589598c4066b35a32358e308ef13f99ad1cd97,0.13568600668532615,36.84
d8b5fc3530aabf4fc74813678d83b6a4324a63925b859890bcccdf92b501ca32,0.13565503155281078,36.83
0944c2038c95aaf7923b2453317feab5273d8ccbac9ac2425451587024ce31ed,0.1356147819527022,36.83
d9f66203b537ab644784cf7e59f3c5307157cdd7eca4f1ae47eaf40fc2c61d49,0.1355528580792544,36.82
f43e87f5fda81e2e86bf2160a13784937ae16b2ab25d08d5103bb5be50e178e3,0.1355940060719651,36.82
5216f41c62ed2027284d591ec6ca0bca6fb7442d38a128154b02648cef0ae432,0.13555911908790874,36.82
29855da36ab47239fa8779ccf90bb2f55dfbe758ea6646b722755166d5acd8ec,0.1355571355270091,36.82
8cb4ed22066584ce6ab9d3bd4a56f04c69b7edf7c28b3e0267eccb2ab911fd84,0.1355899263895235,36.82
9eac73f7e27a1deff94ce17e41effaf5c9e7716d631d2ddb190804b26391c018,0.1355669528127045,36.82
db04436a5e926bb8f5cb9ead9b539074b6b844e9758eea9de22a44a7d5f93900,0.13549639120861381,36.81
8843565c86c0b5a0d4607fd763176bd1b9c52ef81000db9c5d6296dcb6311f0d,0.13546633150334217,36.81
c09570fab1bc29e037b0325993050d271de7fb7ca0f3ba3dcafc44ff850e1274,0.13540404084130608,36.8
bd49cf2c44a3998f1d2a7f0ff1c93ff183ecd834a2831116d4345a2c42d738f6,0.13540016763757945,36.8
4eb4d496b43759ddfa7daef89333270b687c51a0a93e6d1ec7dd05feee9bfbd9,0.13539677083193133,36.8
84cabbce39a95d093b7584e6a5742cf64e0aef09a3a7a6cc865f54c0896ef649,0.13544931248497413,36.8
9bffe18004b6e0ca5e56b275dd9d609cb4b5d98fc24b609248a74634986bd46d,0.13540651157939046,36.8
3b9d3d119003df835601ca2a3e1828c209a025692875b54a2281e9b5e49fab26,0.13528289073897842,36.78
2d1ec26f3c75f22dbb246e78cf7348959fd545c910443d728e9730787f647dbd,0.1351206349248302,36.76
eb2d999f2bab3a865024f3dfaed00bd63cae1794ff391ed60efb14807b78316c,0.13513270952684037,36.76
be71b6278c4fd1bd263ec089bd231615cbbeebc2134f2aa39b4d2f34addbb2b2,0.1350637020319364,36.75
f8a187147292c492278e17241303ca7312ad93cc92c19b89a764a1cb8de3748e,0.1350790373396085,36.75
bb1dbb2a5861b3326da1d0a2077c4415ad77f4af61f4c6fab7c1e245ed2ead32,0.13502991648965396,36.75
69325ab7f4b0e840cec7896a98fa6f885434e920971cc7cf83e29e253c74fc60,0.13495874232038443,36.74
6592c3d8df126abcf320be0bc460c049d266c9f110e1eb0ddf4f0c532019f004,0.13497347835316537,36.74
652e2ead41f7f6e0590302b665544224690e026abf1a004812561c840458bf3d,0.1350138246430383,36.74
023bdfc303be0a44a9950147d05bc3a8a8e7440da339e58d7666247cfd15df88,0.13497953884453792,36.74
70b701ca9a4b439d9667a84191156dc3cf0d6ac2fffa06cc5a959f32397ed5e8,0.13500685448247235,36.74
863e27eda0642b33a3e9d089929c77396c9ef4d18aab026a0638825c83cd61bf,0.1348998337457536,36.73
6bec4b3cac6be4904cfa187b94a9a4af84dfe0df24a1799f546d31869b80fbfa,0.13492933130055756,36.73
bcec373ce8b7e451cf52e283f4de5930d42ca4053c0a063920eaa3e44f2648b0,0.13487383813347273,36.73
418d61de1a64d2a70cc9b8f5e91b0de1fb7f6e18c5ce3538bbd70dba3f9cd175,0.1348052807366225,36.72
4306afe3e833a90c11523f4790741b974df5a4b0f4831ff05f3fbb9f1c4ca4d5,0.134811346533232,36.72
68774194f1dc77082fcd324235802d381749dddcc647d751e3667c4cded7e705,0.13486927330666934,36.72
4cc7d23d8f3cbf7e1ed992ae5c0739396d34a5bf76ed3c81592e2e3c2fdd41b2,0.13483993174845152,36.72
a2de6e857b1b6076b848eb104ebaf0313dbf9046722623e0d41ebf23887cfed9,0.1348538015202862,36.72
27ce2d5b44538c63a2592fc288bc114e55d3aee4929758bb0b2efeaca7f5b418,0.13466220138112375,36.7
36397650d9d74511580a53392c3997b2c545c68cc2862a7fbbe1287016bb5ecb,0.13471838458186436,36.7
819ae83311e3ae5bf56cf210ef8cadf78ecbce3412ece2068f6ef847fba8df4a,0.13465742246159598,36.7
3558120cd4b75a20d5bb87ce388b269abed50b73a164ec861e76bcbd9966feee,0.13465705633282318,36.7
ae2b7d61dcf76e642215ff8ced2a307ff842eda7a745848ef0e37c5219d02bb6,0.1345834899606488,36.69
6217a64894e0dd436ce765da2f1e61d619c10ca7a541309e14be314a8d4bc6c0,0.13460467096137183,36.69
5a69d837504c463ff03f0dd44cc0f9dbcd634400ce71873bc4520d416cd26f22,0.13464736840758787,36.69
6045d7029d54f230316032e901dba40708b25536e5aa22727682cd7177a780ba,0.1346490417307457,36.69
438c1282c19b6f53ed4c483f7ac98e9ec1495289da8f689e058b282bded5afc3,0.134565853254889,36.68
24967136bacde8ebd6aef299ca986d388087e3d47501157be47e415621576ae7,0.13451611707595496,36.68
1999c7cccee5ec942cb24c08b95a764c8bd808089e3ece732f481b42b24cd741,0.13457238047858994,36.68
cb5504851a77729057035864c1c96e91fd5c092808838158bd491a1d47c66446,0.13447793597513796,36.67
ed681b2f8b69dfd9181006b91cdacfa3d36736f8db17bc6e27f51b0dacd7d079,0.13450146833853943,36.67
f5ef450114b04d70ae9e01320f011fe31a729f5bebb5c6bfdad1ccbee8b446ce,0.13444688379954728,36.67
20eef0b64caad252a9ef0ab9e4a46d8b358be866f6b9d73a598373c56fec479e,0.1343764729222,36.66
5fd049ad6488bad9639e5dcf889d2da381295a2c11e3e6c031abff50afa68ce2,0.1343734218977108,36.66
8b2c92ed00828bd2d79cedd917e0e0592c287d2d9e041a48a0efa5ac240f1d4d,0.13435003877474225,36.65
0c511fd1026219af34fec5ae42a3959613518c8d3acd5fc90c44ab70f9d12c0d,0.1343333751586827,36.65
428b02e4b5467a4c2e70823f16c6ae7f65abc17c827379e2d7f8cadb82822ef6,0.1343520564548541,36.65
8a18953e67139d67fa23a1d4e28283d4f8cc9481290b781d6ffdd02a10b1834a,0.1343074312306918,36.65
79cafbf6d97747c1184bf0a7d94a9a74786a88bade5911479124e3f7c6a0adeb,0.1342864736909717,36.65
4b9d5b35d7ac1ed1bd1139c7056d5b5332fc9d6c938cfbf324c8008137310004,0.13429812873005406,36.65
002ca7af32a23f9bafde6c51d9060c050a2b775c7e58c391d79d29411c2a87cc,0.13423637102041458,36.64
c8f5a64bd40a1239f3a46f212433588dd205a4bd5ea3ac29be5104069cc82dd2,0.13427241380219412,36.64
0c778e0334e08bc8620b21a6298e6c57adc338b8f413792b36cc578b5ee3d82a,0.1342563723583785,36.64
db6804adf31aff4edab080536869abd8a6810c8c8fcf87f2d36faa2bf7e45aed,0.1341531547177147,36.63
38fc0084a3429a97749047f8033878c5714f400117af4013a6532647b0c41de9,0.1341420404588132,36.63
06f06723a75f58cee623b02e2fe20f7e1e30a8a89c05944d964e80593e274f06,0.13419557803110926,36.63
4f70af2c12b495ebf565a182fa5d284e6f16beb85552b02a1a142e1e3a27c7da,0.13414836904384775,36.63
05da90f8421ba3ce01dc2d21ded18eb1633647e2b3a4bdc0649644d81a94e5a8,0.13414806663470724,36.63
d5e09c9fee13a36210f3e2af96da7b4d7a2d3dbe58acb7e962a11cef7bddc34b,0.13407785133834974,36.62
985be1b3e89e96b9fa653d0e683cfec5d5bc4b64da7fc5352e6e900fef92fdf5,0.13402812328592809,36.61
4ecc849c48d0f671ae68cbfb9d857ecff91507d6564e61e27bc2532fec671fbb,0.13402839728724977,36.61
7a8119c2a9d69b13f7a80a6baf108bd763784a035ff060a1148f508a16ca5453,0.13389276232624148,36.59
69ee3eb42904dd42ee2894a49cae2a3b18f370fd181e8135af6c075959d69bf0,0.13388563441955478,36.59
d9b23fcfd8a4bb91d611d6076e5d54984e4c181574c91411009bd77d0af93aa3,0.13389777196640287,36.59
a1e2615b359b2d86af2c818a6e32a6a48764e3a9af1a879069afbedbd104c1e7,0.13389976917022053,36.59
ce929684ce0b0957857a87e00e993c99575859c2742f70795fd9175f00cb8f98,0.13378088865404197,36.58
5d85a93bc9cf789d892c4b4502a33036628010b47589cc6f77bf8219f7708830,0.13382776163788315,36.58
e3ddd35a850c354a92d8234ac75a294fb82f2914658f13d202ffec3b7584b3a2,0.13372492896821211,36.57
b5ae4672c1553cce9faecfc98b60715c65a84a01f2c46bceb1af933218053b17,0.13362719328044675,36.56
8c0c380cb4faeef9adb2de72b80b3f53a48ca1ac9027b94c5faedc740be37ee3,0.13367682686414242,36.56
00a75904d6022dc3adc84f5310b765e62d8d56ea58448b08f5a0cb3c8787c3ea,0.13366192155435325,36.56
deeeeef07b3b1220fc147f828ff13686aed0fe85a1db7033ad9686fd9db80e58,0.1336640305964424,36.56
9699990e549648e09ff021b65dc8a116e6ba67d30a41b0cf11c8055e340c9499,0.1336412344025793,36.56
95bb94b3bfa8908197b4465f89d576823a45c791aba0bf97e15847ec9ff6d18c,0.1336534719511595,36.56
c094f7e630dd32aef0f744fcefab7e5df6d3355108d1f2405a6eb61a9c57fcdd,0.13357105417339898,36.55
1a4b8a5b216695ef0bfe4e177c2c3462b5d74d2fdbfe9533ed026a9d7202d11f,0.13359224253474927,36.55
97df81d4ac2b4412d91499030018912d69da2f0e2b9506907c30d6951e1baedc,0.13352539295253227,36.54
774bec326ba53fe6ec714b5c9d2abb468b8c75f0bd3f53bf2ccb9effab4057d3,0.13353917235970714,36.54
5a95bafe02e08b8932af63cecd202073a8044a581ff379602893f5991bd32d60,0.13349075280017528,36.54
3dbb11f37e45691675ef64d7bbd3f3c8fd019c2d376988b0aaa92f2314df5895,0.13344238699432698,36.53
774f2cfd17e4ddc0455952bca87a9a9760a0955fba5ec09fed3e32173d4b1579,0.13342270657623762,36.53
aba316f80541602c152d3c99d0024f7a83a30751f6cd2ce55307e565379c0c52,0.1334357514669767,36.53
7e845e963931b2323599a987c6f2f162e9b19e065e5fffc095b3c1250487e313,0.13337820460799032,36.52
fd4bdd8bbb4d35288422ac7dd105ceee723dce9fdd409e73efbaee7fb9d4b938,0.13335475680181555,36.52
cb42288673fc493e2ff729adba1888c11d615cadc5d56dc56c1d14ee292a9c1f,0.13337814499381678,36.52
87a51a2c1ce41909bddbb96a72e44c598d29e1cba3961088b5e94062b522cae4,0.1333950619459335,36.52
2ac950903e4b8bc3fe219be29bca3272152c53ab693ffc870f8c9cbdf0c49ccc,0.1332503254351289,36.5
121f8e71f9853d13da9fc686b30ba86999da701fa5ed8ee1ee3b59e55185bd3a,0.13325961585051974,36.5
44089d5c284d405a93fe429c41e76668f05ce892a21175b9faca84dc615e1418,0.13321094333771927,36.5
4d2158d19aac15ef7f538740b0f58c4cf3b8e64737c9c89e8690399005cc8f65,0.1331797195333567,36.49
da6d7641ad8176107597877fd35f23f0566218af08e1efb62571593d8658fb84,0.1331315073049921,36.49
6ffd58f40de71ffd1e5bbc27e715c695506a1f725f4e8a5d260234618514ee80,0.13315414090326327,36.49
219812948b345db2c4f6951deb140a29e53d347aefef7921a538b3cdfc0b66de,0.13305153946706233,36.48
d5f8742f52e94101f4bca104193852bd538d4ec239dc2a7b80d1923999178fb9,0.13308686790765611,36.48
bbe366496451ecd1b1302354ca0dc89323a82b4c8ce202bbc3592c85c3df87cc,0.13307694198840353,36.48
e77a778818c4d9702143d966c89601391e78f7ee7e1539d057b7bf8549b99acb,0.13302992532637145,36.47
ebaec1af9ab54620455f3e0f0ac9186007100f3cf176ca6b1d98f47e2b9bb145,0.13298352694221974,36.47
b5e5b88758ad77c37bb2b5d8ca2ea88b7f4f45cfeb9795845a9ae9970bf35843,0.13302860694286983,36.47
99d141c435b6a56113c249b46453ff359c19ee6c3617f4f29dcc7e5337e89458,0.1329966703759405,36.47
aec1effae951d9f30b3dc7322f2f7de6836e5df4f98bb8bf0fde39564b1adc6f,0.13290443642971975,36.46
332ef34b5816a1845af2e06792fc870285051efab43ed44d8fb25dc64a65e917,0.13291818570676048,36.46
32677686a7c0e47aa6406a6db913550b514dda18a94f21bb34f80ccf87bae172,0.13295236723213308,36.46
6fc7bfc49026b47afe27c24516bec40820a3ae3ccb649d6d7cee2748b8f15d70,0.1328807771594102,36.45
c3ab35baba77b3330d113c6ea48dfbf1d647802de21e584686021425d1782e54,0.13288391661573548,36.45
cb488d75ae7868a8b1622d9b9beefcad0b4bb068bba290d08272e3983d842df8,0.13287686249548547,36.45
56c5abfd40143aa968bcbf687cfd9bd233aabf708c2fae9b879fa730385cc853,0.13280556256599502,36.44
1a29669c0351c492d6e0e72a4f9df2a0a704d46481bfe35327079c2abb8e3d21,0.13276726986201684,36.44
b320edf8fa591f988104da84c1d1582493c8b5a2c1741505326cb4081ab631ec,0.13278189427453563,36.44
6fd9548c0e70c62ca4941a4b85021179944664b3510f7a983e1fbf35d1b86302,0.13277048771900885,36.44
e9ba41de4777da1ca9d769f9894e2d1b351dbe265b4aceae9a30cdc10928843d,0.13281083493815274,36.44
5605d769c270910eeca369c9b770e1661bc28df3896f35cd5ef46664349e0d81,0.13268771971317478,36.43
9a3862cd846444f0f5ab037fba1eb33b0bfb42141954b4d2125626a54dccf3c1,0.13273864610003816,36.43
aeeab6259188d533cb0701ea835e0b06f201927c6842c36ccfff160be442919c,0.13269493736642718,36.43
88454b6367abe69fefcff461224969128f444ad8a7f4ed96a22d59138ac23487,0.13274585058908328,36.43
523f06ac9b58a2b83a13fc8993328ec4a26228c11b6331b945f20a57b36397ab,0.13267514141611259,36.42
92bd67963ef88bc174e9c5e1108be33c0afc3a6fb1f5542ae585178aab941a9e,0.13266468017117983,36.42
0172d4637d9c64c0d7edb7654b29e08ea5a9d50b7d0eb03859daa2c9479b42ac,0.13262782933971695,36.42
611adcfda81b1290904a0649a8dc886056f95803a531dabbc0607d54b001ee81,0.13256269703314819,36.41
b48f41db1fb8a40e49f6fd7bb3ef875316d0280007056155c818e47b227459d5,0.13253024128197072,36.4
be2d87e211a62d853026ae19c0c6543a629374dbf1ca53747b5ec7119a81adf3,0.13248102452989985,36.4
41d6500e9d9178c27017cc165fc2460812e41188d1612f5fac92e12538cd4f2f,0.1324880491007287,36.4
db564b83763d9ba516d4ab2f4a0549b1c4206e438c3d4cf0306e14490d71ae4b,0.1323885432681217,36.39
6f24e688d95e13a9248878757427309c0b62f1c9160bbee619bc9b493efc3a06,0.1323807919708232,36.38
0302b6830a918a5fc988d97f3133d1c539902792e4438a8aec89bcf3464f9d7c,0.13231529666503333,36.38
10670ca2f0538e5d3cb9742a0aa5b825767afdd02b88c1ffaaf3bb989491b5b5,0.13230104591494762,36.37
d42d02223f299c512f4e536a45e5322050e8089b0f274b27dcc69c7d4fcfe4aa,0.13229107507465163,36.37
1b4c539c7ba4a9e4fc263e6e70ccd6cc83cd47cdfbd312357addb4cebc3b17fc,0.13225454027540542,36.37
de1beee294de61f652aa46cec83d12d3dc626e50c4a1b846235dc527509c1a8f,0.13217583901456742,36.36
f5a42af1cd5595c55d99aa2288291647e137df980b5d9ac57664a6272a8b4605,0.13220909142946508,36.36
3bf55653d9879f4d3a26de8940ad0f6a3f91d9c61577fbea6d5c99f1ca056d7b,0.13200408640569689,36.33
1719e65846b880e11bb50d3882167a14e591d5c13f3324528817ff6b83ec7a68,0.1318998517968597,36.32
4652319e8e455a911c4163b2a8f8a1047f851720d484bb079568762838f3c757,0.1319329836868923,36.32
6c8fde8c882d36f79686beb5545747db2ff3fe33b9deb24759bf2b6930d84336,0.1318255462071372,36.31
a5983012a7bf0c205ea8b55b840452c499b26b748d047d098b6ada5c503f2f5b,0.13175643058541173,36.3
e8d31624032075d13ff8d165fa4a1c6addf2477cb353fc8e1a83e62ae2dc3b7a,0.13180063499748226,36.3
bceaefe07a528d78e4d579f11f849b39c7d494f770ed58e1ae9ba860f3ccba34,0.131772435992708,36.3
25fd6af2ea0b73bd8a5d0b350599eb6bc99af0bf367654195c87caebb18da1d8,0.13166525763701162,36.29
fdb8c11e03f5b0541e8fc3522d7623960f2e8b9d54d6222e0b6ba992ad547e5e,0.13169336540691418,36.29
70bce32ef381ebf30bf4e170743883c06cb644db47f9b170dfad7dc4a17fb260,0.13168898450023625,36.29
664926b0d3cb9e9fb50660c6ce3edc5c50d2e80808dc828dd4a199d919b45a18,0.13172023209375353,36.29
e8dcc36243142e4fc2dc77238c7d1bb66490327a194f4bb256031f4ee3209da4,0.1315518019775333,36.27
a03f3a365ec04f1e8de0598b6d2fc00f1d1689fa03baf9ef587f831757dcc3e2,0.131550711717973,36.27
eb92b7bf90c59180884c29eb419956f7f961e891909ec1d5f894a6781792e0e7,0.13156505466344315,36.27
1facbe5e923dc912b315d623689ada174bc51cee889508545d02a2ec21a306e7,0.13150771893674862,36.26
c36749af141fd6965d1d7d33f8433c8d1fdcffaf458dbf6a3c22cb8a9929bc07,0.13144430617426886,36.26
3bbd0f9981e3c3f04c4d3dd6dd8678b158bdb7120c2a889c29cf2ae013bb703d,0.13140945286462027,36.25
70d5417dce57db05da75efda318e8b5249a049ffc0b9eb6da00b3c105e9c3646,0.13144051746947916,36.25
76952e1877216061c74e9eafae6166b73f69c4981160b1d9adda9b9462ce98b3,0.13141947199407525,36.25
9b83eb87b61bc6984cd238e11ecfd99ee0e5bcaa7b8fd62338089f0c7665bdbb,0.13144064940783345,36.25
ba695b44fb96602cf51168c764df016efca4627ef8d6c383929d423eca99e3eb,0.13131097023707206,36.24
2697ebf0ebb50fdcceb4b18cc7cb390adcdef0e23ecf14c1f963370e2cbf1196,0.13129836184476218,36.24
97580a92352e8f6fe3d038ff4c5048ac30806bc81d1407e886d31d90dfc7ea7c,0.13134526284780873,36.24
61919855093de565396a19f0d06869af8833a97e841fda8bdb95bedd750b5270,0.13127084481645565,36.23
40df202982e13fd9be7d78c8d38d8362f7dd1583b5eb7c90f186f45f37dcaf41,0.13116411073073853,36.22
c998121c5f13b2d78c2c79db12b244486d635e559149aa1bba242cedf6f24370,0.131201878693546,36.22
4db052718de60055de10ef86d589c62715cad20094d5aacaa5a324043bd048db,0.1311526747554826,36.22
5e1a3baa49713f9698abdd6e13b4ce81157ad0cf840b9a4d20599ddefafa9b54,0.13120637848074954,36.22
cb28fbc49b7faeb39fd45ca52d2c893944180f88039b5de1560f005c2b7addd8,0.13118545208497562,36.22
f9b1f838bba0b701fd479417dcbab4db83eb3854c24c0ca23cc8aab1177424ce,0.13114913656015514,36.21
c81fb523d30dcb28d17d649692e00b4ad0d4e189a811a2c66c2286273005ceec,0.131083428483674,36.21
24427eb07b60fbd7208241faf3fd11c779916f57bf0b9e2545ff4c4cf69b9136,0.13114180687552027,36.21
813b66536a6887f66660050e47879ea19e12d6716c8ef00eb133ff4a6a88125f,0.13101673845141634,36.2
ee8d3b385709f04976e9f5fc16f3d51d786added00470898232c428520dadd6c,0.13094186620068002,36.19
3e514a6be859874749c0d1395b3a30627faaf7572795398210a3c3748504974b,0.13096368585775978,36.19
8da5e6d14a44d4070fe900ea5a20ebf5834e949b530f772971857e77fe5c8149,0.1309266447520438,36.18
5372aa861894530bc240cfe9195ff7ff37e8d0edce0a6c3d99f68f6c73bb3ffc,0.13092109280576822,36.18
4e4231875911c8bc746ffccecd05a180a6345db67776f153d23964e02d55ecb8,0.130932706260662,36.18
77c83ec0e740d43c052a17508e88a8e2a59cf75049b2d698f2c063412f5c7dab,0.13091639983972495,36.18
4804cd320762aa4f358cbc55e7d80e05f7acfd76766cb8939d229f554c8db7a7,0.1308570886743688,36.17
444f913e1a5e01abc04ed39cc4b7c723232e1c68134fd02de4109dcf13e9b410,0.1308553894181169,36.17
f09bf7c5213ef8c39699d50c9023906256b91705a333df77989205f88df8dbcd,0.13084368060775045,36.17
60fcd09dec4bba6bfe57ff16f7fef7bdfc0cba1ed738395071e94be028339600,0.13072294222192682,36.16
a0dac5baf215edb370f321633d7eae56589fe66125ca3326f0ee2a5bb85f2222,0.1307300552552406,36.16
403be52ecf1dfee597869bb994939482a441e099b2a05389419169ccf0857e6c,0.13069815442451144,36.15
0175244f28d8cd3d5bd91fe2ea20b04ed0a849d7d76c2aeb0971b2e03e2f6d99,0.13067036752982739,36.15
9a12bb2086e94cd0897bfeca836e9d9701d6923edb36e0088be4642401636a61,0.13065442193346907,36.15
84b22074d591d3ba7cdabd803e2201830d8380bea7f7242685abe18234a7a9db,0.13068262473115552,36.15
7e4e20a56a53a12493a3b136cdc7edf0945181546b95bbc05f83f9f3f71cd31f,0.1306416427605155,36.14
530999365400c76875b19801a97328383ff6f1da21838e0e7be263a3b6aa5c44,0.13062349075965807,36.14
a5bd057fdee79129d876c181aeee1a3eb9a758cfd4dbaa6fe4410a569db5520b,0.13052271995283696,36.13
9252042458d360d3914e15c4fc8483eae23f8ebe78139f31290ff294e6d2682d,0.13051448878129565,36.13
bd78bc323d36ce354b661173747bdec6e0fc3bd7c92ccda761f02827accd4ffc,0.13050822700499431,36.13
548637fd22429b85e4b051e6d49b3b963af68c37908cb06e28e6285a2f9c4b78,0.13050792728318159,36.13
c68f72d9abf1ca88a030f3d6750dbc8c9ae656af8364702bee0d8c4962621a20,0.1305067406220681,36.13
f0bedaf7cc552be41e708841d09b49c18ce48b6caee60c865959988a9b54fb65,0.13056587360520028,36.13
aa846185c57c8e243346eb31d0cae5b0a8a44c8ac7b669a73878af61cad3d5f1,0.1304465944087242,36.12
2e02915d2634f393a1b5c36ed36acc4b204f26103a5917a4699858957bf47389,0.13043251626845218,36.12
0646fca1a74c924fadcd231dcdb423fe5798219bf098a31271c2dc966ae877e5,0.13045118556444868,36.12
af258aa3a2360e5680e59b1a87060e3c0b8c61226e19f379e01eeb276f5c5571,0.1302628579091537,36.09
9c991fb72015b31b008d596680bd81c9afd2dc5b664664eee2f752f75c7c5733,0.13026431479691467,36.09
8244faf6b0bfd60bc143fac11ff44cf88e45f4227af16a3a56e3e0daa70046e1,0.1302346735320402,36.09
569ea6be5db3c68188039196558abd34c2ee3cc52f0a9a4f6e7b52d25a13961e,0.13021381431866624,36.09
d5984eec775b5bd23041cf0403145727b1e97f2f48c158a8a494840265bf7cad,0.13022278655204306,36.09
1574fdccb0e66d4f72a9b11acc8a399cd8bbe792ac410ef64b6a09e7d969a462,0.13018828394315604,36.08
858fe309951dfa5ab34973c158a5de4c36d2c62907f6f74a0be25618d86fbd8d,0.13015727157306187,36.08
934ce3110851ff1e2314c94a332f6b4de11aedc514c67e0b7794a97454a718ab,0.13015189361186313,36.08
3f3ab0757f6cd84137b3b4b8f52dcaa98730a83e253ddd85a3794bff00950e6b,0.13010533521624587,36.07
08db4121b39894b44e9ef348a60e5b19c0b874dc511b79a50949e612adb2583b,0.13009083581300707,36.07
7c218e7ea56ea5949ae18d26f1c3eaff445c5f0470f39490c961700d4666eeb4,0.1300928414651737,36.07
dbf9ff62eedf30e49fd365af3bbdc44e2ec6902c1bf8ba72b6ba5bdbdcdb9d60,0.13007351469033085,36.07
da687560c2a181a0f24a284332653563e84e689fabbb646fff175f2fe92eadc0,0.13013362282117813,36.07
5e5c9facedfed432fb8619337f52506bf74c5119e9d148ad8ce6b02c31f09dcc,0.1301274910994238,36.07
ef99a2b092d69b6c7ad61a87da620c603d0a54dce2ce8173f4977ccbf5bcfd0b,0.129999629727382,36.06
7267cf205bdbe42023670607c3240530cb5b09322c6d58c2937ff011da93b30f,0.13001711489884998,36.06
ac09521c4349920234213c9f5be5fa4f9d10649494bf0087ff9469af55f84124,0.12996861287297265,36.05
eda4b4736533d691f748d9bec5cf735ba70d81bd8ce287de05db3893d439a228,0.12994137281729068,36.05
d7621b9b20a4f1206d968fb2b0f27c565b950cdca882d6cbba2055497d04cdef,0.12995954946010113,36.05
b2fd88bf194374297ede962f6b3298dd24d114bb8fee43a2d382a8ccfc5ec131,0.12994912444769682,36.05
38243b52965921ff5d9d2df2a8f8aa422913e885fb55fbeb2eded56337e84bf1,0.12995954946010113,36.05
0e506693dd6292929fb182b089d649c24829f3ba5eb2d7e12c3fc7ecaee08efd,0.1299234489345239,36.04
dd8910c38db8e6f85e564ab8f4092ef49eb8ac88582c44189482c9e4907dc5ea,0.12988974732716893,36.04
afaf6b91d4edc1b73c3501f272fd13ab295749cde113595fbdf5c5d8793d30bf,0.1298986169734452,36.04
c2975d09c316c91674ccc989b4136f042c237838fecad0e28cbe154c48e7d8ef,0.1298060118815514,36.03
8a6969403ab18f97bed4a3bdd858650defd311ce265ab0da62e97210aa259843,0.12982152955628015,36.03
edfa185f72ec7b6eb5e2b813e6af1aed147400e164a174ed61fb93304d0ffd1d,0.129830716365529,36.03
3788b3a5aaed5b73e5c18ab96357e522fe9b578b8ba711c3799179f5cf054222,0.12972687889585688,36.02
f37dadc657a0fe05465fa16d6f1efd7afb5f603cdbf014f5f6b0359a57e5d129,0.12966877069988292,36.01
347961820ca4c6d96eef908be218a930a14d182ee7afab9ed3dffe0efdffe2ce,0.12969338624311727,36.01
b90429947a59e304e8a222e79e1b644abcff21341a6b39af80d8900a38ba7d68,0.12964666017572335,36.01
5f1d3b12e6838c6b84cf1535965a97c0e947fb88dafbba56b7e35eca580e7df5,0.1296969991110688,36.01
10d38d18cad9833da812878b57918ddcf492cbe0f5233da25643cc46a3b15b2c,0.12965703714737425,36.01
d366d13e4e4176ac189b4e9a09b3f2c78f54835b8a3a9a3930309a8a265d49d8,0.1296043106584648,36.0
3274fce9e826db7469084d81c864ae2a91bd694139d1dbbf5ae138bf71f174eb,0.12956515849100333,36.0
138d028bd36261e8bb733d54351173aa91b0bfa5a50127a9f0ed5b9adb6ea81a,0.12958594806629473,36.0
e9116ecbc9d1e6043ccadb8b70d1c142583e1526194949c8220669b0e1ac192f,0.12959227116772468,36.0
2bf700f4cf9e2c0bb4373eddc7cb3580193aef1ff3505b22d1bf1f0f76542a41,0.12957259571623647,36.0
e4f4367acab9bb0b3f40f06a14b3932b52e14503e49bc4bf61b6fb0a3860b0b8,0.12950226464625614,35.99
0d75d46a7d3512993cc01abfb04da9903254ee172cf5a8fed7cbffede744a39d,0.12954713483842972,35.99
a42e65eb237521d95aab74d35efa1ec9b310fb8c8422e0a3c92719ccfd748253,0.12946339261728984,35.98
6b88e7c6c5d150dc91d5a6c646a1876805997aa8d1a2f6e761473b8231359536,0.12940825332709516,35.97
ea46ed1214a094a318bb89747d8389d82e64af9b153b89eb0c0855a57744d92e,0.12937633753916963,35.97
0a5aff849aba1e4e53f175c19f10e41ee4ecb5c41385598f7618c85db497fbc0,0.12928667079256168,35.96
784013761e981ff77128cd5ca02c18ce89f7e6149b8b1a65dc81c80c8fe07572,0.12929044923233968,35.96
3ebf1e778f0a4f42ab63f06280176c41eaf07d9525d878c158e59901510478d9,0.12928395407059493,35.96
8165425fd06cce66fec89101f1b3ec34d340f5843ef9aea345310e918b417ba7,0.12924242753972007,35.95
45c85e48552c223ee2f8b2378b60a80df51b9c106b26e9438589e531db7d8152,0.12924694033114453,35.95
2c0a338025615bd80e40910b61355bb03d4602b4d8b05a40de98e3ea5a447273,0.12927611352559829,35.95
db28be2649868a1b58a10c1c282db0cc02b6bed8e4f5d8eccb8115d0592446c7,0.12925314384530645,35.95
3a046c92c080d943a709db842d63c9adcc4e8436a0b59bae271b0829f6deadf3,0.1292473742146451,35.95
b5c380579f658f87ab3ebea115d956ba16984c5c021a102f90963f464566dc71,0.12921977153148448,35.95
d8e555ecb5949b8e277310ad8703c33099f22a73bafca466fbecb27b4ddcf1ac,0.12925799224038362,35.95
63e6794d7b529fd35fb981477539733db14a9969302345a3329f410376ddf48e,0.12923101687847371,35.95
f8161d02c49a15ee07043db238c85e69451165c1d919760e8475d99da9e1f56f,0.12918290811990304,35.94
1213cbe94e88a6f12e93f0b12eca7b0284bc8d2bce7b3788bc6c7789c1d1c47b,0.1291427609836863,35.94
fbf49fd1dfa1dd7bb2ef53e06de5c4fed53d3296aa92dd091aecdd3597f98c75,0.12915259705479093,35.94
efdb0b2e42dc6e340146314ba7d84c328ad470402e58ba5d70ac8a256ea8ada4,0.12917318849547077,35.94
a54ccfef325ee2ca72dc8a23c6e56177ee6c6b6f88ae55481d87ab3c5716c31b,0.12915666255872865,35.94
b1449a287d4cfd80ea74c8df52480a39bc2899144261d55127644949b1dbe633,0.12917990554024397,35.94
8ba5231238cd270bf234c23b8d8f1ddbfb51d199132cd54eca1bab0366ec92f0,0.1291577563128544,35.94
bd38fcef39ed1ed729ccd845cdc8047bce52c9a3fa73c4d08ca9142e2440e1c2,0.12913177749651322,35.93
d38aedabcd014f5029dd20d0315e80f2691fc951433774812293c0669facb5e2,0.1291137843619971,35.93
18bc658df9fe763680e204a2343c2a05af005c13ddcff7d9ce05b1e1f84d8615,0.12899770656994103,35.92
0814ab2dae5298c5d9c115ac319c78c898b4e345bee6486259404f9f6e3f4a85,0.12899132917815104,35.92
6e6f046d92e76792f06450403d3dcf48d7cb511b536ed94db40d5a86bbf9b02b,0.12896811971278171,35.91
fc393ac9dcacdc146ae986acf7a75f9eba87cbbada1fbe671c311809db6220a7,0.12894954692392196,35.91
b71198b7a7b015239c1e5efed6b5c181c81b08581e9d54d591464f22d2470ad8,0.1289559097219123,35.91
4c31fb82521074f695ba6587e414aa87f1833720ab0c48fe5325d65919568fb0,0.12889253210230783,35.9
fc847e084964e4e326818a9ee17fc56f79130db0e19b4faceb66e4a52eab2be4,0.12891587072136754,35.9
f23b8002676fdc34ebcfdf96b416fa375b42461699b11bd8cab437c2f421886a,0.12891222210764267,35.9
d193e6194f05357bda29d5f5d55cbe1c4cc6c6374dfdf3b9c41f19341cf5fcd9,0.12882576657983846,35.89
1399e83d3be3a643eb3f6a8c8f3bcd7b767f9958bcc9ba1ebe65026337b574fb,0.1288094657748857,35.89
db6ebd7331aa3aff821366302f3ac87a1c7a3cb1b3912f0cb97b3686137e0a99,0.12879995728847957,35.89
180a12dd9d751e2a96c5de614bb842e2fc358a495cef9423033cd10f566d017f,0.12882632822412424,35.89
cda974bb1d7db39c0cc5ffc50cab2b138fb0b2f39afdb309f581b2259e4738f4,0.12875210591396744,35.88
f91ac5f1386564a4548c3d5856cd2bb2269bf417ab322a79426512965a35c723,0.12873671393694308,35.88
25f5df744e3a346b67f33fb289960a6d9b69f08456695af9e1b58360d0535537,0.12871176640138499,35.88
bc57f6dbd40fab499744d0ac9b21f6957a8ce22327971bd65d6e55aa84402cd0,0.12866762171599563,35.87
30d56f7e2eada2317df6a9bcc69f2ae3890fa7a08904e7357231508b3a6ea86a,0.1286519253450738,35.87
564b560650592f12b25737e9ad2f42e7dd1d3f4607c533c89b92197733102276,0.12867895502537122,35.87
72fd122fe99cd31d14ccfce76ae4d36b92c58b16dd8c1a831dfa174f9dd40d24,0.12855955124229393,35.86
25a66a4cc60daddfa0e1dc6cca2b59567986f928665b0d592fd66b5588001945,0.1286215414538413,35.86
2d4301810d7e2e60f7b53ca6d38c0d76865c9644aab93eba496faaa252735a53,0.12862762141572476,35.86
dd797b2782fa74836f4761c9e1a32e8df75b8f7b140b8fdfc9471cbaa0fe441c,0.12851272220646728,35.85
6f424348cfe7896930093ebb3b95c9220ea6bed96365c686f9f49fea401b9e7e,0.12850214481339475,35.85
2ce2d3927baaa2a817273ad5bbc6c4969b9b426c88ef41cfcbbc4d4108f42413,0.12852789293065012,35.85
b845145a5506946d7ebc0469a170f29432b4cb5fdab731f742909beb721ee6f8,0.12834443746823562,35.83
f5881d711bbd1e731ce5555bfa73c99bf2130f98b9ee7dc0751e26b5888d2cb5,0.12834374514902464,35.83
5d5b37344eba002d0679ea966965b9995e3b5b8f7896e821c9caf1d9b609d7f7,0.12831829343689907,35.82
91a75cdc88eecb5b1829d251365aae46211e542fe92ef9ca1fc3a8feeab16637,0.1283046833208913,35.82
39f5df126fb3e0e05debad18686582288b68f20fb97daa37a95aefa31c7c8543,0.12829774514178324,35.82
e070dd16799a54e8e7dc9ddcc18f3510092e2097e5822d718e4fe3c97c501864,0.12832570575152322,35.82
7d1fd8afb4df1c9bfcf141bd57a5264cb49feb36aaaf92db364b29bb6125953c,0.12822383310519503,35.81
3c1523203b1821ab20c5bcd61cb89a991f2e378b40b0c7192b03e4268ebc8807,0.12822037830067035,35.81
0eabfeda79ed6fc0f73f350564399ede2986a2bb3ebb0cfa95daf82a8e46504a,0.1282044107463198,35.81
5a908916d96db89701dbeb72ac46b0db1ccd43568e8713794bb12c8b34ef4f4c,0.1282117404713901,35.81
db8226f5a5dd5ffd126b633cd31aff6c28dcb2c6d307d5214355c405e952c43e,0.12824542782161652,35.81
c7c8c4fd464a2e21bdaf12b7c46fba5d29d7f04a502e36446f0914e578f0b68e,0.12817719814925993,35.8
9a5f485b01eee58fefffb79ad3af58435dfe69f30485c1121b0cc1c4b3d0d051,0.1281801206275018,35.8
dfb88669f55ee40efaee6622d9dc42b379985209bd80109538a2b4d5fe23d60f,0.12817143882485543,35.8
25b9a8967b312c9df7136529b0380c109c2a5093399076cfcfb0ad263baff948,0.12815797891028063,35.8
c54c40a2b5020244f7d27d4ba5bb7f3ef6f6994e2bbdf2eae8f73c7b01d73826,0.12814002598762142,35.8
befe452f88130a90b332812c4cff8bfbf397566f302ee2168014fc26b289f614,0.12808521616197102,35.79
798271e0a65a1b7a452bbecc8db31acd90341ebd0c14832bbd7338061d7b7804,0.12807284702792202,35.79
ca31347c7874de7083be19d26d3781b3f6ef1442dbabcfa8fa14b23061203057,0.12806115165924703,35.79
2cd275c55d75d2ee17e6c201b1718d15dcd0a1c72f9c9fab999a3babfae33b63,0.12807525417270882,35.79
142eb436caa92255e907e1cf08a5aad47f9682d32ef3cb7000181ef969d57779,0.12798722698370385,35.78
1503a21490bd70fbc704859ad8bb379358cd8f77de997664ffee37755aa04617,0.1279967353073205,35.78
17cee78203d2e465b92b860d91433273063988470c0ee7f0ad30bf41f533aa02,0.1280059900070264,35.78
b1935c40e5f9c47736a8dc7c1f26ebbb22a7656437821345d7d3fe406edd1e7f,0.12804312482540073,35.78
c95dedfd9ae3e75fcc052d0056ab0760c9fd2dbd8f5289c2f2dde2c13f6c02c4,0.1279472377013131,35.77
c2ac50eb7afc8ab0ad21e7de6a7fa11babc067e40bb3d61aa562027c609fb683,0.127967558670942,35.77
ee9060028b6f7ca4898a07b773240cb5e38298fa98425252dc7b4d769df9bb76,0.12797870017223167,35.77
cedeb45f86c17b757d01fb8d0db340b7e8f66f9c08dbe947dff2766e689ba414,0.12785594387176208,35.76
6a1d46d137d0df56f4ed9274e138b88cecbdf982c9a548fe436dcc7b8eddffa1,0.12789520495644524,35.76
5242425e5f57161f8b7563ad9f642e5e83a5fe750c9b2c392597c0ebb4853355,0.1278791560667355,35.76
e0e4978c200f315409bea21caa79ff2c994c9d665a7685b518ae5b1bce22d3ff,0.12777267199484027,35.75
40727914a470cfc4f24342bd7234e43351744e0650b22e20e1402f06874c5055,0.12779984061312083,35.75
4b79e8a586e62ea8e7180405621233d7956369e8a0279303de6a6fd2fbafa1cf,0.12778361258860452,35.75
3acbb3ecaa7cd70947e51c375a9a3698d02be6eab4e42e4925bf912e879c6d56,0.12780598169249538,35.75
782cc7be78ec4738891dc0c72cb8da34a600d8db5280942abe4d2b1a9b97c9a4,0.12783710758462313,35.75
9cff65af4e5805a0c5872e63604dcb28451b9184850468819ac7216b8e23b845,0.127743212797703,35.74
2e8b3a41011b6b3412dbab134298a7001cff26b08a7488c251dbd042c1f39692,0.12773254257775318,35.74
bc7be5a632854bf790714112cad878e5ea513aedc92ad8181ad5ff631210112c,0.1277490059954535,35.74
64166985789c2578d019f0bbc0483ad1af1c93cc8f995fc3674992631ea83c39,0.1276363174374814,35.73
0960d4e9390718207c014995bdf7fb95cbe8bf85c2994e382cafca8dc973af20,0.12763345578652685,35.73
81f233d6d1776f34cd2b50c8a8023fae23481963bc5d24e16574eaf7f50558de,0.12764263110668037,35.73
70a9d6ec466bb389a643915b6f182b148d0b29f328ad8560c469a0578d25f996,0.12757585013790584,35.72
67f53ade4e3f001a63182b22dd7152df103e785e6c2a36da6117e31e4c7cebd7,0.12759555631988323,35.72
c1e02bad2f0bfad777b84d78733b600ac12f59ca6d6ba89a5689113fb83aad26,0.1276231363142338,35.72
2e024369f059747d2353a20c592f71e03e74fc5fd1dc5e2a2dea045abc125bb7,0.1275582813934223,35.72
e12174cbecb165f4f1ff938622ac59a71b2af7e8480778a6cdff74ffacd062c1,0.12761599001521454,35.72
071034a94df094c820af1c81bdcb52194e0c4772f43c4695f6677815c35ab93f,0.12749047500144287,35.71
2633ce94f7675609679f6e3faf2489f5f832ba0d654676546dd42bf082ca0f2c,0.12750047331598377,35.71
69af2a413334500123fdd4d2a61b56a2284a807b3aa760f666ac4a4f8b4fe81c,0.12753232023845182,35.71
3d596066b910b5ebb3eae7570b5a4ce7798346adb3db4dbf0ae0eb5ec8017971,0.12745143177731824,35.7
1b5f0a3e65d07e51182effa8f03d7dff2f0d3f93a682a1e18e1b57101f9d2744,0.12744534696235477,35.7
5cfe8544356a27a1a4eb766a44f586e47b4262f95b342964ec3ead6a5a992f20,0.12744388577459412,35.7
e0b6698a4af2860009e33e1a57dd619e92788ae8932ad496eb9cd680e219f011,0.12747420808319007,35.7
d7432f865ff829f6059eebf692d9df18e560fe11e7e888225a03703d94fd99f5,0.12741261766689382,35.69
2a68cce20e62c048a8817b722c82854fbdc4918d7ce636400d4bc537e3b98773,0.12741151991901922,35.69
f051f70ddd72c0f83880a081520f444066cd30f68c4dfb35cc07c81b544b4982,0.12731354386074784,35.68
62b36bef42ed59edef81e9be304bf2a13d06160ddc2997832959845d2f3bc958,0.1272117325122938,35.67
3717067f0d5f9f5b9fefde479600ab130a205c95ae1988f55949ef0c45c007f4,0.1271296236867366,35.66
8a91a4b6611807ecb9dcf085c2e8d5e501e9aeeb29cf718d1b3883c49928cf78,0.12715120035032745,35.66
04a1420f1b9db8fb9f0044020b7b53e6088f679d207dd84c930e80002f44eab4,0.12707768989136897,35.65
99a62a47c86d5dc204be79c49318dbf1fa1c42c8b558a02b3a1b2fd1039df316,0.12706791059746375,35.65
97c5a82f4ba8041a9c009e296a96f1814ebb29fd9d01a5a35a999d46dd9362e7,0.12706859366143472,35.65
771ddbb515e0ab4e3edcd4dc75d9d0dee224ce1bf088aaacc39fabcb72546306,0.12701718740641266,35.64
d658c2b868dd2b60368fc413beec47660e61739953ecbbddda3b7d6bbd20cb5e,0.12705532784460194,35.64
8bc315b333c2797d47eaedf2c7b6f5cd18887a25d4e0d1c1b24ea5b09a8404d1,0.1270289862041941,35.64
b6a95bbbb31366b9a59f21d6a1ad50e2cde81653f5bea8b80e6b24700a7f4f2d,0.1269275875377488,35.63
a2298546a3f2d1ead4db24c1e520c870ac6ee7bf6a0a0d1a939f57b5973b1f22,0.12692866425841956,35.63
432cb2e65a9ec1d7165f94ad5b99a8265923e194994746735a232d401fb9799b,0.12695714352824067,35.63
87bb4adb3482430b838af2800fab149866d2ab7470089cda6cc3985f1e3fd950,0.12694064452157186,35.63
ac8e2642529b9cd50b16ff303c147b4a76cf3dda3bb112824abd9b35a3feea20,0.1269047111478312,35.62
b3082ead1fcf2ecbe6208c7279ed571893155fa7ae4f5dcffa01c7f2659b803c,0.12691138470216787,35.62
5d75c70e667787a0c0d3e237d1279dbb5d3656e1361daa7f730ebe963708814d,0.12687694984854767,35.62
66108440bc840c0f2cb2670fd5c5011fd84499bfd9ccad2081f674eb22071026,0.12673853256757486,35.6
9e6ecf0101313e18ffb18c01ef1c55066444d2fb2604f6b6def02f8c299518da,0.12670713629318195,35.6
1c469bbb7a78d9b4d31489350980d03a90dd10577f5db47e60f07ac78aca46b8,0.12673784180890235,35.6
39129376b82a5c9406328219137c81d3fda563cb3ed0fb633028fed8a2217214,0.12665314858057658,35.59
3e450eb779c2209362209aa15a014668cbfefc0af2d625df323a2f1124819617,0.1266984295922848,35.59
d6fa638c461f2223317211a5166edf7c3e3b75e136bb3bbc145abb07f8224d94,0.1266841026901585,35.59
697c91ebc06022d2cda385d35a77f5f2d198ae6a08a764a0aba68391aa06394d,0.12663736529936634,35.59
d120013d2b48ea7593881b2521cd7c5c438032621e395a6ce9bab73c10c77d6c,0.12656621570306342,35.58
c771dd2a14c55e942f960aaa5c340e8056b361b044fcece326224b39fca56b0d,0.1265758467083689,35.58
3bd4faaf7f38b09e8ffd9d0d2ec14637fba7345ed269b65b715640e8c37f2ecc,0.12656006021685184,35.58
efa083d02717922e7c49707beed06aa6e306083b27896f20979cd51282545cef,0.12659038852234278,35.58
81f8a745d0384819598d6be5c30ac82375a52220b37ede508417b892ce6a1039,0.12661802514990958,35.58
0e003ef4e35ca7267b6e7cada685e2ca21750565e48bd7819f7d13357f49fd23,0.12661815942438628,35.58
5e48ef0cf5a34ec56f7340f39f9b8d0bc1f3fa0d58ac9c9425195dcacb807c33,0.126490885148089,35.57
a5c2ed5ef6b824fc5a5a06602af8672079c23ce5f0f0ff0818a43f855e31460d,0.126440817175778,35.56
36d74a3ab9eb478bf651b1df522aab4b4b000308638c2e8034c2be1bb86ed5a0,0.12641827765066016,35.56
cadd7f4aa36620c80da2e03f6c3fc2907cec8072aed95b1cbed7b78d2a392a8b,0.1264695676153225,35.56
cfb3e426f693af0419a72778029e9961e7e6da7ce4c8587a87cdda96a0d8f7e5,0.1264802060527035,35.56
a4375707acf92773ac591eacc3f5a780ff0de82002c9b9e243fb9eb9f8331ab4,0.12640590273372715,35.55
999e021bc7239fe3b7d3ffb4e8582ec81ee79f4275401f414a8b580387ee8c22,0.12639041252036082,35.55
52f8503146834e722444fc88b531430a6c7b36a98b418be74afdb833610b92d6,0.1263526192034819,35.55
4a7fd4fefae6aeaa84d16e0837eae6367d5e653708ae864064f49e9cf042c85b,0.12636392881099215,35.55
03994b0668e3d351a3a59f7bc71cf833c592492e0ea01cc7e994e18133531af1,0.12635676450148367,35.55
d7e3966154f062b92ecb4eda17174db279e7c43335b15c5f5e0920fc79faa077,0.12628361675621233,35.54
b5ea0f9eaefa4d6ac6645a9615585194f31c15140833a91a85175030d2910ced,0.12628230561584572,35.54
3eb2b32f8b809dd0f0f84c437fe66317f199bb3682b1c1cd51d058bce299bcae,0.12630706381154871,35.54
3cf318e1780107636b3f44264c365a77b2ea8c0257a8b17c78e654ed8bc345e3,0.12633032728913934,35.54
784ae4f5dc6b295b6986540b84a686109e93e26391bb8c56e7b1fe54ea59eab3,0.12631274715026872,35.54
32d68ce2913104a58ca72406a1008227a76562006c3403031caea57c0b5d81a9,0.12633259617895087,35.54
509c2efcbffaba4ebe55996372cc7c2d14e105a5d512a0add54e1a22c63a5830,0.1263061952114592,35.54
3009c9196c6891a1fed47faf210f51833f2b788825c95a3049069535bc81ad2c,0.12632389433708696,35.54
df45bba1937a18c32b6d36167ec983a59c9404bd67916377fa408d4ba37d4a54,0.12625355629724358,35.53
a04b4bc3c325cf43a8b5a501fac1f347a783eb6f78a18aba93539776360b889f,0.12622858755877864,35.53
41b9ee64a81b1b0376c28788e4942d3ecbef746a74f6e8e070e84534cc4aee3f,0.12624580527688212,35.53
290616d3e6b9273afb6ba30fde609b34ea9d8c3d64ff251bab79fdc69b8584ec,0.12626559679650484,35.53
989c09046063c7dadba8c0f6e6d3b2afbac3f54251926cee9dbe9a62f712bf19,0.12617038917890533,35.52
89313d9f92bc95efdea835b88fc2879e25f0e05a25002d5bf7ab85d666eeba8d,0.12615063858531778,35.52
36636b8481aedd4f30923d23f06fbc4af27dc3b7ebc68433fba3dec2e5b64df8,0.12620199740025742,35.52
8e3273e6959006bf30a1048a5c6c5e208c9a672fa83ee6a7fa2d5363dac5a65c,0.1261994805151685,35.52
30e7bc0d87b2f34795625ff6793a01e64bef8c06f73f49c523f1c0f6ffa97be7,0.12619800293314534,35.52
c7939f45ca92a7d80468dffd694f74f440895aa8c49d93b2919b93755eb18e7a,0.12609354174799678,35.51
f27f62c7b95afd44b318ecea7dbca65e0ee53e7fabced7cf6c9f9c018cb9eebb,0.1261267589515821,35.51
bbe14311ef2c14238c2befc151cb4d181e6e87e0197dbf9901f221f3bcca4d4f,0.12610726555719226,35.51
15c34b6bef81d050c2944f8e71d596aaa092c050a562b11254d43ee7d42bbf7c,0.1260720358965494,35.51
cdd96a63d2dfbc69d7d2ccb92562662458c654dc53603caf442c6fbb6cc09b66,0.1259929773509315,35.5
e0cc360c53adb4603e1902330a7d55e56b4dcdeeb36c684cfc93c144220d5032,0.1260404916092107,35.5
2548353fb3da19d71cb92b28b350f5f3c95c628f5d6042a11016e7b47b810841,0.12604856719333932,35.5
61aeaa64ef646ed6ca2f1310d238047c029944ebef3e3fba676b8c57fff876a0,0.12593823306908564,35.49
be81b9e50d147a54e67705ea3b09812fa125a8e80c79eb745eb1a917958477ce,0.1259620766763695,35.49
c8b6d644fb18d036d4e2bbfccaba0e10ed3aa5393e344c73e8d79b148c2f4a79,0.12594757408075974,35.49
a38b3fd043be4f1914ac74fd34266247c28696998b5ea721dfb9ef3f78ae0193,0.12598098604116234,35.49
01a07951bd95f92e62947ef2760cd9106268352c8dbabd0ddbc55ec2da1c0ded,0.12590591197973602,35.48
b3682d4cae8861bbae22848da37cd7079e8bcf261041c37daf3646507e4adfd9,0.1259060938390015,35.48
154694de781a26befc9af786fa4e9d7c3e860ed2dba47dffc116d7f85b86a3ad,0.1259133959705977,35.48
b26db73d19663d503ec3dd2172496fc52831ba3f05fabf9b054b394176db498a,0.12591836064998688,35.48
dc03f439b242e53500089f4df2ce2c08327800f90a4fd01b2c6b41289dd9a694,0.1258607326640827,35.48
b9420682389507a8069d126875281ff17bb173fa0f8294e132c9eee0353d2996,0.12586366121359713,35.48
176bdf4029a574eda8bcb180d0d981c3d2e91e8a497c4d28e732e5c83ee8d099,0.1258792105008007,35.48
32627e3d8991a4723ea5683ec4ab52288364754a4b2367d1555e1c51257a92cd,0.1257845973705314,35.47
8b9148d99eb67f29ef4a629fe5a07c28d8e91d3f615022b51d1d67cfb9711e4e,0.1257984919295722,35.47
9047af2df445f9cd21da66d79de5288e865daa88642af3fcf2724b0142836b47,0.12582734502963444,35.47
89ce4fe98732c8067cc8b1bc177a5ff63ee9071f350b12922f7441d6a926003d,0.12579961818511048,35.47
450db7924b9cdb5de5f6a2a238a552ffe43808fd04992af94a682655606d5df3,0.12581734382957088,35.47
c78ff14d028e46800c7144955ce33e48055a4a489ce9eacb21b68ff72221ffbb,0.12574241979426587,35.46
4acf010e6d4497b70017a2815f063f7fefd03c849452233f92d53290c957bfef,0.1257232847673085,35.46
a84695680ea5f78149270de8bb0e30840efa5ff5812ca441fbfa79e8e626be75,0.1257452087600457,35.46
b8f5e6ad4acbeb858ca57ddee1ddef5533e3072804392fdcfd20b3d6ebb7c56d,0.12572701934600977,35.46
d99fd1e6f923f7adb365a3d79ecb065afa9719b2a380d7128611551b34118713,0.1257491174387262,35.46
4a16125395b4ee4662be932912abecf4b1a7e74ef465b89cd928503cccfd0471,0.12563686066383703,35.45
191e0368525586fe0772d568d2f35b85754b0a49e94c54a83d758bfe1ac6eb3d,0.1256439642163011,35.45
f677a72e69d7abd804b06f6b9ade4a3484d7d95f3ad90bd6b1fd39115ed24cb0,0.1256643075375908,35.45
91a41a4f264ab174a50b1a290bb286d42ff55c7fe5c84283b6ee192d8f835b24,0.1256209767859832,35.44
5f207056ea95513c53232415c865fb5a653b8523dbfb05f5e27008c651732e2d,0.12557141220109883,35.44
d8fac39b0e2b9c94e8e3b038b6ed367218fac2bf3c93996c9849111d948404b9,0.12551849975696905,35.43
6fb4093b8e51ff12493d98915e61967cf20297589c165e14aef759d4e5eda5e1,0.1254777567322314,35.42
63d9d61992b8f1be09a4e055d3ef2320cf9cfb9b718dab85d655733cfe361c6b,0.12540169822396294,35.41
e29c5a79e4630f407603da3a8b7b8e14fb929f0efd9e3cd3a1880de521c744d9,0.125354147170317,35.41
cf1b48a1f35a74bd4398a74733d272a91575273f953dc6b41bf54c04265bc3cf,0.1254038413888827,35.41
50d85dc175065890caf90d0c1aff1bfb9c731080d3d8076e28d0b80a81246149,0.12529797457355094,35.4
6245a8d6bdc3ecd558ae4030ec672792d9ac3c9289c974561acc12e2d551d672,0.12530403459301365,35.4
16023cfdfd53b282f892f930cc1033d0ee7994bf7d8e6a9bbe958e84ec3bfe1a,0.12534794413135583,35.4
6b3b5df204cd5522dc9eeba37e340d74ed2945b46a546382796d342b8bfa4fb8,0.12529317034531315,35.4
8d9dda4f7b81115556916e5f8d681dc00664b1b1a94e78e0960eac609442f215,0.1253024508631368,35.4
d8268d85994d18288c95e6d8d98cc909c5ed717876d9bb3131427e713ef0ae5c,0.12528680869336953,35.4
bc9292ed2391c2fbef0c78acac63c4dc302c964ad0ba25f3ee4ed5d6bafc0c17,0.12521959762884732,35.39
312d3faa641d639280406b4c6f5d48c4e5efce64fdba2c52bc771873b621cb6b,0.12527683153526892,35.39
0df3e9b1466808beeb314930727e54d417efe413ddb6a905a0a1ee85ecc88b2b,0.12527921821935334,35.39
dd8378638f56694ce0afcd36e988b4606aff9ea8f1df4656f8cda87c9ac0b004,0.12525785572077885,35.39
7f69e8b0746f3b73268d7e7e683d37b1d5a009601249327ecd57fb7fc35567db,0.12517688010372777,35.38
a510e7f5dfaeedcdf27f1d660ac25e55210763ebb9f65df7109d77c606559ce0,0.12510071249486526,35.37
396ef21d04af04ba789f5fe349e36304030853ac0083955dbea98f40493f6f34,0.12513571665952575,35.37
17407ca08e0495997373f7627d657e3d09a039aaed102e35081814e3b9bc7120,0.12501183445240072,35.36
da85d2709b6c984224c1fe24483f947c0f6a1a716003b8e05604d8fcc99fe89f,0.1250023298440187,35.36
41205377c9f8b0bb8c4a33d45f3de3a3acc93c16369225b22931b97cc9e4f74b,0.12504022179034757,35.36
355f8f434350e6a6972e283cbf515d804aff1b120b0f1cc987481845b6c02007,0.12499669673749945,35.35
31dbb396ef2afd13cffbdd51dc1bf13f4d5ee10469583802bbbdc17a37341713,0.12496259523386893,35.35
bace2e6f7a90722354c7d83fd86de4c05be98d1c75915a1584f07f0b3de9deaa,0.1249905150158582,35.35
a193ee9366004943011cfa41e379566e1fbcb9d4d9924b9a9fad9a3030840848,0.1249796473563412,35.35
f31b762b713bd7b2512d1a87663c072caabb5a058817bb989d867385748cb55b,0.12479586270613137,35.33
402252a8e54c0bba2bfc157028e30daf3c1898982f2fde351066bb252fb46460,0.12485551329706476,35.33
47f1788230faee0623628257403b9489649302197172b593fac1989a985943c3,0.12484865891191678,35.33
42016d5fd69ba77619ea45093b8c7192d9a15f8abc39f10b2f14ae0c29781363,0.12481769770739065,35.33
1f69fa0fb15f1f455a36f889d451a71f07256377f00a69be56e39edeb6cb977f,0.12485549811863855,35.33
f52a292837648259d3dae7b0f730c5a2c004809cb81bd0fba4f461350d373b7c,0.12482894577884142,35.33
a40e2be5c99507853b95d849108f6decd50cf6ed2cc8e70800e6cbc5706d71bd,0.12484943421428954,35.33
2459a22e4eef5e549666a76f73c382fad94794907d5dd86d790b799465394622,0.12478496195937237,35.32
0da61bfdfe3c59746de2d804bd30e1aa0684a6ba3537201547bbdabfdcc82913,0.12473548944718202,35.32
8ecae8f4752f944d89de59a962724a53c566915eb85856ae398ee5592f0f0c8f,0.12472917718129778,35.32
ad975768ba02c8bb153002ba6a3379932bd010e0ffe550622ceca034b00a7471,0.12477674796403518,35.32
58af8100c2bd98d3f7a9753697641b44c92e82ef23b5a66c863d4a57e36f4297,0.12468148528108314,35.31
45876e087853b25be333ab6fffaf1acc3803e0e130343e022942a77671fa6dfc,0.12458482117159064,35.3
12507a7099326ecbf1ce5c3ec5e9b1ddc211bb22b9bb91a8ab61afa68bb8bf0a,0.12463410960278763,35.3
c8c1f5625b384dbe83fb0b4ffc731dc6fdaf9548c23401acd82448951ed95f0d,0.12451241129023732,35.29
079c0bcb2e4031dca10976528794f45df86b14344fe743649a2452df0b500bb8,0.12452259599588597,35.29
16e2ad05458ca35eeb902bbaed257e95a9b4ee77d49504e5e19cbc93a7283056,0.12453630673464108,35.29
66402527784ffc91e0cbf831d8dde51a92f3be820008cde5b7a40aa4276d0a59,0.12455212592331284,35.29
e5cb6535eca3ace6f31fc7829fd24f66b2798fd9c60e57b5e793b02221a227d4,0.12445137963830556,35.28
fb26af08249e8e969d23baed722446df80a53ed90d984298bec2ac09d930f082,0.12444933270038115,35.28
44477c098b83c244c12e7982f821885cfe88dc6e2e37b38d763b7d5e0b4790d8,0.12448184458679475,35.28
e909774f01684a6c45f7d2a2b4ee5eea2c75a8cd57ceb06d94d2d4db3f275dbe,0.1243846551774498,35.27
32e3876b0fddeac570e874107ec7c7eb69088eefa401b2ea6e8f3ef02561db97,0.12438907962269129,35.27
e3f6b774a358680ecd5db704d3de2fbaf4cb474844ab19ac60332a229665568b,0.12438744951401633,35.27
d472dbe03e8be8fc9886f926842421a1238c90d1264fad3f675735471f670066,0.12431766021504705,35.26
e0420c298ed63f13876a663d3dbd9e9be3d6497e74b3428b10cdbcd22df51e0e,0.12429497229444285,35.26
507b4baa739895ad6c6f309e3e035122d7b801c5b993ecea79580d4b1fb4eb28,0.12435194942266053,35.26
81d821576869295f4c3c6207333537609ebf884705377d0f836f4a257f26ccdd,0.12431517799707312,35.26
fd185f23769acf4482355dc6f3cc4ccaa1c2664de07082dc1cb092181dbcd4bc,0.12423338709200633,35.25
8f1b80dd11740d09c984b71d26a01708f24ac7b6b8a6cc0f0caf4ab3e1a0ce1d,0.12424159905239503,35.25
7659d93bad337ada1b0f058d1e86205a6225986f143648cabf0c16125825f0a1,0.12424818633181003,35.25
40f187ccf72b43fa43e0bb6bbb648440676f4adbc7c9faed7019b1ee0a55c737,0.12423336301220526,35.25
291607c99f838f85522bd28a4a09cd560874e024a9678017b86f19d563629b36,0.12416035058950411,35.24
e9b2954fadc129f0e5d12358493f0bb76fbdec0d6335804413d109e2fa8ede24,0.12415983434681731,35.24
c94ba6acc729b6e9b7220234f6327646531ceaa111f7808b4982f0b492a5aebf,0.12413816219089421,35.23
366b60cd42508c357434442605525c58d9852559d350ddafd6662a5b40bb2104,0.12411146486551086,35.23
4d57b53e5f0e43347c5c0f13ee73b07768909bc468953d693a7e52bf4c953a09,0.12408359189464747,35.23
c75d6a6ccfb5df73b597159e02a3fc8f6d033c80d6c49d02f14767cbbe433e0c,0.12412004968998872,35.23
7198f380af2a1dcac6cfc9d6aa2227ee4543d19cef29c7e3a8337d2b6b19ad84,0.12412557370166434,35.23
7254a3badad07548b7683f76a3599dc0fda1261b46feecbea4842b000ffe94df,0.12398154568701278,35.21
c0624cfa8afe32d3c1307fae180ba9ca8353b52f8e928e9a6ede361b351b9647,0.12396895152615325,35.21
16bb5edc90a957a1c5d3a801f661e24c33de477d79d44487c1fb04b7783dc6dc,0.12396226295014606,35.21
b05812bf5b73e8985bc235219b101779d99eba23bd8f8c7baab38c2716e91f6a,0.12387145327657079,35.2
c060566144b5cff80380c76249d437bf5c4b37a5c4e2bf870a0618f5508f8519,0.12392217720614751,35.2
7ffc6c3254ab4436ffbfa56fcb99b581d9751e8906d5cd2485f19c60616a7366,0.1239322923035448,35.2
e895d93022b0fca12e5c0656e2f214505f81725a5e8e04be59aefd998deb9a40,0.12390336362714355,35.2
cec145744cf0f16d8708dc9dca13e84f6aeaa6172175d7c052ebcc212eabb99a,0.12389350920054193,35.2
f2894a7ed924eff5606f9c27767feba61cdb56bf00d9cd88dedb5808987f31e7,0.12385417915143282,35.19
8b0276ec864471ba31b5b8910a0ba01be83e19c3c5008ec7d38e96e8c580beee,0.1238216576583555,35.19
8e649dd9aad9d7bf3de05817b417abdbaf709069beee4cd87b1721e6078b343c,0.12383709949937016,35.19
e1bd7cc7e012a22855414e5c79ceb73528b9580c38d55efa1734257d5b558a26,0.12382417984763298,35.19
1e2706030219e44f306f6eae873bd77c3b3ab0b070f4b753e44c34c8f314821a,0.12377987149955799,35.18
914788e8ae7589c707c44bb548a351b264cb0a07c5b386e2cc16827e9fd0799c,0.12377297740078688,35.18
77fe430da2f7cde3432b2b08007c77b9f585f4e4e2d63d9f5c3fe86d8e5ac0fd,0.12377419101433934,35.18
cbda9c3e7703303d6304e8d189252b2fdfef19691c61ea3aee4a43de6cb6c7e1,0.1237424132892889,35.18
0ace5b66b81a23224ac0a70b83b482c42a494915483f1a9aae53bb7095005a00,0.12359203159460563,35.16
bd517782def8c02617a6646d145f54cb3ca89c19ec734a4c796c85d184c989a0,0.12360727137626565,35.16
331e17c0de9139645193b26beee4507e86dd077483b3b6a0722925e2e4c4630b,0.12358764107293237,35.16
017d0c9b3e8b46bf3ca819687f767b9f93c4b9428cc343175806c5c8e5a0874e,0.12355487974370026,35.15
aee91edcdb771bbde0d66a76719322963ba0e947088df71b4e689955af917b75,0.12354554620376795,35.15
404dc593f2dd9f9f2fd3b8c09ce1b09de48846e454fd9f079d45b76a546ea7de,0.12350924784457928,35.14
ad359493c88c734628d17a0369752ac8f6e2a2d97fc961848650df754e9da182,0.12347271051166323,35.14
f9905c2e05a121ccdac8e9aea9f51966e1325601554c0a5bb567390e0a8992d1,0.12351549980727063,35.14
0777f9857c51de4ab0b4652d91e498c0420d5a20b987dcf29da9ce1a96903795,0.12345633624356035,35.14
6754fc2eac161445bc14354b9f64b34d4e5607a953d702f7193beb015bfe1b28,0.12344888851194487,35.14
857798b24dfd15c8b88fd9812a6a2b289b7d5aeef63b782eb25eb29c9366f99d,0.12343020401765674,35.13
57df7f99b9d588023063e5bf08f84992ad5bbf43a58901adcc98e74fd0e9a0f4,0.1234453917495681,35.13
40271f2ebb4cddf3bc93f35d5902c205731ce9cd254e7cc23766554ad055136f,0.12332518857559407,35.12
9643d3446e9e4a3d8752d8831d978051ef75296dab5c89f4ac20e314706a45bb,0.12337471927973452,35.12
c7f8a1a9474ea65487d0b1b50600398fe92106c5122ac3208bff788315436f2a,0.12324586470417001,35.11
5afcdb5c8f6d62c41b03fbd63fc43a242c010735a859cde2cc3a0bfbafaedf61,0.12329483515315012,35.11
0ba0ffd1d29c5172dc3aba1136dd2ebcedc83c0fd5a254e38d75f628b71c14ee,0.12318939902800832,35.1
11beaa28363ae04604603bbcc6f0cae5df2cb8f03ad713e7d615c697e1eff33c,0.12323360542295983,35.1
e15bdb317b0fa0f7cd09df880f17f61a9f78ffbe3bbf713cbfb9e3d13d3139b8,0.12323498765807535,35.1
0d9ca294fb253d88cb3959f2eaa12b0ff93d3e167207b291c13d700e29cbbb86,0.1231428408635912,35.09
2e5bf6bb999395833a10e4852126620df4964b5c6540ab53c6ba024358bd0f0f,0.12316259137026425,35.09
01f869733615a74cced185e739b37496fcebce37537f5789d3e7bbd0d3752cdb,0.12313817723600795,35.09
552e1f07ceeea087c758655b562f66fa4e6617ebdc0f09e4fb9b95ca941a23f2,0.12305253493863998,35.08
a260a85fb615a90753d80c940923aa4c5842676e8a010429db157be1e1af2e93,0.12308839984116184,35.08
31588d8bef12c648550cba8591f229c949aaefa730b4291b280a8fd289559520,0.12303581036821225,35.08
d4c7f4e71bb57ab448ba8614dfc2f467563c1bc534bb2288b64d2d7e5323b388,0.12309057247154376,35.08
48cdf8fd1b090466a61f7a74f8e15088a57b9262af73ebd3e582262876166d0c,0.1229694907302739,35.07
f5a465076fc36ff50f45078e02c8a607fa0f8002db3f00c9156414e07fc42020,0.12298475694281688,35.07
10150f5be839a7fb32423286d08be2c5399199af6544a579faffed780f815040,0.12298740547353476,35.07
167bff0014c5130137bc7f71d62d20872ea5757650e1bd1683429a6102ff8887,0.12292843182054111,35.06
977096829e6dcd5561279151bdca63a033d9749c5556f65dece42785b931ddc9,0.12292652456720797,35.06
7937904b63d0d7cdffdfd11c75b6fa12fdaeaa6b44b91c5157f52d01a321dbd7,0.1228971683544485,35.06
2bf2b0790701d733e40ebea2643e9698df1bec26ab813d1f4d1e7bb291a5810a,0.12289109145935911,35.06
f2d2569add37a56f8e86267c65a57a58fbe83fabadfa4c791ca0816e905bcefb,0.12282286217266966,35.05
35f2f58c567f0190d73ebb454a7b4aa46c8fc90d6a42da88195181002ccf8438,0.12285050669398613,35.05
c990af944a54f7d1098a708006155c6328cb5da53fcecda160668a1443ff24ac,0.12276739503079014,35.04
522b2340b2eb67434965eb1bcc62b1307c46d598b9bd4e54e86053dcad74dd23,0.12278838586316868,35.04
72fc2b00b3a11836ea88b7392b58a40363d91dc92414cd762d870e28607498e0,0.12271996179418243,35.03
99a5b99d9447c9146b6302f3155ba5a1bd1340360efc84ff654e36c0e2aa7ef0,0.12270298311457217,35.03
7e3aacec1f30ae5585eed1d928be5e882ed0ed67d7e3a515d6d76506a114e15e,0.12265915755102513,35.02
7d0b4c57e2367719d3e1f9b08e9dc2becd416a639019c1b959eff99374eb29b7,0.12259585270303752,35.01
d643d0749469870525d9f5d1a3cdc565cf78235181ed47478c165e4a3332070f,0.12257035067617393,35.01
1088b43dc4d6a623392f28e3edf92946b49ccdce0d0eee0a488e4ce94d14d090,0.12260252241162607,35.01
fbd57977d3cbdee955d9b62ac920aef994d38bbab1bb68d034033cfc28260763,0.12259587845557456,35.01
bb46dad7e1ba65a7992156e20a6bdba08e0638768207869e0fb7eb4b07b9e98a,0.12247013971159584,35.0
47e34c65fc0d183f520390a03a3f2a25c6d77b7b5f43bf6c19a67433da2b9a21,0.1225062407729318,35.0
aa5a5391c73d22e8b16a5c95f41300222f9adffebea2d85a0631a243ddad9cf9,0.12246473113918559,34.99
7da77b7cf9785eb2a1431f1d3d810b89e146621b8e3d74f160727a9f39808fd2,0.12242881634076751,34.99
f908fe40dc676d112fe7a4d18c31d77483ec0b5882016fa212f0ac61e4415e80,0.12245058240982777,34.99
979b837a4593e1457b327ffbecada8e667c7b9ac22a98c4f7064582b84d66953,0.12245377561520536,34.99
a61e5a05c14b55c4f26ca54f5211e9df7400e4ae28ed2fd76c106a8b2212668a,0.12237777632102351,34.98
672dde6d5dc31ed5d6af07c85e9bc5e47c89e9ad31e6c7bfb77a60af36876d0c,0.12237310770639072,34.98
3b595c7d6705919b51bd42cabb93d150d98546b5b4ef197e83d77a64f37b6f8e,0.1223198825290627,34.97
f3b5b1e76bde3caa7302e52b5a47bda837bb03f6342f5d47704c763465bd43f7,0.1222183522798428,34.96
4ae0b1371f00fd8f1a615dff4773aa734d54e96900081250ad62a7cbef0605cf,0.1221888164911596,34.96
596fccfed310d70717acba4d75755fb0ba6defdf5f854b7e49062c5ecff63b8a,0.12223043103505647,34.96
268c63231f167bcad958ce33e2f90e407020ff2a7fbdb49c54ee420bf8f8422c,0.12216265791598267,34.95
11f9a45ff95e6f45db8aa927faef7cf4acb3c8c7b96d853919a32d05dee7deb8,0.1221804644129297,34.95
0c75fd28faacc23a943a209c5eca05d312f770a5b5af42c19be277bd35cc320c,0.122140862420407,34.95
219e1477a9d7dc33cfa4290244061e877c47c32af6aebfd449ef815330bf33ac,0.12206634905592473,34.94
bf87eb39dd75a6d2d89868ab8b5e276361c37e020bfbc1e797ca45f298c853fb,0.12208715291998135,34.94
05eb4992e2ef4afd73c5a5d4497cf340b871ed6e7b904883300a6196c4cddf5c,0.12211254937038085,34.94
dfdfdad5bc25ad748d80d9cf6a8a8773268b1cf57b5c2ee5153f210e1395b06d,0.12204310258506862,34.93
b63913e0da4648947be7e4b1e6bbb6a1e0f8f1852858d56bd8fa6a9afa1f415a,0.12204519209885134,34.93
8abc6143003e763d9807689a55338c0ca55383f4b15a86672dd1076452730b45,0.1220113836367707,34.93
afd6a4e02f874e1387bf441f136528e5403ea3f9132ee2b76974d48b60c0e6c4,0.1220101157331562,34.93
9995f56ad2f250289abc1d7578423c08af3f8e4f7182b71da67ae56a9d54b24f,0.12186210852485577,34.91
d74dde380751d9f1357a7d5d973dbcd9a0fcfba256b86b7910c75060b43e3d2d,0.12189321099227175,34.91
b608047619f05fe149573c96db415435b3b1760aeff2a02917b2d9f10b75ccd5,0.12188281735044994,34.91
02be38da1a7240f8698f23efa9e11ebf43bdfdaf37a9fbc8ffc444e87dbbfcd0,0.12188085616048186,34.91
fec2fdf6eb6e1a77732f4c0d5972127906869d9429c487a434a6a45b0b1a9353,0.12176680821128853,34.9
d8a0f4226fbe289a8a637de3ac65c6a3f05e63c55386ee6ef7c7334e61c2d814,0.12177318189740141,34.9
72b196ac259c0cb7814ecd3ebf43b9bb4aa0bff849c786567e3dde354673abf2,0.12178253078971962,34.9
2c261ac80258d177a8229bf79874450a15d3b4022a2b4bcca4cd6765034bd5e3,0.12170024017587382,34.89
29a9402f7317589685b2750aa8c8d881f1f407d511c46ed2bb187e90b7ee9d1f,0.1217481690649666,34.89
aa97502097cba692b56eb398379d74f0100b17ef4ad3227dba2ac7737abb17d0,0.12156525059254897,34.87
c68f63b0db798d13c090afceab18580f3d0dbc07800fc56f7dd9099d4c5bfb48,0.12160700685759795,34.87
9d59835c20018a957e4e384921795c848214dab46fc0aef239639fffbf2ee9f7,0.12149904492357665,34.86
1dbce9b8653ec110b8e367263490e94b4fcd531bf3beffc21ff46257c2bd41ac,0.12149370641934379,34.86
78373933cc8fdba68f3ac414197437e7b210c0870909117bffdf6676577685c0,0.12152002302233854,34.86
5e1922cc107d025240d9e5056f689fa8a0638cacbe57217c77d5879c85c83ce1,0.12151290361660212,34.86
ef28209f68565b984c16685096d0e5af05f8361873be5fe68af48bf2761976ce,0.12153198151991706,34.86
5e2e8d7f0e8940c5752c99b2dda47f96528f67223a6233f64786a3f6fb17c036,0.12154627119891642,34.86
386e85baa025ae67ba2a18ce2b5a8cec3b0569730a284e76c5a96f0927700255,0.12144940793361832,34.85
3937e57606873d2604e5cdb9f65fbd29e9e164ab23835514d5f99ec97414e8c7,0.12136942322257256,34.84
cf8d2884746480c2484d11ce0ac269778dbf51e4feb3a28572e70467f2edebe0,0.12135575136945707,34.84
c642b2b109c5e2fc119554109cb3ed6c80f729fad0ed5ff18a7fbfbbbca7e09b,0.12135594958351752,34.84
49f1ae4d7b2bb3bb7fb5913907f9cd2325f303caec3cdde720b971505f6d0bbb,0.12141262665143339,34.84
be0c0c1564122a44843cc3f14c1b4ee1535180779aac99c79667a5bd54eb815b,0.12137916294384682,34.84
b44750e38ef7caade31c355abff4ec248950f106f9863f32b33130f66f37afca,0.12131921159876782,34.83
8c5531e94418024ac7f57c65d4bfca438d2f32ed72058bcfc564a41f589c7e8f,0.12131883276001114,34.83
930005eac724d4e85a1fda07ef0ca0d77d8e64573227d05f81b10937f6d09e79,0.12118297385646731,34.81
6deeaa03ad670d5d264c9dc02c8cf763d77c0850e3d2e8f26ca8534ae3395192,0.12114402668658157,34.81
35d8b11decacd820ab12d8183f5cbccaab5e384fb94fc3ec4b569559326f4d6a,0.12117579433969086,34.81
c2cc4ac71369bd046c42b1331ffa9e0edf82aded068d3a92f293e5428e3676db,0.12116147832593457,34.81
ddd7bab8faf58955127b099e38867e2c1760ff77fd4a37caab4e0b5eed03e0ad,0.12112118334183662,34.8
2d1276e1b27fbbd7cefd7ac20833d128a4afe880ad3a1a89d0659369973fa23d,0.12110255248241883,34.8
b1b3574e05cd3e43dbb33eb09513f8ac32cbf97353c59c95e6091f7b3078701d,0.12113007016445416,34.8
57daecd3419b47c6b25dc65bc9f32dbbdd9e7c3034244677f6539cf67b7c8ec6,0.12106956988797914,34.8
29461ec7f96ba8e59e1758b682fc501f0f5b577c548cc076de4a84830412f3e0,0.12096622900317949,34.78
998e9ead7b78f09f14b6fee9f2ff0152e4e36c83f08895bb6dc480b5cc3270c1,0.12089882242007975,34.77
e2339b0133b3e67fc41007db606b414a4b1532382ead4a9399a36f0d7c3aba46,0.12086842999821458,34.77
d2062e1b53d750928a4084cc8412889f7c386078c80aa4254a574d4102e85a77,0.12091792556431029,34.77
27948ca4d0bedcedaf75d9220b01a6621e732010165e41857e202a968c56d424,0.12086862909216131,34.77
a240e71bf249fa2dccad57c9885e92bcf97713408817fb3e40db1f7e5484fade,0.12085737686593062,34.76
54fb7662321e665e3b03902fc536e40d73f8e264fd62c0d7da434cbb62ada9c6,0.12081531538390193,34.76
49eba039155b6d7f79f992f07546f10b53098834733a7295bd82b93ee9941876,0.12085347720735719,34.76
f69464e1cb03fea2b75b4d14af7da7d5fb899ca03b6df5abdc6cacdab0c82a5a,0.12080465927645136,34.76
7ada8e797fcd5f40898d791b89d0120c2f431b9a6ac58f6a9cc2b5885318dd4c,0.12080109870964648,34.76
ac5bbd5bc03a14dd2eff7a0dd21dd517ed1568caa0defa2d65f6cfe11b7dd7c4,0.12072537572736715,34.75
ec21fedc1e0c057b7bc76aebd7c6f61ccb13e18e9fc97b2b08e18645dcf68816,0.12076704052569202,34.75
1cc52d474c7e9285f68d5062a1356f1e53eca69314b49c058c33b950d510c3d6,0.1206866069461777,34.74
233f0228a5db104c0ff37e7644bcccbd02a8216bc1c3db54d050c3064f7c072c,0.12069256059419009,34.74
68e87e5f579a88d83ee0d4b4d507eb84a5f17f776c19fd2a917d56f9e9c1e3b1,0.12064166590143915,34.73
70cde92569c6e8c2a9506c07349f7be846bed09eee1e93f4125a71b34cee4d0e,0.12056905880641511,34.72
e9e50a43368b1d3039fd33871684d7736d29015811ca5480e6d81d68e482e98b,0.1205446396089844,34.72
433f5d4bd1c78ec77a1e82184e9c93f1b9710d6d3d0eb5eed4124805db0a724a,0.12053352841761276,34.72
82806599ef379a99138459a525677e613d2ff34a3c5a9727af929383a4e61436,0.12053620295314388,34.72
0225932bd161788b7c9a2d08e6b362800be489e4c5ccae30e93002ade6c70541,0.12047984741159828,34.71
161ae5486aa73c9eb9133b40a838eddfe8e34f159d3dca6e8bb3fdf51213cdfe,0.1204748737602016,34.71
3e8bf2bedc25a4fb36a45f0f3aead845639a9b60ddd2efe143b84d13cb7a749e,0.12048703289321404,34.71
ad299a2fcfe88af45beb72b02a454e0e107f4d68f3e3b33b4bf88b96a1352c2e,0.12045325393550503,34.71
66bcebc1f0eb5b884285280ee48604b6bc3bb67eb21ed267148a5848cdeefb63,0.12044905170831857,34.71
51bb84dbb9c8df66a7323e48d183fdd71d0845ec0379adfb9ba48ecd2c5a7ae4,0.12038306614817718,34.7
42725937bd0f3b567426b9098756e9dbc2eb6ee8e6e2d7dc0739562458c6d9dc,0.1204152317431451,34.7
e3685e5d58e7c095ffe08358040e6051d8243396996d6e3b85de772fb7cddd9c,0.12036428299352309,34.69
3ff3caac3b3340fde9cbc05ad54034e3bfaba7eb79006ea3dcb309d373135806,0.12032974197317944,34.69
32e959fe2c55bd205e4f6f9a8927514b24ba9f95283c254912d96c3b0b2ae865,0.12033177399865719,34.69
601cdb3373c2dbe28df95140444201ac964e9c2ff74525d35511b5467f0ec407,0.12035446803953492,34.69
8944f33c1417b581fb5087444fe29ce2a8cc3c9751553662a1d6000caeb9fced,0.12025146360002781,34.68
8780da2a8acf8ce9038e53fe85dbcfdf50c37819385309af628aca1e334e6810,0.12027358551061422,34.68
793c188794c893984cff40faccdced98cf664f329cae0ce8eca67b9353f5a0bd,0.12029072318873063,34.68
3b6d5b42f285c25668297c148a23467548b43a8be02a35a100b48ac3bb53ae17,0.12027413875540713,34.68
c9fb8d2d95b7d3897a9e4a6bf49c53f7be4b02209d211b3f899d2b8c0a5d11ec,0.12021977689665451,34.67
3ed1958cb069426649e207191e4f027730076bbe3e4af6bee407bcd6551b0eea,0.1201818330197484,34.67
aaf3334208dd9ffde78135128c9899816d9b05af767b2d630e79c2d120856336,0.12014073867500955,34.66
dceadcb7d83d1bb395c85adad338715a015a99108dbbd7d8325d01ab8b979230,0.12015210755757907,34.66
6cab168a4d19c49876f672cf01ce5fb9a5354a2e5f5aa61f1bef89fdd3d1deb3,0.1200413185095553,34.65
234e2035eab93224c4adbc86152750ece5f6e7ce126299b6419ea12fdc223bde,0.12002590039866702,34.64
103e443e7974890eaed83941269df37bc8d75ad3ad7325bd7577a90d5ad6b15b,0.11991945048807301,34.63
15b9d0ee12a3b0ab80444926457511be9415b05bd6229ad759f388aebe56a95f,0.11986709055615613,34.62
e6aa8f4a37792b401aba041a3966707ae038f05ab14aebf9edaf98bc94c65a46,0.11985569895566428,34.62
2f787b44b73e275977bec0ee7edb764552d14973429a8bdba5fd3a29e5d36d9a,0.11981096193809714,34.61
20baf0d94d01ee1865a158608907ff0df668a0ac7f9574634fd695acfd84f151,0.11981453291118623,34.61
6b9d99057739d625528a71a754e60700de0824bc65a4437f75dfacf11a2a9ea7,0.11980614394507905,34.61
f62d313394a46ad8231268dd2d21ee83fb8500aa881547f3360ffb0266563473,0.1198139769544306,34.61
568aeb43e5d9d4d357c6fa0d4307957bf2e3fb3046c4b4b81a718bbc7d22df01,0.11969510486704392,34.6
6b02d93b604a2a355b4b62c06d42a39ec04a79a42d6e23d512df592f738a1eb6,0.11965087376927915,34.59
b187a01e2d2edce523af1411beb7931bd989e94c193cf2c56223b3af6047f6e3,0.11967302386539985,34.59
6633c4f4a62f6dcf65b9b4433f0b8f3e8ad8d86f77220f70cdbc879cf345b850,0.11964529199044031,34.59
4f5c68dc1ae928932287dc14f1cae8b1b23b9a91985acb0e34c2a02f745de90b,0.11966226425971618,34.59
ba8557df07b595669ffac5d7f319213c219181030d2b654ef4349d5abc07d723,0.11959462844597292,34.58
69a7469b8e1df42e35e09721e85cceea6f202bf17d4521316bdf153f7a3bb6a6,0.1195680497153178,34.58
9a106d1b4696134c77efaac56f3b54bb453192049cc467fb6937693662c0ba92,0.11954969448237782,34.58
c2d7dc8ffd5e5f3f8053e9af2a6276ed90162ef944b1c6fc93c665d24a422575,0.11960304548611309,34.58
495ac24e20b28bf2f80f9a81d8c23602019d1676ba314df5c90cc149c7ca9850,0.11958218073564764,34.58
0f18a36ba05a83719150e7ad9bc7eff8f74905d5a2ec59e544a0ed02762a0d50,0.11953356277635661,34.57
f5630927f7e6e6fd1a9f36c00e5d2a4baccae9a625dc0db15ff6745b00a79ff9,0.11953199080735405,34.57
13b4bb47e7825ba38da92847abcf3b13e38aa2e5af9942cb59dcfbff19a469c5,0.11940914867667432,34.56
486c6507307d059c11acc3d6a1d5bf32f2509019567bcffe64825044cd9fdded,0.11943536071284253,34.56
d4d10bff3b662108968a00561214d36a23a4d4fe2de997671a80d9d3941526f9,0.1193672265181743,34.55
1a192bb2b02a72aa90418672a1f1b433abde52dcd20ca76bbbacc681bf2c50ae,0.11932309918746074,34.54
18a16725c24a0ca365069b5b6495c1b5a72332f24cb04c8d7772cffea98abe06,0.11929027594160165,34.54
9eb269e73a7b03923433658afc1556b9509ee4665749ebce023b801882bcf87a,0.11921080090681628,34.53
4619fe182823c19cbce934654dfce87f9393bbd60b991c70e00c8450401c64b8,0.11921801033828083,34.53
011e4533471a864706b1e97aa0efb7e28548df445fe46af1d511aca896e678de,0.11925649116763509,34.53
8142190140c1fc9b861ee88f1aef0c3d808e0514d433d40b1d76c766b7ecc8b7,0.1192599583488927,34.53
4f5ba426c303384cfbcdcdea326ff9b503dd88b86f5408039fbdb0e1bab8bb55,0.11924257578809572,34.53
5b3058f4c8345f33d9233449718c7a5e31e06507dccf23244e14def9d9fc37f2,0.11925378783911421,34.53
16486c7bc2c816a1e0b20e5f35248c48d995acfaf8f9716931fd0c6eed5a52fb,0.11916659592296712,34.52
68412dad62e490ef73367bcf1a151e52380831a01e587699dad956bd7d041474,0.11916758460797781,34.52
37219fcf57eb0b7b73e77bc101a7bdc67d7d7c2f0ecd79e7a52af6ea71aff98b,0.11913069654099422,34.52
582a74025fcfba8a7685fadc3ab5cc460dfdebdf4994c38c736a2699123c295a,0.11908755961864241,34.51
05e47ea5beea81759aef13d727946899346cd4dcefa1c87133d4e2e66b17183a,0.11901552147199962,34.5
52a52141b644c9b99c9ce8da2cdbbb2edb25581915d4a2a7e4d553f71bdfd6f3,0.118999449691474,34.5
cb6ad40e464d84ef55cb146f13690a866db5ba2dd5eb2497189ec0bdcad6f38c,0.11900186312263239,34.5
b315b9c6a0724fdfd6f80277c6babd695844b511a4439b55c3e0ef6a1d47fd8d,0.11893311710178621,34.49
431a9b56b1090a65c3b2501ffc813e735a487aebf3f289dc9ce90a2af58c1a24,0.11898520949134188,34.49
0b6d00335bf56dafa464f68d1d380970416f6649550492ac27f6405ce4c9d430,0.11896935845892878,34.49
aae9bdbaf5ad241e42b4659803f7c2e6dde7832a07d2543fe9ae485e60e0ad3f,0.1189169366386638,34.48
6901532bdc5b5a99f9725585c5c89c022fbce368b3e25ea4a18ef7b3600e55a8,0.11887470979701083,34.48
4c3687702d7fa9c8f27de985a74c926f83e96fcb96d4e4590dae9b498d1c21a2,0.1188911612350403,34.48
361ca128bf3696e66e64cf224f67f485bb4bafde219434889cd4b660e55241da,0.11884644023730953,34.47
3c669bbe63946d79f1cafe067ec0551bf3d9602b68c547ca2beec0f04ff4cac5,0.11880716019456283,34.47
ad56504ab1c2f99b6f0621be9a437d57972abc22fa61a8b881b821438981dd32,0.11883070470321021,34.47
306770c300728c4d60821a617fa136f9c4429b4063dc33da7349801e834364e1,0.11880044060377129,34.47
55c2087ada4e8a1a0363cea048c6acc99f6b0ea5c6dbb552210b3c9549b31ed5,0.11874681441851105,34.46
a8788f3e9d8024fb89e69678c27975934fe5c5c53cdc530a910e1a45ac1a8eb0,0.11874411580147345,34.46
ebfd933165e647f498cf15cee9842e534e8d333ca8c34459cf1a6eaa98234335,0.11871629442610362,34.46
6f0d0312c47a59bdcb609e51a0d68dd7c986c236cf476db1b4ef78d26c5bed6e,0.1187618241809025,34.46
a3a9098649091131251441abd8d0dd961328d8b6a0fe1c6b6bab2a1b16d0cfaa,0.11876083349816863,34.46
82ec3f155ac9b6c5b2c202f0c1da30a65237b357911adcae9015779254e3d968,0.11866745325297633,34.45
b50df9069a8ee7e95a78dfbabf6b39c7bfded3279ff333b37edcbe6299b18d3b,0.11870455378835457,34.45
865359b5596b6c1cea88805c4deb82fdb54cf2c1808e94d74cb19273da85bee4,0.11862280798639555,34.44
983d76d126feeced961989cb3a93255d5b428dbe61dee79efa2fb516af15fbd5,0.1186275689994445,34.44
486a3c23fbd4fd93423462effd70d3a94da280cdffc9a6a311a81d58c95ae7cd,0.11862524343419699,34.44
4a116dab0c8e78054086a09c4e6575ffe5cf86da8e203941c9e237f7d4d3590c,0.1186339326807261,34.44
086080ca8d4be85d900115261fe1f30a253c9894b0b52aa455d6049a988e729a,0.11863660893990909,34.44
f5be4394358b9c70961d0fa330c0b31b7114892ab90a753444472d8d39f28de2,0.11851992755674144,34.43
25234070cec72e45da4e36421a4d64a6a7fa0ca0f7d1a2c5c8b607fe1aea6d01,0.11853630925851137,34.43
e3a15ac9ab2c92282d073f28b483d87a4a46351925ab42447c24b703f43fa2ed,0.11854680919748802,34.43
0ccdbd82ee3ede98665b31da0a5067492d2f19669f7e8c8b8e93af3764f6f488,0.11856492994728925,34.43
9e543cb2d455de10d42f2302817f1e1db8e595aa7774f36e86733de356a5ff79,0.11855996254544601,34.43
d7990acefef8ad135469c22cd6f192896c5bec287e248ed27744b78074357f46,0.11849796991134733,34.42
448d42406afe0308a1977e5ec89fdb3297c34a699dd6522181398b5ce51afa8a,0.11844865616797322,34.42
c32a5ad6dc9f2d757e317715be3ce570f791c2050c037d574445e049d641d3b6,0.1184027068946168,34.41
1bbb37207b13b52f321caae4dcf190a55cb24f822002c1031fdf0026214b1065,0.11830886115687349,34.4
f16e82938426f86c3671ff163d5ddc3bd398aaa455330e4d3c953fc7e78151fd,0.11831018841797106,34.4
3d8d7c6614d819169315faa428dc60851401cb8d856d134c4ce63a7af3767e89,0.11830484760814175,34.4
4f211457ed512907f10a87be069ec3bfda84c23122c9d07d888d72e8cddf5576,0.11832244878760466,34.4
b81613d594943c73caa24ef1ccad0ef633761a91969fe03f5a174dfe640fecfa,0.11828661763553189,34.39
f9c698397d6d34fdda422e63b6d77e5e2571c801e038b019ea9e8f76781c0a4a,0.11824014911949127,34.39
cbb4847a4173aadf7503cce0bf865075f4bdea6bae4b9ac0415c2dc769ab4ae2,0.11827394526611888,34.39
d0ac328588823c2011302ae72f7af2115a54a55ba73bcf541869c8220a6d64fb,0.1182812017140967,34.39
a344ce5a146c71a4a7edbefd2d93825f10bb2cd6814bcdb9992b164400527111,0.118236342092658,34.39
693dfe2ab2f163cbc443828799a9b8f46e74ce43c4a4d4369c1bc08e158cf9ab,0.11826077103049724,34.39
5cadeef44ecee12081249e401eccde5aa3240634ddefd319e6a510d0be1b7c28,0.11823734009188319,34.39
adeed3fb639395b928e0224f02589e0748e53008b3807eb21f9eb682ea787be7,0.11822704089784798,34.38
bce09db2eb57d7df123f36370d30326c541e84410bacd2fa624158582f5fcf8d,0.11820602551751308,34.38
7cd82029eec909d8da5e293fe0aa6c13131a978617852c28291795f95f9e6b4b,0.11816785166348165,34.38
e8393ad1180d95f05abd9f1d74352847681bf795afd10b66a3032c9bbe81c166,0.11822550063895487,34.38
ca1fc303c3b2ce2c38431b9b4537b5d29cc71ee323e16aa89b8e413eb5752476,0.11819313784313579,34.38
cdcccfda38aa692498af419f699c91610a9c49fe03da8e84c62ef1a631552fb6,0.11811573293694053,34.37
b3f6140b8cdb4fbf49e2890e464db72deb138c115fa56e2d1ca4759e9cbbc244,0.11813217785908439,34.37
3bfe98015a63e992648ac0a43b12600f31227138f0a76e3cfb5729fdce08a028,0.11813322225851368,34.37
4fa5caa0a4fb761243ff1d6cecea2a6f7c5470d6a5c0a9c29fce557fc68b9f0a,0.11804650949250912,34.36
e8376441b6235a005dc316db4942aaab7d5bddd88bc6fb056abf0cb1c071ba5e,0.1180906340019277,34.36
02e075eec0b2b7680810e0b9452852bf9de531b6ae1df5719b0319a838f7b154,0.11804705054755199,34.36
e1707e535ad4c604079c0e129a180f46d5ed690ba7d192628f3b027f7b8f60d6,0.11797649861570952,34.35
5e43f12d294826b1c79ecc3c15ba6d251a36cb438c8c3833260d31d85c100969,0.11797360000225038,34.35
8fbec6717a671aa742099f3177c10358ce7a7a21a926b980150dc8a6f4cf8d0a,0.11797363530532845,34.35
1c3777f316012e61fb6b662cd6e7db5b0f5107d696f912ba649d6037c18bc0cf,0.1179765102743517,34.35
505e8e755f5880fb2f8226cb8d1d573f170c782beee0732a5d5c059bfe8022fa,0.11797362641001545,34.35
b203f25336c4834898f0cbb4edb0f4d225ae51a1f2c71e8ead70a4efc29022fa,0.11793982299582673,34.34
ecb131e5f453908e3005a667c0df5a8051d80dd178409c2f33b3ca70a714f0aa,0.1179349460121025,34.34
92047a488300d3e7502527110f2f310c23db37d5a2d1e1d4c0f606a90b7f9047,0.11790276233348962,34.34
86217441efedd9ddfe05029a24a9f2780a6db0709bbedf16d1e435d44358ea5a,0.11789567081193464,34.34
7631aeed57954c5b98720f2efe6217ce8d502988dac05fabac97558f13ebc11f,0.11787902871501746,34.33
ad622e98ed37d4a22b474abf72ffdbdfd7fa1010738189f38fc2c4ea7c08b653,0.11782411681782197,34.33
751ff9908eb2f6e495b1d2e23f94a5642f04d9b5ab8072ff973e3a78f9f96fe0,0.11775573324141073,34.32
ff19ca7438f0e4ac084e09da6ba8cac4a3716983563a76638c9b052a12b4feba,0.1177557163261409,34.32
4f1e58d285bfe01550f8edd659fff27e21b26022df26993ceb95fd93db19dc9d,0.11771748267478373,34.31
7d60dddc93eb8c6040492b0f50af1c5339705555969e93965038b562e9bbb3a9,0.11772373179079032,34.31
0da484c58fa2b245379e0aaf41951f5eaed7f10bd65b708758a525fa767e21db,0.1177020100779221,34.31
772f3aaa012dfff2041bedc461ace4593c967023f37d1449e33c99e50ee2d445,0.11762707361008191,34.3
94ac0d6a67d6431248539036eb569c1d995bf0c56b6aa452253e113941a7db09,0.11763251444892023,34.3
8b26c6bdafeb226ef6aa2af9b49576769d6e4bb4672e141e7b533b90e2069f27,0.11762774086710075,34.3
66d35b973b0cd331ea5f838364e09428fd1d32c6c6e1aa9faf357a0eeb0c5d2e,0.11761081740041908,34.29
7ccfefbaa034511932feb11c79faa0bdfb557e6d8f5a612317e3e969be9bd7b1,0.11757198634016765,34.29
1da59fc18ab0aac596944bff06a5ed292f9726f669acc23c870b1ee78124b625,0.11754200470750784,34.28
f68460c9f691a804f8f26f20ccf1e056271573a2b474cb298263f1829035c6e0,0.1174998363034111,34.28
99720930e91f821c461e37e673d4d750d1ab43ba03da0445368cb7951e916a18,0.11741794600577889,34.27
e5dc27fee5feaca8e3be66b2905c5b274fc54e13ab80091224b1af8ea503e7b5,0.11746012791859675,34.27
b552624ee223fbcf2b8968fe1b8292b66bbc1942312b88d9f5ccf04b8bf6e242,0.11741271873266465,34.27
a68d08a91ba2fdb5f5acb481e967069a81447315114f50ad69d8ebe32aa0a78e,0.11737948394862265,34.26
76b3fa3e5ff4b1356c464fd7cdcca4b324926570add3f8433db0614f6a70f773,0.11739483481353499,34.26
2d40e39c9782b9a6f3fc56ebe886533fa6f6b4fb0d8d36809713356d627876e9,0.1174061713286723,34.26
2cb2f74ff92ff67165d8a41955c5bdf94569a9779fbd6521904ccb211c4f1851,0.11731876361208908,34.25
020199d3f79238c5f8344d18b67ae0866078fea8f7049e1dfff58e58a69bd6b1,0.11729330095260418,34.25
a5016888ef5e93fbfaa7b8449ba0573d359859fa36f081a55eee02863cb5bb58,0.11723875417681504,34.24
99a083d229a9bdf7fb1d6a79ae383dd39cc1158cab342d746482cc730d63cde2,0.11720850118920378,34.24
4b94e68c25cb9da88c4a0441e70071ea206bc3c529e3614f501d3f2ea5dfe39a,0.11724746371505215,34.24
c7b13bd777bd27c5efdfb39b88b0b07ade5370d54277bfaeda1e2e29a70dbdfc,0.11716059061001703,34.23
0dffe4b2ffe1e96fd1c306c60cc6dd0d7bcb7edfb28a4b499dd585a77c2d5b37,0.11710424111582961,34.22
a3c865302108fd0119672f6853ad589fe594ec753eee481256f4c456d7db5b3e,0.11710591107888454,34.22
918360ccde78dde2274f3bb45635884a7da2f70f0976756b7ed691380d4d3f50,0.11709612618359501,34.22
626a5f3715db4308f582b4ced4475cb40bb22eb1127538fcecf6b64a17d79e4b,0.11709115807288561,34.22
8f3883747c708793a997ea178e9577b1d04a26c61180ddc1531d187671efdf65,0.11702442258889326,34.21
22f9759bcbf8e7c8b39bdf9c18102c30657de663d5eba84160dd2040cc8c7a52,0.1170060022132338,34.21
5b6fcc21c77a1e5508d87d0db8513dac257bb67989c654ad710cd05920aa845b,0.11702857867842882,34.21
bd036621985e7d2e97e92ca588f27dced2da51b76d12e48b06b51f0ba086a0e3,0.11700167203711814,34.21
85c0606a2cc23b1cdafa5204873fabb2d89bb85cd8e4481980684a60ca3051fb,0.11703022265519092,34.21
337e0a5122e12a2b1157d5a7673e7500ae9e5fc31d0ac026cb4ff19f765643b3,0.117040150464998,34.21
8949345428dd6d7ed89e7254ac8fb149130ce994a465219f5b45bdd200c52d2d,0.11694330221729161,34.2
6ce29db66236b868a171ab7cf58a6cbaa0c17934d801a5b6c257ac618eeacb04,0.11695966194237614,34.2
7a5e84862cd27d546e73ff03ba7d61bf502a629dd3d6dba3b1ab9282231bbe11,0.1169503720881147,34.2
830c43f03088d4a2f92b55c8529af5edbe9967730a9bfe3bccd203c0253c21b5,0.11696457113431766,34.2
ea6a79216332d283b0d605cbcf2ba793556c4520430551e1d1c3f8f22b788a38,0.116940938722693,34.2
12df5f431210155c691975e4fe9723805074bedbb2a2a8b0e1b30eaa0a2dbc8e,0.11693867663129513,34.2
0e54b98b14dfc33149148c4d9075ce4a5df527cb9e0cbb6c02e34de2d0a0b144,0.11697784045267441,34.2
18ea320ae46e416400771d5a36174004b0455266139e08ed36e5a46142771276,0.11688553761893682,34.19
c5314334b613d06964bba33cf1f3243eb20fa0b289512b113f3fd9ddc1e35c16,0.1168917504442933,34.19
206267608a9c54938e308537245aad648ab3a48f8710ac759b167b1a2b3b74d1,0.11688906198405101,34.19
7cbad60144eb87e72d79bd48f193a63d8668a61afdae4f585aed66662924c461,0.11681625225842064,34.18
9fe01b0d0dd13c7d2f7369f0263e549f739129052d36164d68bddeb49c397c94,0.1168403573614307,34.18
a64ab2dec1b662d3782ee13cc640d37682f97edba235c7cde5e1a3ff233385c5,0.11682768600138921,34.18
4eb250e193776e06ee7388ebff17ad8a4a9046c1f282c42a09ea52b9647a4648,0.11681604018170955,34.18
60ae5d6c04c00137c8bcba222338b1c3404009ea0d2b9bc9f3c975b314fb5141,0.11678739879327944,34.17
59a53dea373ee58f6cc111f9ee785fd0c81e0b70c71d89bc08b54becf2004331,0.11678436825515613,34.17
22c85bf7b879cf963605bdca003d0679e3a06d2351c0e9dfa66a670da03663b8,0.11677298429668903,34.17
3f9099a2ee160e4a7dd68cb47eba0c47e7142bd22e2fbe9a054e50c2e6ed7e05,0.11671504568439019,34.16
d920382ac26c388d21627d84c75d80ebf6a15714d38dc4981d3d66c20636d977,0.11660343347131161,34.15
f74b5cf5654c12dad7c2eec34b0c0658b2cc24f3a506cda0723f4646e3bbb783,0.11659097391400049,34.15
c32f42566b1322d8b133e39e8605d6cbe833715a816844f4d2c7acb1c278321d,0.11662274563842874,34.15
f3a2d506e6e1656dd25b53661e21f3989ac6dfed11d6015fe771b7792ea4e296,0.11653246640501438,34.14
be50b65399db59e8ff78df17c331b27470c84cc87e6d0f2e216a0d22038091aa,0.1165486571389855,34.14
513e8ea649163f6faffbc7f09c469e7d30f4a3f020af53df918eb9585e02967d,0.1165319900993471,34.14
4bb09a53e4fd01761cb0b76a5b4268cd50ced825fe269a27e7255a4ae7a7e357,0.11649612539374937,34.13
29cd1714fd6581a6454ef09df97129370be612a2bb5764e05bc1055cb81471d4,0.11649941364386533,34.13
ff7213d22923b6931dd517d649889528ab49d38cdf84a8554c63a53bf1d655c9,0.11647227495044811,34.13
f52663ca85fa3fed7379de7f09734cd1d2b6ca1752a501bf4263a9b32a40fb0f,0.1164300027096513,34.12
87bb498efdfbb607e1d2a5f895cd7b35ee3ebfa509b9e7c84ec8bbcc210f662e,0.11643329665797716,34.12
c21c6318428f4a0e195e6d00fba436bb1f3f2964961f2c95f13969d04c9fc271,0.1164404656351748,34.12
743d7bb050398baf686e44824d3deea8fd0dcb2e6656f355dd1719d5ee2c4143,0.1164091372806809,34.12
25f2baafa63e95aa6c9d52f3fd5a2eff9afe8a0745b3da747f3ca3ed1ed9eb63,0.11634629520543402,34.11
a55054726348f510ec018fc4bd99b23ce7a06e5b1251b7b47dd66ee80e63cbe5,0.11637986025181013,34.11
6e6fcd58307130e9f5335cfa94b2e44f720432d37e1c575c3ddf52657d6b70aa,0.1163346434473866,34.11
8399670efeed787deec7f040304b5c2fec23bc961bbda567cdaae17233e58ddf,0.1163634216612889,34.11
d8442e26beba9bc0f947172564e1492b4dbe4a93c627b849280a673f3b1ace42,0.11634563139280207,34.11
c7be3be7ec0ad37089bf7dfc5d670a71eff0eb354c1d1ef2af8ccf6c188e3df0,0.1163649561255637,34.11
d02cc1a8e8ca22c6c87173ed6bf6a51a70fe51f7b1d418c95788fc9e25d8217f,0.11628164059849999,34.1
a56bfc37a822081124b4da370838ca51eb9b0a71a53156631af0bc4102c30135,0.11617963880422141,34.09
1b22faa01b1c429bf1a1c436bfdc2698bafb810aff5a56ede332991e11cf0860,0.11623522396192289,34.09
258485edcc466364a1509f6cb52c22c886679b3ad5bf1053898efe69d32fbe76,0.11623133358000796,34.09
c4cf5124ba82427725a1b5c1525a29d0f8fd94053722f182fddbd153f98dc25a,0.11621194880760972,34.09
f421484c92b0bc1a2199f1ce646a098512e20c453498d826622d8439c38c8f9f,0.11623114056004147,34.09
a21fbd6c041966a85afc141b842a2d9cd2ee81fd02ca7c5064431f960c002a57,0.1161569468084223,34.08
6fceecfde257760843f2871bd20759371dc0d927d0ccd6c439cf551f2b625b5a,0.11616936972973703,34.08
afcd219bbca5872121e261235b4e47b7850112ff7a11fd73f6914366104d135d,0.11611307634058692,34.08
3de3124b8ea26ff90a673d094e2bed99526a84726972cc6d92e0e3a3d13ce72b,0.1161345741766901,34.08
292ec1aaa52e0f90c7f85b0548e4ad9b8032e82d90e976fda4d713be01c47a1f,0.11610607976769804,34.07
61095265ecab6721bd917106e6e3a6e30c877e777ab3c069bd58ca17eff1e09b,0.1160891325969435,34.07
45c400799ef8e7abef1a8f2bcc6d465c8bdb41607aebbeb03dc43cdf717a1479,0.1160658722327072,34.07
75d85233de65388fa54c46865483bbd39c83539cd9b51621f4017b71cd6c5726,0.1160643705875114,34.07
a310abdd175658b400df799f2400e522ad95128426f2c833568c8bc77175f453,0.11585706388839936,34.04
bd245e442531a1f0ee1d4f9852c7b5d3b473611a23d87c062a1cf81aa78d3a9a,0.11587845186209994,34.04
d2aa014b1007c12392f1bd108a2db174ed9bdec1f425c97226e597cfa96921fa,0.11583829155152758,34.04
1fe5432b66cd4df39c1838f0359d32754a072df49b42fa1f844df8c990060ec8,0.11580902067749338,34.03
50a31677a77b7d8e72e83f498a3aa905c9a0dc61ba6296d377dc1c47379f90a3,0.11578805053267736,34.03
4f250b571f2fdfa5638e02b93b0306d4e2e9ed456af0209676c529ab08561e99,0.11577100176425027,34.03
f980fe273de2b722535849968fff5ec63bd31c53d3a0ffbab25c2418bf1afb9d,0.11583232146927762,34.03
9210435940a97ab11093b175d6e67accedf4047318dbdb780f0ccb972ca374ef,0.11575845606335187,34.02
52d837dfacb57c58b8c6044ecfcbfd1bce7d035fd7fbb06629a6ece235d1cad0,0.11565638544301506,34.01
58719d9fa881d911cfac7dc09b0edfe973bc2ed07e4f0189b5ce16c0cee27a7e,0.11564922436774755,34.01
86fd7e186e8e650b99f8b97ceeffd843d1470da4fcd83d5211ddf37341fa1c04,0.11566378492665245,34.01
62f764eb3f367d7330fec29fd6db598e0d01ae85bca67af2225cc8e36528bc0f,0.11564339025476152,34.01
f799e65fd7534ea880ebcb6992368ff851d11459d80956231fba66798ec6ad94,0.11562377733927512,34.0
7e6c1d658aa19dd8a43383f4f76135aa2b1248f730403092cb7a47dc4a025b00,0.11561520214500894,34.0
8b1f91e913f7dcdf8087e0ed83f18e8060f563f48458117850b4d9522ce36cf2,0.11561832033436374,34.0
5325525a29cc6ff2ee64e3a1cfdd7d32916b6e36ba989591811b61f0d230b065,0.11554865836777425,33.99
062b59cfec29f372af584a0c7437279cb8a628aa2607ef105e1695277566f1be,0.11551569607112451,33.99
27c1deb4bcf08624ae343ec8b6c3707db4bb3cd301ca8837f164770927d0af2c,0.11550602140997485,33.99
05ad231ac5fcfec03c28317429624e0b7a9181f3e53e6d77af936b0866ab1c48,0.1155656325425276,33.99
f90ff319d5e0c08cdb60eedd233641f105d16a72cba7c3aa14d2384c50397b8d,0.11555876327343291,33.99
5d20fc6ca23f17497886180ab48b6588a78b815e375518f5aedba00d9269ba88,0.11544492185365471,33.98
9874dfb733431653e464be4d262a5c26ca488c1183040fd1b5ab22bf956e5d0f,0.11544878031721609,33.98
0c6ce7c86eb8aeb41b6f739d8b1db0ee69b7c96b6bcbbbf34fc1eb06a5c1e1a1,0.1154568155292655,33.98
7fd70b28828aff3cc1d58aae4cbd3e587b3e5f5b6b1a4f92425405804297b0db,0.11544119277231618,33.98
4ca12e046a3dad22a44308e12fdd1cf6a5c80cb2de55ea3a8116b807f9ca872a,0.11543636705450949,33.98
4b028c6918a3d786486355a8e080ca29624c04f8b9c606df21f60a9b2746c499,0.11544224797938497,33.98
b7b0cdff898b413b7b8659e21f04b751aa4b971641a7174c5748be493ecbe18d,0.11539701584824097,33.97
bb06d9b542ad9ee8a9250d606ec7bbd4a74d0e31aacd10194825def481de4b4d,0.11536730533688568,33.97
f9e4bf3189fd9c93f0f2d6524b9d5eae84c8fa8de9129501eef80403d0d21f51,0.11534538936712271,33.96
f36dc697fed694cc45caede384729fedce7958dc74ef41ad4add9c7ebe1b9e99,0.11536188609045578,33.96
0d928fe673f41dc3f6f9010795f8649d6673edef9be3910a807a8e6f91a22751,0.11530670067009151,33.96
4f42e061d0621906d6c9445fd92699d5d1aa892b843c43ead65c2d9011bb6025,0.11527948542545277,33.95
5ec45602283eceb114876f5697a7a463461659decebb8ae551c1f9cd0102c007,0.11522731054287083,33.95
b4e45dfd688f0cbe5c17f566c815163263e3be797524182bfe98381ce860b7dc,0.11522953821077732,33.95
00257724650b316340cfece5029e823a6052888c5a83a9b7723e93d2a2347f09,0.11522391651869693,33.94
b1c2fb56c835e12661773f2469b97a9615020417d30e9e243d0368aea8781f13,0.11513344870595542,33.93
f1d90c2c9de2676f9880aef4d1688f80d71bacdaf5a35bc8d2df4b2ccc2648ea,0.11513634162459434,33.93
3462f60d730c1e070e260400c03ccae40af9a91c741ebab23d4f0d135a09adb1,0.11514415549801786,33.93
f61cd39bcfcb6944da05d39d175b37478d4363a853f0ede95b698c1679d2b367,0.11506604287857733,33.92
44607addb81ce7eeefdd1e50e69811402315f91efa45d93228a45676d3b1600c,0.11505908038505891,33.92
203f35583033ae605819f105e7a95c047c1cdfdb25dc93953c5eb2fe4b7396ce,0.11505805528932073,33.92
dcebf4fa84bbe01339630d70892a97b8f3f6e7b4f9ea29df728bed4b4dbbab00,0.11503634496733513,33.92
88dd8cb454fb775057206ee7e21a062714d499c0fd096b269049320459636d18,0.11503883305606905,33.92
00eccdf78a1279327042fe164d85cc6c4d512cde86c3df27f006164290f63f6d,0.11503211968652663,33.92
e98754462df2eb6a3c1b24409f5e910cc6e97a1601e5221ff6e9822a239f617f,0.11497999916494196,33.91
6e41c8d7bde39acbfec25a854f7a85e262d55679f3fa438182c043dc7afcfa79,0.11497356788246954,33.91
350623eb6c269792d2f5be3b4ab3c90fdab38c6ba94e31ae7494e3774a385e7b,0.11500654378435395,33.91
0905233944991e6479021fe617a918e5c9729ac4d3a707b491cb0f3e0bba88ee,0.11497578911467037,33.91
1ea383eb800e21fba54fb127680ac22b7d925bb7b16f87d540912b843b01fbad,0.11488812274346544,33.9
d8418b820e1fdd89ff5c48b606f96331d2890cd1cb6c73c69afc5abe74c8820b,0.11491479898221335,33.9
5abf38ee7d29c1af5391cdf8536f6f271a3d56ceb3d67f575ec6c3ddfbe62c11,0.11495022744526993,33.9
34c6fef90a67936c021ad17da4919f011fe7e8da5970309c1a0a167d9906f253,0.11493986579901196,33.9
cebd7c99f625723383bb867367cf0ffdd5a907f1d556f9492a432585a4fa5e7c,0.11487448873859635,33.89
45af8865225b2accd39a8e4f9c56b1bf61cf525dba558be5e31fe1ff43954bf3,0.11485655822904076,33.89
c2685967ad669b20055786ebcec8c5131aa406f86cdef02b6bbe9e92266b6eb8,0.1148254424866843,33.89
4125760b529167e09caa52502effe5a7bf715e7eda8206f38e94c4049d967724,0.11487815557068096,33.89
2996945c9e4a1cb134233275206d62439ce060527bf71ee259f322b08bffcfd7,0.1147866406637923,33.88
72879f908ce1c8d1542a49c220b9e286667b65f6d74ab332c6bc6b9ea0692ad6,0.11478611462116278,33.88
131f98ff77e834e7ea5d45424382c3addfc46fb1ab97a2cc25c906970d6dc112,0.11475720546690614,33.88
4bae5811bb2916aead7c37dac715f5db1d01848b7c2dd6298d297fffd79074ae,0.11469774984051653,33.87
7722c5b978db64ad010b6cac3caa97cd6e448d824f52c2c19cb889b0e0788771,0.11469615606589821,33.87
14731941683b1cf648b6a78a5f9561de1474b7ff2d2d354c6c59dd289d090957,0.11473320403793705,33.87
d4ff8d1c527d00ac6a5c1a6a7d1539f9e70e75e9d64b2bfeec227e9116fa4f2d,0.11474862193973945,33.87
786cda043e1491e62f206c6b2e1c273ffc0abdfa7f91603d223a5c3f575637fc,0.11473794373945218,33.87
a3d152874bafd281b23720316cc871f7e0b8384d8ca1a26710a721632fddc45c,0.11463599943297983,33.86
6db54c5ee399471449e8cce1bfd92301586a4697717bbbd3476bc95567295800,0.11467731835216818,33.86
a31a17df0502d7402f7678e629977bc89776b62c9b0d977c56780834cf15d6e1,0.11462462576466431,33.86
09bc8c5322d8528127ff804087cb29152fddc56d0b932b8ac9ce4345d2586ad3,0.11456527569881576,33.85
266045118f959115f3e956891a9ef0975de225dc4f674d69d341f9ef291a14bc,0.11455081883162005,33.85
23aff08f9c37e08a7078fa4b46a6a3bf3d71648ef038141d1facf494dcb948ca,0.11457865135274062,33.85
a1c84b0c24f0616c62250851f3341a642288785f4a92edf20b934bc247b29119,0.11460260748933504,33.85
3f672b6e7cdbd9a69fb10859f1e0379b68a97de053068de2e131b800c021d9f1,0.1145719969260251,33.85
4e32b22dc59f91b7923de86c8e8c83ec93c9a17d1c0dbb2b87cb1eecdce84fe0,0.11461253917324683,33.85
eae834069d03ecf36674415358bc8c488ee9d68d132f6adfa49d8bbd41769d3d,0.11453696706703122,33.84
4bc6336ba36f95da4aa2ea64a34ef5790000ff059e5dacdd13819404c9c38d6b,0.11453405070475223,33.84
c955f30bfb961afb6e2067b93b0e1cc865b1a06bdbd87c6ce04b2cde839200a6,0.11441953544840584,33.83
fecac5c4fde1cf04c0506fa2567fa0c7cfdb5eafcd652a7b300da064f175f003,0.1144437262727985,33.83
76c7567a5b3d988afcfaa4ea89031c01f46223d74c895ff03dc9ceb109180a5c,0.11446269539981925,33.83
270afc1ce1bc22d2e77c672df1f996ea9eb2f1b5c10f032808247c3f166e1a59,0.1144677817113207,33.83
2ff064af7b75d9a4fb2acb9882654787cb37ab70eeb92e0062f9b98e41783c12,0.11443753491043296,33.83
e10215a550bad78977163056d451ea17589cc121319ed07c7b4cb1fb289bdc4a,0.11447718609681364,33.83
2bc132d94cc355d9c6d35ebb0e10146fdd6898694f7046ed3107b9a02d91e9cd,0.11436947545984864,33.82
ddea707641c03c76e22bb4c6d02427dccbc371270c73a1df6d9d02bd2446339d,0.11436483646826931,33.82
1ec2ad7d11b5fdfa080263fb33f831f4dec4296e7c26e1386e8826fdd833246b,0.11430472041734811,33.81
aa5f7dd60ceeed953a330ca0d92d9cb1e30476d783860c9a1da0247685af9421,0.1142816341180658,33.81
ca4c8e19fed0db9778004151561ba98eb1042eeda510d45c0faf8264735a56a0,0.11426875027788892,33.8
56982e8ce473f902bb8ea01eb7a141eeced134e3e33ce806a064b3a366ec76ed,0.1142622671722573,33.8
87b4e7b214b2f508655ca94012271eff2483e85a701eeb752282cf1daa4c2b86,0.1142199722961121,33.8
1e5c88766a12658452221a394718660239aaf09fa823913a89cbf7d87b00b179,0.11414776720079031,33.79
8a7d500712dd5b9be8ecdfd68e5abf9b404aad554996ac3c7b1ca009d76aa045,0.11415401162368323,33.79
fd69052879216eacf58b2ff79e126e55dd4e96a7f362cc7e74d5318daf4722d4,0.11409277883969325,33.78
850cc76eb23529de78fa0feb2ba47a002f15b3d68daeeff61daf30de68450794,0.11413130014308742,33.78
aaba116b7f24eb8d9f4b47fae0caa58cef680485e214eee6f388dcdf51efddf4,0.11408999352451245,33.78
dfb2ff0a292ae5a5f4c4165763225f67cbbc5684f45b0ccc5a07987d79a3643b,0.11413352012154433,33.78
d5dc5e14fbf065962dd665bf7a63d73fb1ad20384b83bd22e3ccf8bbc87f5125,0.11406428505804037,33.77
f0df35b709313c260afb0c6e8c5c4e40e2b8096f7e6add62586bc21ba4f82269,0.11394299891634008,33.76
d6bbeb29bdab0d1794881419c85182c9eeae2f0896f101c6738905182d5529c8,0.11399170146630437,33.76
c5f5d9611cf07bdb97bc6d360a78c0d0cdb59f20e95f5ba7f40a2b479ce8ef72,0.11395585372503142,33.76
a73722c069f1f3d6f926d1899a148778ab3a6d355fdfc7bbcc4aeb8de34bdf2a,0.11390624739070114,33.75
cd8fcbbcb91edcafb3328c3fb3a3b53894be31e62949bc0f5cd49a53321ee40f,0.11391692231579709,33.75
f17ce172321c00241826788f7060d176af3fcbe3b33ff864735337293bcd7ae0,0.11381574467993123,33.74
55f2d4dae5bad639050639d347e731af95c445b757a4c5a71b20f08c20f1ee1b,0.11382204428587714,33.74
bd8430548438710acfda69342da781392be0dae581943e3269c6ca4a0928a09c,0.11384798736383468,33.74
e3e19a366f60b93122072aca5bfdc243bb2650c32f63e0e90c824e2c417cc6a7,0.11378003098156642,33.73
9e2eef2d4bb4e574e0b13ec8ac6bf5abb71d4f15b6c9404ade1a684d9ba5607a,0.11374120470153601,33.73
219b662bc74da76caed60cb369db965d61bec052bf0ea81bc943f9baea90b252,0.11379849775449304,33.73
d6a1dd46fa292ac43e3b4cf8ebe7c5cd68cda40bd7eab160d2d8093eba523af2,0.11378595520113395,33.73
bfb5949ef047cdf0b2a38f092f143df95970937f5de378ce2e896c56370bd621,0.11375410506181428,33.73
589cad8cccb42fa88f2aae55bb44c656d2070ad370a7a5385cfcbb861350e16b,0.1137031062908934,33.72
91f8077d43d8f15d123cfc5f8ca7924c3cf3a947c1cfc82a1a7dc098f9f57923,0.11368298252860005,33.72
5e48949dcd42dd16e58a2a46e26fe596768c7b6ec803e373ae7db5aacaffa58a,0.11368235872239352,33.72
fcb6191998cb41b94e2cc2e172b5caff1d7105f9124772f8cece0d2b73342729,0.11373283218880453,33.72
2a291432a467d33a0b46b3cd7c3aa8a3595b44ad109c9f7f915338929be2f703,0.11368392580961821,33.72
b893e84b20f1ad2ba9422c7c9f81d79b1200ab442fc844f06377a46b95227dfd,0.11366442191215978,33.71
ddf8a79a50bdac570babb17b2c5cb51b58e7b68ae94af2828d2ffa12b34bdb7e,0.1136696141239071,33.71
1ecb51d4cb3dedc1804f8ae4fbb3a9dbae1d18ff74aaa7a9d95667df2fa95cb6,0.11358439016934228,33.7
ee01f8f416279426d21eb431fabed6b8b762cdc1ab0cf22ed7fba5cfbd4ba17a,0.11355646741852231,33.7
faeec377a933ba5e3f3c6049e00f7b61b8797cf3c57565337d4aa74aecfd3c92,0.11356415451080924,33.7
4605aa3e2bb709f7f242dafd9c2ce570a58eed188eb54f3a93a1f9b20af3dfd5,0.11354173067340353,33.7
d2ac10d1a65cedd088564c909e92bfc0dbaccbcb0aceffb7439bd7e18b18c7c0,0.1135451736788823,33.7
fa314c44ce72369bfb5b5bb3ce1847fbdc6db22a46b91ad05fdd324abda344bb,0.11348059098553943,33.69
a01ca69feb96ed70962f50a3cd30f4790675fc026bff1e70631c767126c354bd,0.1135103859793597,33.69
367ff02782945d4599d666a0f2e5fbf35db4e734f57a8d4b12200f964420daae,0.11341218488858543,33.68
8627b9b97d9085070ca973fa524f4b92742220c1b68b7e944984cf1f695c9097,0.11334019136041096,33.67
cb2ec7c987872c97bd86c2ce1680cd4ae1020e2468636b7587b10b62ad2ca367,0.11338117527220685,33.67
73e15df905ff8d80ce6a9dea2176a8f3b476283b76a2e5efe9be414a8c0ef66d,0.11339380263603199,33.67
76868626ccca6f3dbc9f6386c0d8a8c2f28004f0930a50dc09af5b02789f6430,0.11337929028301554,33.67
eb8e1614a8fcf99943556aab6ece159d93d65c7f5e7a92f6e83155a2d884dd08,0.11330990050468534,33.66
9a6b00630df5b859b70d6a9ba1661f38641e75877e49e91a9a732ecc9eb0ea94,0.11320241637390283,33.65
2e45ee462a0641252a11531fbbf3073e843160d928fd5ea0d5ebba31bafaea0b,0.1132227713700121,33.65
88179e6ece8b21e8b55c3290d413e4a390b7f98d996114cfeaa6ac4b1289e874,0.1131929565984763,33.64
958fa9dd1583c0cb049b3c22cdbbc7bc24d9bbd47859e2976f7f5057457aecd8,0.11316364163901142,33.64
c457d1887b322b7b70677945109dfff4bbabe43f24ccdd9c202a77de2c0da9a9,0.11315593938625516,33.64
841618ee5958765585ee7ce97ecf545a2b9ecec37d587327bf3562f894baebb2,0.1131867818215507,33.64
4a54759ebaf3e50a37d39e59d3415b92759373fa9d14012371460b825ee3c9d8,0.11315757886827678,33.64
0bdc85faac253371f6f0b14b4436f3ed3f76871de01649751205a445337630cd,0.11315576064077369,33.64
b8a2427164ba6dcbac582d7ece764ce4be0493419d434e00432759d9e5779ce1,0.11309861206542324,33.63
54f6481989ba833df7f0c227de50bdd7c2f723d0727a76eeaa11d47b1d7045e5,0.11306425743572979,33.63
36401fb3394b776b17bd181952e9d22c6a4be7c146bd38e072056bccc5cc4d3d,0.11306053337162655,33.62
202e77199ce58703ad823dddaf611a8fd747dfd94de208f1da774056cfdc6f8c,0.11300488154787681,33.62
69ab0f89d2fbe6b30c086546b7f0f79ec5768bf872538832f3d204384755c2f7,0.11302302277845012,33.62
b9639fc8c568d674229f548f594b88cff9cb2dd39581c6800d55358dc90353e9,0.11305765618163775,33.62
0e62f65398ffe0ffc6dafafc23ab1a67e4242faeb2c39e52b49ab3d9b0eb196d,0.11294968786295265,33.61
700b309314c781a69dfd3ab0b7850fa8fdf1f876b14e36729f56db791b4cd174,0.11294141320474405,33.61
174d55b5667e38948341d7f042e0408c2289c15a6a13a9f8dd165319fb7f9d17,0.11291470626079908,33.6
05b17baa7b166d33ce501898c0b08d45ebe314a2e1fa18be9e951afacd3c882f,0.11289070554142545,33.6
a3cef46ed44cdd73932cdff9bdf0fb5763ce66b3aebabc55de1e663b0ba47462,0.11287128450841513,33.6
873595e239e3c0eac82652e0fbea759c52313e6fe5b6e5f8d57ed784b830af3f,0.11282482853174106,33.59
3d39b5954905c25e37a85c63aa4bcccf7870fd89ae967b176021834003fa1ed7,0.11281005538373007,33.59
fd2a087df2a74bd1059ff066e19c3e9178b8e9296e8e9a40ea8c1eb4e4db3498,0.11285202785328648,33.59
3f9468c5733d77c312b10b5e175c90166e72654a943df240ce42192aaf57ef4d,0.11281415621105925,33.59
f0c27d4fbfb6a4cf6e3856429e131a6e7453b358972cedd499cad067617cd5bd,0.1127935847275194,33.58
fdfc573458be2d6c9a0671dbf9352f4aa8b888a99a69bf4d226f36d8d74a2cbe,0.11278532199128614,33.58
5b4969d2b1ce74781cf24f19b578549b90675ad55fe69af2e44bf6cb7a7da029,0.1126844169419778,33.57
bb29e5c57ac3bbf7dbf4e2e66f8bab85a68fbdd2b41f78b29ff68668e0bb1d42,0.11271294807688977,33.57
5b24890f060b6030789aad2c0afbe32b570a658460255418120d02b0f9f2d609,0.11267866890645438,33.57
f61fa8c2bf507528b4d7aa9e003f5d2fc9acfc6c4b36d9153279199d4e8669b6,0.11261028002094203,33.56
073cb9189bdb51c2bebbacd82dbb63721867e434aa5d5d9ea9b8d0a58bc5306b,0.11261675432381703,33.56
13a7101e172f474dd367ba369d035d11a9ff2799741b07d5d5239aa3a8b046b4,0.11262674278080079,33.56
43028f9534b2b4c17474f5aaa81a60a9519c337fe342ae63a201dc94af9c82d2,0.11254803307559062,33.55
c2de262478815f3e23ab8a8a71d8eef2a87f15d724ffbac02845ee1c94dafca4,0.11252612159528093,33.54
d81179ecbec7366240cfa3d3b0e520932513c197927f2625a7dbd3fa6f16d1e0,0.11248287261110193,33.54
34dba859446e77af59fc56bcbd8d0ec73b4bcc4ac2fb5ff323aa149405aeb2a6,0.11234903644414683,33.52
56ffe9ded8488c9c2f32add6377105a54e31c029f2dcb4ace60eba6ad87636e8,0.11239164677890451,33.52
49db70e8af28943a2d00fbf5a60ffc0c7d16d8d2c02c17791d4a33ee070e98bd,0.11237367833791292,33.52
014187eb6839b1a38c0490a7076cef503f80d4eddef9bf6d9b1a105d28f2711a,0.1123684832365269,33.52
f24acf87b4b985c836783dee218b396bf455292d7571da887fc48788c7bf5b28,0.11237257383373535,33.52
b62bce936e7bf71b5f23fa50441bbf8a13b41e8227d44968e2986513ff5a04c2,0.11237644107829396,33.52
39e0e4921e1872d38d645a55c85785d82725b61c9693961a213869a9c94273a2,0.11226416644293191,33.51
d0bddf10da317329b9eb2ee8ccf83ad023501cbd2c474fcba0ef219b3f58c55a,0.11230335268195908,33.51
6896f5845ab53fac4581e8ba4231438d3b8c2296920d96f23095eb6d6cc79f83,0.11226394243098457,33.51
8120e505febb75a3c04f3cb180f9f6de32487bc434096c1abe648e43749a975a,0.1122219022475093,33.5
bad28aa6eafb357ab3a7a01ebe5d92ab530a370d288b4b3a4b914f0e2cfcccf1,0.11224319259062872,33.5
863e13d0dc1573757f9d3a6206f11ff44035798fe8526abdb462e9abd9877389,0.11219711822780538,33.5
4fa7a58dd253f76175d16681a511e6497142500909531a664630daf253decabb,0.11224968724265799,33.5
dc5b360554c8c79868d32ad74c4aa8562dbd038c4f43a6e4a67d5644512608c6,0.11213478438290457,33.49
81cebe599cb715358ee26ceb6e6682804140012802f9a71a6ee26fbe1dbe4d3a,0.11214710979057647,33.49
af465b01e760fa431fd7850ba2bd94008c9a7837862d2b90ef044aeba956cb4b,0.11217128213781127,33.49
5ccebdb740e30d2fad26c53e9c38fb892fc78be49414a1bbdb99f10a146bd9e3,0.11208525996367158,33.48
c6440545c6bd0266216034afd4c32379fcdf6d8062a60204b1a585092498ec78,0.11209055100823598,33.48
43963c17aba35a336359069d9999596a336784a3af5a941a28056f9517c47b57,0.11207910201520853,33.48
1d85ac253108d223224af58da496ebe8dbb27f272f52f7a5d02afeffc6ddf3b9,0.11207374239045324,33.48
87a9ae337741dbea26507913fb44674d34351f822713275a10f10f8a69a50041,0.11206653541167436,33.48
b26230db5c743225daef2e34522d817faf79ba31b63b3e33e478279b30b3b990,0.11207663635741368,33.48
8464b72009c38345179ab7d98d6cdd372b4ce2f0bae76e8ea47b9b2791b5515f,0.11205450757535662,33.47
bfb97f6d5fca2c65d1367ab95c241cd21155919df45d3502b2543e7ef963257d,0.11204465684776857,33.47
b6c0f3060717a147e41d06420fb59d9d4500d5c72431beaa08ca2b4e0838f131,0.11204838056484163,33.47
554f64b019f4c81cb3a8ff8f9e4ccfdf721b7abb4517d57471998b286069c09b,0.1120541365218425,33.47
c7fc12526ebd68d9e429aa1f136bbc1795ff8bc6a8e028cfd8345389468b7bb6,0.11194115802283784,33.46
7a92b984c71850a8ac6b787285c0715a478c862a0f74691064ba8cfe63e321b5,0.11195572116039221,33.46
228edb94b49271b0d24663505a847bd2fa19b9c0f2a89291c7ff728296fab8fc,0.11197722704352268,33.46
085df45ac6e34a4c8d8a2c48e591bf63fa257cbed7d5cc42e88bbcd22814ddf2,0.11195761526410294,33.46
e67a3778608b3cfe14b28f36a24c7ad1564161897fc5201947c58bf4dcd1f131,0.11187400787542297,33.45
6c5f1f107d4223fe80eaacedfdb0e341df40b3f1edd3e747d39d4709cf66b16a,0.11182818658230169,33.44
8c04ebb15de899621255f959aa78b7a7ba5ab4bb551920987afdb1979e67b0c7,0.11173797985855893,33.43
74d58eee6c8c8d01178d1f8d643cb62a9af219c41acb259948fed5f00b169f1f,0.11170092774620345,33.42
40ddaa1cd211fb982e2fc40e40b91f792e5c2e6b490db1bc2e737a2715f09ad3,0.11171966517120971,33.42
76802404d78d61d1ec4b6fe50ee0dfe46587601cb01961d300d49333309ff67d,0.1117100210719804,33.42
7ec02781bc16d5116701d4283dbc6a02c081a80e1c574417461fc42889582190,0.11168302898627656,33.42
4f699b51d317275bb4376763716ca074f68003cb1c6f6df93aa1a95188715811,0.1116258573516204,33.41
537df6b21f13c62715e2ee1d159eafbbc1e69a8d55dd0108d52345289e941d9d,0.11159930291650288,33.41
2f252d8fc49698eaff79f92742b60febd64bebee340e3b225dda9593b370d069,0.11159431832896774,33.41
238c95590d4b08d72b31782909d7459572ad20e8f00950dcfae61b8c245f4f97,0.11159113130642886,33.41
69741d55f418a248030673e8c00def798fb78aeb87a708d6c517a567c1da7a67,0.11162052200789732,33.41
bf079ef07849cc39d002363e17c6f5a551029f9e67f77ea773910a9191425779,0.11160809628005447,33.41
c6971991dd0c8028069b187703b515508e17d838b5b0b1e65afe66e53683b182,0.1116426232595167,33.41
22df5f2f3acb7fadafa73dc7d5e499c39395e5d13c9582e3ce54c9c7023bfb12,0.1115745903334272,33.4
3d29c218f147561262bc8a12bda61c1aea92d029e76816e96f206a1f1f319a09,0.11155743921720314,33.4
185b52c2820c683a3bee0e0db76c6e27cf88e547aa96803d731fe685c3543c0b,0.11146968759722892,33.39
b821a4d1ccd34275149d94a387afe7708486de6b22d82676ae552651a2fc616e,0.11150031974055492,33.39
d1c7c7850c6e4132c45c7ab17a0c6cdaf5d9c447428ccfe0b17357d77cf6dfc9,0.11146988666906918,33.39
8e539773f8fc9f14db340bda302677f2f4fcc1114fa7ae2cd8f1c7f3ad14d1c6,0.11152077327246268,33.39
7378061a19c3ab2f2dd23110b3bf2ec5ee423b1f16fe45a8e7f183ee30de0661,0.11150339455068442,33.39
9af7b09d6da62b2a56e77f63d4bdc6adf9a3e5aba7d27c4ae54673227b4c94b5,0.11139577698821698,33.38
6f7b3737b6c45c77d88a1b6a35e4b51a9cc6fa21ad59eed721abfd2055492a9f,0.11143652644031088,33.38
5c9c272ea3b38629fff96c455e8f6839c30f4b367d132b872439d09c77ebb0bc,0.11143181774855301,33.38
f6e6e540161f3c34756382584b089fb60bcf48143ec756d1c44c88d21728787c,0.11133500691590066,33.37
5ec158b55e91c57cf4a739e1022b767da54ad228c7cb28965c44ff93c1b4fce3,0.1113276760303354,33.37
3ef9b6efaa0c6a79171c226f0cf1765238deab6f3c87bfe621153a125754ba70,0.11135259577842829,33.37
4d3f75ec565068bff7d904d2c112e4d54c81be598b5fdf0034872e08ba6224c2,0.11131709038224548,33.36
5eb67a1bef88413450cb8a0e7e19d99d6fc024a5d658fed93c0c598bc4ff8eec,0.11132080503693713,33.36
b0c7b0e391fff4d7628323dd5c596394c979b0af142dbc62e8f7f31d4c5fa12a,0.11120207453427788,33.35
ac9ecc4fd0c631c4669b3dd73c042c435bf4e2d511fa0c2c4c1159ad5270162b,0.11122735688495325,33.35
4cec9f071082677d504d60eba079e55c414266c32ee08e9762170b77c291a779,0.11122171657369137,33.35
af2d03f7abc6eed158e9e3f308c8559e934cb347262437eecd9eef24674a51cc,0.1111508549355955,33.34
c1a3f2e62d20177c148dd1ac2c5f7ef916ff9788709c982385762b3175f1c8c5,0.11114605499980933,33.34
2a401cd2049fa9e5f4d1cc2123ad615801b9a221a3420e03f364cb65e2db6d61,0.11114584222812056,33.34
6032244371d33bc4ef72dff5f365569b676d3cfbeae8a1f1dc45e92f3d20fdd6,0.11114538828506638,33.34
0f72a2ae91bdfac620aea455d4d587cb5961c4e1517387e5daadee55ca34e97a,0.11115363964141707,33.34
5d505bdd189f61c1993f7523aeabe1a75c6b22f11f138735520bd867c3d85cd5,0.1111337889490454,33.34
8c6094629d092a87452f8618c77cb17956aec27a69aae7318023f8f55d7590d5,0.11117426355707508,33.34
3a3bfc8ece69ec31495c36afe0f891524bb8ff2e508d154154bca42fc02923c2,0.11106241552124282,33.33
c2a815b2645ad8585cdd6e70d32d4aee29de853fca64359b331ce00087593fec,0.11108523050074223,33.33
9e04d1f5da6f4b6aab7b7f729cdd678a7674819011f999548aab37113053a01d,0.11107985630544563,33.33
5ca0f79baa22b279aa548594f72f0157899dad63d5a3f3b6aaf2c138090f9e51,0.11110294488685774,33.33
a8a6994d8d8eae811f970ca63adefbfc4f93d852ee06e6b058c3de6935c485b3,0.11105642379710527,33.33
907318b70277d8cb8a169687123018f0352cd0fde73528a4e9bea6a852f0587c,0.11106181104211886,33.33
8e0bc8cf0f7551bdacbf9723e49d7ebd55c314beef43cdb2f4805f2c2bbce6e5,0.1110768327704067,33.33
5a7997c8476e69a239cb75203fc46dd197b36fda239dd5c2cea3c642bcf6bd17,0.11098973177510944,33.32
d6792f5f70db62819f3fc5963d795030753de40c709e87d745497612c66092f7,0.11105161672459651,33.32
ad681136f3a7c4fd825c9699eb567959a5c49ac5228b123eb401352b19ac10c3,0.11096903791135412,33.31
87aa52908a01949d40efc8b81ed9a8dd34750cb737bc4877f030d6d9ad400845,0.11091112654680961,33.3
f69e974d173a72a0231034fc0884bb1713b9aafea220bcb76c28fc3d3a024b7d,0.11081389312786996,33.29
6ad0cfbe5fddcfc74715d9956d34cf1dd6efca3a4ff48ac433c6abdc5f6e1096,0.11079745416147516,33.29
a69297fc70fad6f4ceb6fc9b996f2587f60dc6837d8b1f53ef10d08b3e8df177,0.11072901256931374,33.28
1f5f2e218540cc09313929d0ccb7c893b0f8afe3bfeec69e9693de3308a511b3,0.11075536457474752,33.28
9f890c8ddc40f7e54e91b364017a8b0924489dd753190bd7088158ed5da000e5,0.11078197716649446,33.28
1cb46a4fed30ddb2d5f5da67fc2eadecd6f7b7861834d7f09ee7737f6d775631,0.11072778692442328,33.28
0bab6bc11c62e843a8b5813b90573747b24fbe05497f3d97d0f3ef99cdb0d674,0.11071538634681807,33.27
0b10f300c85d06da188201b7cfb9de1a008b2d28104b2cf70d637946fff0d51f,0.11069655830852584,33.27
17b5d61e7568df71ccfe9f5cf21195ff2f94800629c674f4056d90178debcbfd,0.11065899289019689,33.27
a5247c2dd45acdc85eda5044010676e8b511a1b47ca9b12730b6d6ce33a56091,0.11060429926241416,33.26
ea91e0c6c02f76b33b6f123164ba811c437561c8305d749f6d77464bf4dcabbb,0.11061828466695425,33.26
42259063abd71d6ee35d2a8734d531ae5c685b17aba781058dcfcbb8d7c336eb,0.11065076409434713,33.26
e3cbbe3db117588e7d8ac538e1345b4a7a26b0efa825ca093baed6513f1886cf,0.1105695315652083,33.25
ce0fed5e78a6df672be7bd4fec0821e2151d7ae33bfa6c298b23563768d66e17,0.1105381735563978,33.25
bceb2e2630695c8d45aa679bc5ac393a0fec956857f821297be54ebf38bc37cb,0.11049838294917327,33.24
f3a06a2774f4be9f241c5be31a4828ebfe74c1c6881a26fb2392595c85e4d2a8,0.11047034248410512,33.24
64170aaee5afc249c8ced60790651c796abdca4d6e9269942aa3c869dd726a20,0.1104740142936064,33.24
260cc10e347f2a5a4e1f65740c13333ea77cdca6186dafdd4457c17a2d34f7db,0.1103977227877559,33.23
945bf4bce12c53d209fdd4566a4d2841f34a847ceaab3352f90fea95315470b7,0.11033300616205635,33.22
1518f97d3cd6f9fcc288fb12672c6d1258828ed8b09e59a60e53b5766657287e,0.11038403887017675,33.22
584227effe825ad50ceea6e2207b3da93a3d313e74de37872c9c5d52c4c6a011,0.11032904105918226,33.22
1439dbc98153a4717c1bf8b8e579bf4cc6c23a2b4726400cafc99d69949f06f4,0.110297086390785,33.21
1e026d0262a0ef5cdd898405e5e65898b8995eed8cf822cf04c5794095deaa8d,0.1103190052956458,33.21
0f41dfdca4f84262e16ba77357374fd7f3eaa9f3b906b2c25f376300ba4a4ccf,0.11028072527471085,33.21
5fc06341d1394ca050b54d091482e6f87b2e3532c49fd873ca08b15a662fe03c,0.11026355340613059,33.21
1784f39d6e2673ef7357353970fb8bd87560c0055f29a4d713ca36d059775f40,0.1102889939332259,33.21
d1999926cbebb356d72a9100a537811213a9ea8c5b234b64c4857a49f8948998,0.11021621308090689,33.2
1383765cbf7854622769b28957ff5b7abb6b01212365b623ebebed63272cf430,0.11018717428688837,33.19
8d1fd289312fe279f58848970cb600ad11224d2510c94d9901bece9f7085710b,0.11014848990083424,33.19
448805aadbac23b761ef9dc5f93e09aca60ce05b94ed0108085b614215eb7ad2,0.11014696368978165,33.19
e68aa24c70a283dd5d9920fff567f81ccbd19342c45c8a5e410b0b488ee305d1,0.11013842689994856,33.19
f5613a1617ae9dea99b6d6eacfec297d2f3303d3aed003e73a92e45f7a82909b,0.11018278070947286,33.19
6f4c8182487817f7833ed7df77e2bf9b634007c630e2e80d1c5ddf7ed0f60850,0.11016846330831058,33.19
b61875059f92f803a95996c09ffa68dc8948ac2a0954508ed02074afbae7ddbd,0.11002018367472381,33.17
cd547d350e10105def7e0c24a878878f4f87f2ac10f2a0b17a69c05166ebc0de,0.11005511945706552,33.17
7d29e7532dcd899361ae45b7305ec1768dbca30afdd451edf4ea3bdad8df579f,0.11004247243535618,33.17
2d52ed8d54bbe46f36cb8384494f1606c32274657ea1b1c4e498612957f8710b,0.10999104053030279,33.16
5570c9c2bed34729def49924a2bd1bc4cca5be3d75c9ac1c6b828d2149850f95,0.10996805607090553,33.16
daf9bd5c416face810875ffbc626ec6042754bfd2d1fdbb05f2dc8036b86acc3,0.10993849719707374,33.16
436387aa87df6df2d49b4c022d44b107a8af3caa7d43bd2ad9d922572649b3de,0.10995067316065152,33.16
7fa3008f0e33c2a68bea11dd1c8900ea40a8e9ebc17558a437082040c5631492,0.10997843161209019,33.16
0c70a07907e5e6af829f294dc3c0803dce69d4e7f19bc4a9f3a647f1ff78131b,0.10996411552900501,33.16
a457749e9c28435f8283e62ad95729f4cd4e887ae79ba3f21cc334fce4843d89,0.10997151093104424,33.16
1f4f78b9cb0d1c99a54cca532d5ac8e8c027fe3dba0d4f2de58a1ce4edc7b34f,0.10990580934516349,33.15
468f6e4f0684c8dff519114096b2236a2abbe051fbfbd0bc91793b16d6c4db79,0.10990647672174961,33.15
6084c50433ba98781854415c538ea9943fc1c51f59ed1f94478b50b2315ccaf9,0.10989357454760693,33.15
9f28b2b048ba98d05115d795f8faaa7b6ac259d7ad42ed4539f070ea0ec2c988,0.10979774059014613,33.14
229768ab5e767928c80a09aa4bda4829ac34f034049a5c3f6a377b5634e13d82,0.10976762240210214,33.13
a0a04ce5ffb4014dca2c314e112f495206e67513965e82e00cc5fe5782ba4726,0.10974539130434856,33.13
dd256e6b8b83b32b29b1022ca7e2172c1e46d2f2ba0420038de05b884a847713,0.10972903174947422,33.13
81e16352bbb1f62ecf50c5894f50ac98f649073b427b4263e3b54b791763a98a,0.10976286671625178,33.13
0dd87b994e76c1d0abd631cab61da024568e99d2ae7d9eba9a07969cc38d8716,0.10974858799662482,33.13
75830ede33292a04309ee22bdc2417c3cb01f090f112df877abd3bf9275c9f81,0.10968848752109657,33.12
3c833787d8e1246dcc016620c34bc368f04da9e8b1a43b07c93e81ef53adb74a,0.10971388161656583,33.12
410673c24c0886ad3fa817a34f40d0226f2e6ade69b1d7fde3a6b1480a2800d9,0.10960341307031136,33.11
2246a7ca08882310650076f8b903d0addfcf1117e0434c924675674e49985837,0.10964041902969647,33.11
e2f71c6a6a8ebd49c9288465f49decd6169a322e15e5dab954b16f5dfd513b9b,0.10960479261967265,33.11
1a41e3e811885337dd1c931a679dd3b823bdc3036d0d3d3daf8c7ae6fa4a0aed,0.10955755424123995,33.1
153475feb25836a7005548a8d91e22544c4cac937d64c95b62c2358eddcb3d96,0.1095599504639983,33.1
aa1c4ceec40e06a5cceb7a32227c72b5d033fe8e8509f665675e9092900936c7,0.10951513831965422,33.09
515395c11be9f756c6cb6c59c87046e190f5f20a4789bf45767b29f98103efcb,0.10944530282755244,33.08
5c14bd13af447c6116cc93c1b45b96c3d984d2bd05a97f1a3b8ed3eadc6d6d46,0.1093603932701191,33.07
b0b156baf0fc96d4e13249ac578f7fa0ccb7ef02cd898c44e18cc7c7b680cf55,0.10935972424653084,33.07
b86686210ddaf3a68d9e39cb6628f1d83dd5713adfe35112897af1c2734295ce,0.1093365032023414,33.07
eab713c40d7de2ea6f4b63aaca5512fbe6551f3252c22b5755dee5966b5fb4c9,0.1092908693072077,33.06
4fa66eb57e1200d7e0b97be0bb3ce8fe7c27a8caca765587e00310ec12cc22b1,0.10920038807177761,33.05
58bebb75a9f73f0ec2a36d88f712fc9fb85ecddd12be7142bc971ae9d23594a6,0.10926086251512271,33.05
106e230abbbf2100e0f8c777582de794a816504e78f02b3b437135aeb284d292,0.10923108658171075,33.05
a5a1574e72bd5c75c098dc33cf85cabf10ed45fae87c2d983bbe2473e8d95178,0.10924066290472129,33.05
8ffd3fb7c271c648860e5df37e1e36f06179b227b865305863c7650c72122ef3,0.10920689991919653,33.05
6d571f95f00ea435ce3d418a2a79d3f9107452530fc2a3618c44d015c5624fe0,0.10924168243476574,33.05
969a96a1f4c9b4da16b562ff3990d21a21ec75ed0577eb08eaaac1de5761187b,0.10917307438329898,33.04
fe886864d35303a24ffe838a084163a58e6b4e9aed543827586ef042c8e95279,0.10908540412055688,33.03
d07fab0980709ffccbfacabf09c803946edf1223144455ae7b1e42f65dc84c92,0.10907413601315738,33.03
e962e0fbdb109f76c65ae335692519226bb734c7aca55bc9a74a3b9701f00dbd,0.10902463411250954,33.02
d1a710c8abc256a0ec6fbc675b8c01944d82163b59a1863361a178512332b826,0.1090000751387361,33.02
3e330e1fc5ec72f2c204bc07fd4e9b9f4102bbab123b4b3e69772ed971d0d3d9,0.10902510646459718,33.02
7f29400b186839285b79073c876921772344c5eca34db42cf1c76a6d11492a94,0.1089753842168666,33.01
4fa5791e667e6f1e9c5cccf1b155daf17ff819f82d307bfd7e893aecf7a6c1f7,0.1089517373219928,33.01
470c04566864a0ad807f8edd7b4f4360727a74305434f949571350860eb455bf,0.10898795193967484,33.01
83dd2da049024ab2af5b29db1a2a02fdbb5c70023ad2dfa1c3db6608a17ca7da,0.10899547894794241,33.01
aca5864b6acc06ef62498ca5a6c9867617cb91d83b4adf30a5fd9acdbfd87634,0.10889913495759743,33.0
ab2a6237a16a29845905b3012faebafa1d733e9df09aa32774ccccbb3a64b14a,0.10891387060811067,33.0
20fee2affeac472004208ed1beddf32a5cd77a5cfa2002cb347a1b3b28986031,0.10887713780568717,33.0
deb29c7834224a8313012b5fa5f3b420d666345f73dfd1c4dab94f6e2edf39e9,0.1089032635353342,33.0
afd3ed78154bc3370be7a6c23e774609770553ff4f42a6ca6b13b2dea1a47b5e,0.1088855980999251,33.0
5956b86270ec96ffea1a2149cc8c7f595c6ceadba1efda767dd3bd4811e4f157,0.10881321654407045,32.99
d1a974c7c0e7e2d6e0fd045bd3bafa7cb9861f2743248efc5316890fd312d34b,0.10884979347069557,32.99
d59aae91f143de0f64f3a52b67d2ed7e39eb65e9475b4afc9e1e40a8cf5ed3c8,0.10881007450493663,32.99
9d8ddf43c427533fb68b2cc4d477543033fe140f06a4546cf7d8171faedb4b42,0.10883920277859115,32.99
31ab58e53301f032dab0570cbc589558dbf8a949e39d0bfcda5b3f03497e1826,0.10878310372751404,32.98
64d421c2048adc11561695b2300a639c387032f67c0f4d378a82a8af51a01237,0.10875978599950666,32.98
4939570c4ce50a94b0e7b3dce7c09672f92ff6a26a13740b760018582f3446ca,0.10875988474693782,32.98
68eb04b254ae33ca93661e1cbdd3fddc2f850728f83e16d7ddf237ee9b156ba0,0.10872107104484124,32.97
7f80f438640a00b15265601d5269997eb1ff6139bb259b78d53cbc8a46541a5e,0.10868716712794953,32.97
e8a2f6623f8ed8d4771e60c5176bd36e14b7afb74e1ea3a362744fb094d57bee,0.10870219390217885,32.97
6366842de4fc86de665c2f829c003c333945f7daf909a73f75ab920d3e386c3b,0.10869534201473402,32.97
cd50b0f0287819a76b6b6073b73bac08b696788023af1ba62410ed66f4ddf568,0.10871106013717519,32.97
f1ee4ed4e2c1e70f24675e5422c3e0aed7b9f8531b0c9786bdd392a227c91d05,0.10867364283910028,32.97
2f1ef0756d05bd7d4f1d22f8c3a8dc13cb2792a48489f356bb4ffc84f48ea726,0.10871220631333418,32.97
655dc8336a23313b4d34e4a41141311dac93797ff31801f897690395692643eb,0.10871280346842106,32.97
18f1304a0bcbd6730bf798318c999604be30ba3f3c5de8583a533e0d13d7bfca,0.10866783024710976,32.96
d02eba16611f86772e9643c1b6ed4afbaac83ec2452b28834067e866de527648,0.10855866495647884,32.95
dfd1c374ac78aa45b865410c52d9d82ee4e229b817f5b4b794d70926aa969155,0.10854975079781587,32.95
690fa2025ffd9135f4cbebe54d70d6f8b29ea56c408c40c6361ed9ff67047dca,0.10858459934384264,32.95
a2ad193078de4e6b680c8cb783210d127f2a4a386f365494781015294bd3a794,0.10857525733817106,32.95
40950bd44ef447d729da22b92de64a896bf32e557778f52ad9ab4692236ad505,0.10848144443397409,32.94
7efc22591c5fef9e28c259e5e55ab98e54ea9e5fbb4c587941c01e373f66ef6c,0.10843349985215195,32.93
800270dcce7313aa612f71194c18db082575253c32cdac2750931f68c51da0c6,0.10841146609925045,32.93
ae773533d44e7ef79ffe940515533824790735187455d7b2e715af49e398abaf,0.10845659815554946,32.93
cd2295a97c588d127f209566c8f28ea41ba4037a65eb9519aee5d41643ba05f5,0.10843303276471421,32.93
372dd36e18478829badc655073641e494fcf00b3e9fc1948d0620404a46e296d,0.10840102773226662,32.92
99a83b7f44be093449194e5541f1a74f10536d3b1174f4c7baba6e3408e02fe5,0.10837007584898471,32.92
cd9ee0717f84dcf7f9225ad35a8cbc71e3619fa5eda293ef4f9490fbbfa89777,0.10838023362611557,32.92
c25e20692e52fbfc155a8d50a60af31809dd9a56d8527b0d650a3f0d53d6fd32,0.10836626350571336,32.92
dfd094357e14946b512afd0a7c3de8854f00b79081d3aeca30ec214805ee54e7,0.10840120165543174,32.92
2d1819e55683b7eca3ad137be275ff564d040e94759d136094b864a1d246caa3,0.10838497603233668,32.92
e43b23a34632900f5519c7cf1cd0c486903c9ac3f4845f0f40ad913d2213f3df,0.1082769848898653,32.91
c9accc9f36fc81616e4a39b6ce9f781405c09ff891c061c8870c074da672fa21,0.10831726240826885,32.91
a7c7d2a6090841fa9f2c290cd7f01f3b4331bacff673b5461a3073c3c029d8ab,0.108326254499762,32.91
301c66bf037d87962a2877703641385584c3b949aeaeac2986ec7941048ea4a5,0.10823020384193109,32.9
5403dec517ee828b067ad7265552dd0dedc9da4dfcc5cd2313508bbdea334c98,0.10826988060844647,32.9
b825334a83b07dce887a34481a4481707414e5669d2aa521932efef7eb3e37a4,0.10820864386042334,32.9
8d1514944a149d9611aa1ed20271ebef7d1120c8c45c1afa2014b4878a223e8f,0.10822339555151687,32.9
95d0a9ccb515fb094ad554ffb2c1dff759c49f2c4cb456c65be46020cdf3ff39,0.10825432279375954,32.9
2b0db6a1bfd943cafd2b66dfd3ffa0a3dc5f87aa24e6e9dfe4cd958fc8a3852f,0.10815814123391096,32.89
9e607d717198ded9c45b654a76ce99aec26b6de6d882158d1cf38b321a8c3140,0.10814329069596297,32.89
58258aabdd156ccfe749d0148ec08e55e91dff26681e195d8c5c20dff4ff84f0,0.10819906675091259,32.89
609e71e17b45043efd828e5b8c4f133a70b9f5b1b00e58561d01ab58d00aae85,0.10814448051425268,32.89
293aa3bcf4fce2903ccfd515173768c7f28e8876e73bab4313942571936a485f,0.10814897761215059,32.89
ff2163849fa012ab301ab12697f48679bcc881730b287a0c347f377f2f1876cc,0.10810031354567967,32.88
ba6828d68ffc27784362fda44a010360e6261bbf3cfbf7ef29a7c74b9355ca11,0.10805007985615603,32.87
a7c2f7ba82e4ec2111cd57245966ed6d7e72befcfa715fff17c11d438ae9d022,0.1079665225062945,32.86
9b23b25c6d1a9015c776a53622145c0a39e6b3e9949c82684148375e99aa63e1,0.10796896008854094,32.86
be201dde9113c7d8b430a4ca03ffc5a226601b02a0a2c71628633c3a0c1cd0d1,0.10800297682775765,32.86
00472f6878d79c8633bcc5083a08b8eb4d6e909b7802419bc4b26e30765a01cf,0.10799903361591733,32.86
ccaedc6e10b308b3a1fc3a18d847337666518aa9d0c97368f283e7ade948644b,0.10792792857307892,32.85
84ef3006e87b7233fed35cd23e5b14f200c88750c22fb1ed803804c7e1823aaf,0.10787099693849303,32.84
d0c68fcc326e8ea7837a2003177756888c6b6944b1b1a354be281d3c8b4eb43e,0.10782636619202661,32.84
ed9d04fda93520d2555a5f3547670b729961c48349817ff0bef0470d88523817,0.10777685565006352,32.83
10831ac01eef1ec6c6e73e493b2cbe7da405401769bc16edd0a5d9b513a53b91,0.10776685988720205,32.83
e2aeb8e160b9a0adf5503e70a1744c389853a4a234694a3da8d8e52e2e4077b8,0.10776401592756882,32.83
ec7b1eb5a0a03ee7c2d842ace6a8c3159b9bfaf57508d7c2c0acefc928df4bd9,0.10769139436135014,32.82
5985442075008e88f7b2f288979528e2b5e508e2ea7a9179439e0ced73cc3237,0.10770258823338312,32.82
0ff4ae0902592d483892b315e32a64e6755498fc91e8506cf88738f27b8fd932,0.10774206009476744,32.82
10124594ecf225a358b91e3ec4b088716594a2aa03736622e9eebcd7c1fda47a,0.10765951390571203,32.81
28c21efbca71d44ca460aba158d1a70bcc74d8137b65663c8ac915828f9e69f9,0.10766609200748757,32.81
3926fa50d6cf004eab15b76c817915e5659099fb1681fcc1c39beb3e83fa3d9b,0.10765143001911513,32.81
71d322c5275d11318c5560b18e7643b977dbd76c618fba680caccb9018f0895f,0.10764277797719497,32.81
be99671b5bb531d5eec31e3b7bfc106759ebbaf390a419084043255368d53f58,0.10762312732050736,32.81
f6bd711e65e835c5f5c6e3911e551c7ca3502d6acba2fcc4830b1a71bf0233d6,0.10762089874310225,32.81
4507212b75797869343d4128be2987d572780b91f02c99fa6f32a68247b90667,0.10765100059411417,32.81
6746b4ff94793c9b8fb3bd70058b6798c813e64065caf3c9deaddb29d62b2a74,0.10762133266297283,32.81
13f3049d06bf557b8e90466bdc8b4e7b93042b60fc91f9b836fdb43f848328ad,0.10755338086551186,32.8
ecd4fb5b2c02e0b16fc6f1e2ec0ec8a493847c4b3e5f8b69679fde7b473b76fe,0.10761227240434196,32.8
fc787aca3541c0faa78948ebbeaa5e2faf3623ce3e233dbacccf6ea068e85245,0.10759369880034006,32.8
8a4a0992a031bea5e6218171118baa2240bca5e3af0161ff8889655781c5eaa0,0.10750450623825734,32.79
b5ef0ec3ad0c45590e07eb402d8135ec4a0d6372371c6dfa527d352f4d395a84,0.10753915868652107,32.79
7887601679a047a38039d474c518bcbf9eec410be33491e78f813da20656e7f6,0.10748955961805956,32.79
fbd751c9453024d10fe733d9ca4963da77b177f68b88aef6ed939a03bfd0f456,0.10749188772045186,32.79
665fac1c99b69056ce273453e4f4398cd01eda4e63858ee0ef4697ad1d405278,0.10743153383627373,32.78
07a2f23fba69ac0ba001b132cf089e07947fcd4c0be2659ae7ed5afa0cb0a4e6,0.10742911532491348,32.78
bf655ff9f4b206b29084eafd63b55d1a2bc2e95a3c7a287ed89d6b753edd9aca,0.10745001823000347,32.78
534258c743be31c938e4a8fe18312b6ee78f257077a2a7a92fac2c8f6dd0a999,0.10745291935570692,32.78
dd7efeecaf12c0c6908ad23222d0f303c5ab5b6df24ba977a4ea96adb416e4ec,0.10748044495761774,32.78
79cbe7a5117f1dbb24d3aa2e013d692f4a3f01ca3e254e3243b0ae010a13d774,0.1074336506399314,32.78
67600530561a19144b6652b991609ba58cc9f83b769d0f41629fd88c5b63ea7f,0.10745249645458102,32.78
b04a065893886c3bc666019849b2f2572dd5aafc4e6d7d38304936c5faecde82,0.10737632391697075,32.77
501b92106fa0e0368142f51f366154e700da5eb4040215a1352cffda8ed156ad,0.10734050989556065,32.76
09631aadf05e79fbcbe2309091c0e7f0bbe14e0bdcb4ceac0ffd2dab4758d698,0.10729537644447941,32.76
d10e73d3e2879420ae3ab0268900fa6cabb51cf223bff428e121012c940e95d4,0.1072386675843397,32.75
6fd391229525e928389b5f04afa0777985ebd92270348f31b661e0c1d8809d42,0.10726237613795256,32.75
5b3f38691827999192c955afaeca17ad324843f3d4bd576c69f209a8a5afc1ca,0.10717440266543782,32.74
00fd7d76006a050f1a89b66086a0a4fc1dc3f4f7b964b7b7b491343f13c143ca,0.10719577065467996,32.74
d8fc1b86d1bb06574ec9fc6feb4e0a0ea1048cba2da4a6b787e59b86ceb34c7f,0.10717405975934242,32.74
c35242fb3ea2512aa89640a264bb480ab8f98c0aa0d3a3305d2ea95a52a98969,0.10712364322226423,32.73
f9af39e588bea04e52866dbf21d195e7cdf9d247012024f3cab9745c7dcff1da,0.10710864849511813,32.73
87e4e90648eda9b5eac6573c9cd2026fefd69eb9ed6ddfaa5cddbc566335fa71,0.1070395966017385,32.72
8b2cc9e44a2f3039ab809b510a54f55f9603fd4e7538c58fffbc07884e524f69,0.1070156720461903,32.71
4e3923779dbd2f6aed2471f8163e8b94cb6bd58be3d97fabb4cd5bc56486bfdf,0.10692972794996575,32.7
b89db412e7c843985365498a3dd0809f9c042aca8fb8f9d5191f8b4ee42413fc,0.10690174314888308,32.7
593f200c4c9876086472eca7ae73937315945dc277d9121912b351dafba36677,0.10689917083957295,32.7
60b59e0fa301b56e51dbcbdff0ca61190ce1f14b46cbd4bbcb3dd3bc1e2bbafb,0.10693860444259354,32.7
a34f50d8d96a7f4c0cca3193784208fc95658d50541a48d9f2d6d6a23c05487e,0.10682927093430748,32.68
f0630e668937c545e5e6cbd572bbf1f522b4f818b3482faf4e5a5cfa83b3a60b,0.1068253266415387,32.68
17d99e1e0818a09dd6003ceb230220c00aae31af955339160769856474d81367,0.10682726633373946,32.68
e45097674b03343a1d9b3f84b6b3d90393b0feb66f910299eb53929a931b93a9,0.10681784099766949,32.68
5f94de6f0acd0649ae205e5a78f1c40d0c7991aa853e84eef156c41612612a10,0.10678912792719052,32.68
36ba484c1016d14e8d54605ee46c0d27326d0fcba410210864f95b7c6d659ae1,0.10674090685657771,32.67
e432c5fdc443d90d7c77da060acb5225f7821c78ea56c5fed69f09c7e86924b5,0.10670262937300423,32.67
7e6882825d2636c8ef9727ed60487c22855a1fb8d84e95c16e32fcc4da78e9fa,0.10676533729555353,32.67
abbf5a1e7344f2a8f7e4183720fa343dbee8870998fc162176631ea667a1b12c,0.10674967362288623,32.67
29333ba6c308767d202301ab1b3f8385e10d523e335f26b1292ebc206a2cc62a,0.10669476607271684,32.66
75df5f4157e9b88104ee54da5e12d348cbc379f3c64a30376c7c7774b6baa5e1,0.10668002681345536,32.66
f67947a0b3f67fd49ebd117942b8bbfb13467d9047142f46838b2f4db65f337f,0.10669862521555717,32.66
7d527f5dfa631d0bd406aacf3c90722233bb341ff01d1d13e1df2c5fbb1df550,0.10660837010755744,32.65
d284ce25df9ad11baac078ee451a783ae593d23827ae5addc323d952ee06a2b2,0.10662261457470754,32.65
acd4286f63f7312f2405b5dd4bdddae7318f779589131328dbf92a9e68c45ad9,0.1065943840692915,32.65
51e9873c682b18e1200347fb87373870c5dd5023b45b7ce39deff19c8d7d678e,0.10654126532519326,32.64
e2fb666e2f6a9636bbec7ee769d50795aba461718b5f5fc705d467afe4dce170,0.10651491128898978,32.64
e508fad35ae452516076379b8b532c051d0c64e87548f7598ed1937cbfda9eaa,0.10656151595826961,32.64
b9bbdb10e8e15ea39b345a1bc8c4b9c0f4a93bc45e3803dd1ea6ff00e8e021ce,0.10645889645453423,32.63
7c9fa7747799229f68274bfcb8da4d69195e73395093ee896096e74b7cb48d70,0.10647076552180286,32.63
ea3472ffc87ba7ecdd0b35fe438bade7833d91ac568e4196c1105409b37008b7,0.10650089593842801,32.63
b736d847437ed4db0a1eb7c22783088229e62fc30d655c382f46c99be2e6ae92,0.1064479380637634,32.63
0743a80b0f22c6af5d7d419c791a2505c109f465a89bacf3f5b81718b245936f,0.10639841061676318,32.62
51e220264a6141fd2cecb6a88df97a547d3a3dda954a122d0d819a9ea54bac5f,0.10642856112041679,32.62
2ccd995d5cb6c9bb052246423f0ed35a5350596734304be142ddc26fe0bf09e5,0.10637964495122143,32.62
ccebfef34e23a981a9f63dea508bd818a340447ebbe449a423394c3a5cb155b1,0.10643791836861738,32.62
55a255d86612440caa208bc2cf8e795f31485b97b386cee0fc3bd6564ae51e05,0.10633952666673313,32.61
24fa152a02d3674b45b7ae1f1fab091eacdf0d59cbf6735877bdfefc10172ec3,0.10633583888107526,32.61
fc4e28ec819fda8edc358d678a6b8d1b90388a6ebb3ee226766b0141a64950ad,0.10629846914214904,32.6
9187287d3a54f7599d48d9cae40eb7fb9b86b1fb7354a601702076d764f57283,0.10627427062555776,32.6
54749cafe500aff50665f6232d602e762e5c91aae648b44b583a6f2dc681a928,0.10622213554937764,32.59
9e1510d0cf1e7deb9b600f803eb34ba49dddd7509def0225851d275ca62738db,0.10621543046385856,32.59
8c2fe2104854c0e617da5b71731cf1afed991e37d023dc7f2caee48f151c1c2c,0.1061653771604242,32.58
505fd45618162accbd615c53d4781bcd8734d09154122e22810d9717a7c18f1a,0.10604847909000288,32.57
d50bfb03a9170147edae1d50c26cd5d90b8f4c3912b95da63a9db03447e11433,0.10608771476726359,32.57
e2a477272e6386cc23aa879396ed8356fb687e60cda51a080883c237a259d795,0.10607522447743988,32.57
2541087361ea4154f56b40f9caa4a6ee2f9525f96d79e70bc35f9dfb22411db7,0.10598675836415944,32.56
ad138f7e5b20cba8e382ad035b0c45cfb432fe422c25fb9faa73c659cbb32805,0.10594620542251,32.55
ff2a0618546a09ba28c776f091ed1ceffd0eedb93fd28d314f706408ef1b556f,0.10594429321255548,32.55
1deda1b0f16ef5591f7c03555ebdeb0b4156cdeecca6b7a4afc9e9e1a74ea5c0,0.10591891797808342,32.55
70368365e9008979ed14fc993b96647b36820ac8de70229c8608bdd4a2e1ba3f,0.10587333672317321,32.54
185fd9a3196c6698b1b02f25ce0e2c09381f6d39d65be42cec929f3e31094284,0.10579818516860845,32.53
2fdbd28b030a217d0e18b7d7de227bf88f9be9ca42552f04820606863eb569ce,0.10577679462767733,32.52
006e1959ee997d0178b1ba0efaa021e7e8fb3a27943a0e0fbfc0277a56f75d70,0.10567581845240051,32.51
0fe30ab21517d92e6077e53cb687b00d5fc71985f0ca0d44e4b995c5f729c6fa,0.10567080272845496,32.51
446fd024fd5484e8c144ecacde4f778e53624efcdad14932a3a0dffcb8b9997d,0.10568366106179773,32.51
26da112a0f999f5d0cf8b5dbc4a6853efb95d1cd51cb0e7ac3b15ad69fdb8ed4,0.10567148963822083,32.51
db6858dbd90bd9d9dc638daae4831db23d5ec83137f45caf252ff3df08e7d86b,0.10562842690347812,32.5
a801ae1eb6ea06235d554e4080574bc2f12ff3b10d292c1ce808a3a0d5ae0752,0.10565641487940453,32.5
6237ab6a77039e2bc60b1d5957f7b363de966c92ed203277451fa91bee1d286b,0.10557154191837471,32.49
64c80ad7561337eb84099207f49659479a7381015da1dad85f958387ab024597,0.10553718068793612,32.49
9634170eb9be23a60b688376e18ced5bed6f89283eece8d964d7731a39d2cf9e,0.1055448751143294,32.49
458fb1abb6fb82f1721c32dcba9215561a73527204ff6d4862515538bf515f9b,0.10544972688670949,32.47
360ee0985967d173f481279177c83e800302a21440d08742b30cd804598c7d7e,0.1054248257812218,32.47
a6317b04276870bc20bfd3c255653b39e5aa0b0d1265e109a0c462ea7fbbc337,0.10537105872280134,32.46
2b7c0c4c36ffddf5e205abc8b3b1ee6765cdec4ce332e4263517a679e86841de,0.10537507999962427,32.46
b74e3960fe532ac4969ec47e125d4de6476efd63a5eb6f8fac4563a16e90ff5e,0.10539495751350732,32.46
7a6220b9415cca75e91d1c9761eb03a13856c5282175b65dd6e02e0abd648cb4,0.10539235128452011,32.46
22bdac7d38bb38649530845f9199905b5a87adf7cd8d02ad2d0e388b7e1bc974,0.1053426048944102,32.46
ef8d776950025840a39fc34a98a3f6804f219f9bb7db383cb41b7274fd1e2268,0.10530855081313156,32.45
4d37225e10455fed03f699f5bbe1a96c233949cc090dce25c4e0e9a5b8d4b95a,0.10525850535866411,32.44
ccf3cc0abc46de5dc09d22f536f1eeb091440e7511075483949470647aea1bf7,0.10525146071083037,32.44
3ac65752778fe7e2e28946542f6468f9f839021776e04347044f27686b3c647f,0.10519358629792899,32.43
35fbf23b179f471fc1fa8c198093191a8dbb96819211b711b4279a05f8a0f64d,0.1051996965629543,32.43
4c21385cc64dd0c7ec8ef64f47dee97a6a1a1daff52ae2648ef3b97b95721d5a,0.105087196552856,32.42
c1f55f7a9ba1c2c417b87081ad6e93e1bd5c856d76e640dfae4b080009aa54db,0.10501943969259772,32.41
82194d1adaa90a26e9151bd0e1d022c505aea69574e418832b0ba365669a884b,0.10502315709581649,32.41
e4685fc1669bde8d20d8134bfe9995d44028f0e72face7106657bd3e87d1b840,0.10494847855592541,32.4
010d02f8c17793a9d8d7152fbc46b1fee15d98c1b50c7c7e1c530fd97037a7be,0.1049780577617917,32.4
22ee946b97ea09f54569518c554d0bf2e8130aec8e05e16d5908beed3db13a2a,0.10494569488254912,32.4
66afbf63c140d1eb5f77a6f48b09eec8ce6b6fcf8db97d9a5e8b9c474db96336,0.10495603506915975,32.4
c8802916cdd433ed59d5c8290526ef6c8371ef7419cc1398be0592ff7865ba61,0.10491532755203868,32.39
abdb55e1911661a6bcc6268f978ad6b441278a1c81a41f35fbcbe5227d43cf8b,0.10493394703648953,32.39
0c876bea98e9d43874ed48ee37df0286b00c21b8aac8786743bbca5ce84e9cf2,0.1049126702562074,32.39
bb82fea7b4e320db1054e07f40db0acbc143435dfaf9371d39de5b389f81ad10,0.10488859557280315,32.39
3deb952866e05fdbaa5afda2cf1c1b75438b44186b6f840fd638b4fb23392951,0.1047651958479963,32.37
58d6f559bf1ff51953275d1032418830c87c22eab950d46ba2a934ecf78784b6,0.10474936717783521,32.37
b75236590a799184a458892eaf562115093fa7196abed30602c820c26f1d58be,0.10479905248951724,32.37
800e4118481f9109bd387683cacf5b4d1b3cc9997e09a5b654b2f5b743351e6e,0.1047828630185645,32.37
8c04345559746f5aa5f498d821e19262986805bf9106f2f65d084d063514c957,0.10469358103350838,32.36
71061ffd051a3442b235f2b1cba30a16a93a4e159df48b235aa7c95a7bff18ad,0.10470618684530766,32.36
2174435cdbc42cbacaccc81e34ac4b57a03bfbce28613436fdecfdf6b7d794ad,0.10468654136654904,32.36
45e82481a7573cba813ecbf44a54311d3d14420ce3e085649b490b70f8f705b8,0.10468408796883849,32.35
1993be491c6db760cd88567b92f315c3c7eaae1842ef3259b6ca23f244a7fb55,0.104622004868928,32.35
667e9cbe9645d64200e05cb7fb2b1174b415919ce0edcf159ea0e0da57ecf4f6,0.10456993830446004,32.34
d15459607cf5ff74ccf590408b7edfd2b9937b43d9da8218d8667f49eb1ad08a,0.10461481870528083,32.34
575760c7927ad0c67fd3663e62b7509b019b6c86c2d2b3030060159d4088843b,0.1045922464181327,32.34
bf9a523428075a53923ead972036a1d5ef67ded68a059f22aa8b0f593b6c49ee,0.10452446771174786,32.33
ef3e95ec4dbfa85256049d69f0e1f9f23dedb07e4c0cf202c213cdd347a8f965,0.10443193718003206,32.32
76c73d8a1a35cdfe513e6ba80ae2f4bec94f1c66da254cba901fb1538dbc9c78,0.10442700167597754,32.32
5457d00230aca319b7947707336ac9fa1b8a9d2fcc1c4e77b723ec31e2ff90db,0.10448982693309163,32.32
853da383587b47e13b985e3422ba1b9cf0cd58d36a8c0887d33180e478eec30c,0.10436324052101992,32.31
0e5600cc34bd7fee83f85ad9ba4c46360cc7fd3106a45bd870d11d00f56a40a6,0.10438721983980527,32.31
0f6b89f194b56dd44d6df63bbeca4a871f17454e73d7d58beea195e47e7cb335,0.10434003125509506,32.3
9f7d036bfc0b31e34fcb5a50a88aa3d29221de0dbd64f350ad43a7a8d6c7b32d,0.1043080178445816,32.3
582c0f30d9401453a8bf2456d2ed2e7dce96d112cfc19cf968d2e1b3e6a8cf4d,0.10433635483752055,32.3
73bc2fe099dddc211e6292a3e38a22ae0e223b36ca260f205bd80cb366d752ee,0.1043475181054073,32.3
e4fd863c570e16928444c8b0d72c04c5f948ddfb9fe6f2c5cda33c30a02f169a,0.1042469149965095,32.29
e91549fd5f933308f09e3149c63f74c34d29f07184bd0f7527232798837bc0bf,0.1042281964549904,32.28
37f2d6f48a443666c286d2562968bcc06a73b9c4aa08c53be8376a255362e88b,0.10422529398355085,32.28
95ee7e6d8e9efdbf44947e2c6c7c8c4723b10c90f489d0895df8c94dff3eaa81,0.10416108458668698,32.27
4ccd6dbc2d85a4dbb2d10413664c233b0cee083c7e279a5211bb10ba1e7b6199,0.10415577791859548,32.27
0cddb3ace27ce3c4b72af2bef6f5b30c9d35dc62c1a593b7379c58767d55a6a9,0.10410838889161629,32.27
3c78d583802f070875f6c3e0731f69d5758cad93a2a0b8f1eade32e8996c3209,0.10411658573584091,32.27
94aacc0b7de107eb322d83c3b6486834952c8976ec7f70c73087883fd7b4046a,0.10414586854214854,32.27
3bb3aff955a53d86af5f03cad2e9ffde3e7548ad14405134fa34db79986dfce8,0.1040570753878134,32.26
3d02040fba36b0608ff1d82e1bb78c1061d054859039cf014be611535af0d7e3,0.10408116748226663,32.26
4dfe1b094a2b5cd172f00c070851b23464d76f9a1e22ac5ebc30c8eeaeddf62b,0.10407477520272995,32.26
0a6f88066c55379822f0e127083cc178d0aa324605f4d5b189280609203e57d7,0.10404995261230736,32.26
d1fcb70eb1747ca562d2a8d10c446c4aea058623a845a4a397a479c282157dc5,0.10399727563963009,32.25
78a621617d418c48ce02e093110d28630af72eba87d44e2125e9b37e9260fc8f,0.10403451558360337,32.25
bb0e4747e68a7a20f32353273fc034c9cbc2d39b97d0b0b69effab324a1edc52,0.10403254420394877,32.25
f90d91094e0278db87ea29f5fa357da56b95604f3b807299cb1138c447a91249,0.10396946345039067,32.24
53055a22f8f5894f0d1db9449223b3eff63f8b293f9442232667c17860269876,0.10395706131881041,32.24
e2e69ebd620c110042ef431b8ba0920358e0a077766035626f860ff39f0e6af6,0.10395085791595944,32.24
a93714a269ed5ebc9e86bf22505487011d3deb4f69000d1e2cb6732d5bbfe595,0.10390414321306501,32.23
e470ac0adb8a0b17d23bfd9a514622f7778268112875e0ab644805f751d3cc79,0.1038636830138525,32.23
a5524ccc597f2343050acd520ff24e7f08dabb96677e6ab049bdd5f891efdb03,0.10385480131364552,32.23
7b6135155f4cdd04cf1e2fc11207281e9503ae90222c1e83213d32dc38465a13,0.10389008358490211,32.23
b4f54430b0b1d8364f522abed24a9f3ab7e6f5dde555ff32494f13ca1003b3aa,0.10379938697484718,32.22
c98db37b8d977e1c254860ec8ec9235de150b2b291722293d37f011af27a610a,0.10378711342275027,32.22
13c067155dbec963b07fd21a28d442c85da861709ba2718ca900935085630533,0.1037984776490246,32.22
7115564a7e3d44357c45513d33c7f23f2e99306722db7bb2c30dbca8d3f93e71,0.10383218876233986,32.22
d68fb46caafbec5fe28a8be657659a5924083144949954c80b6bdf1347f0c0f8,0.10377672151625389,32.21
ea5e25ea8ed8096e4cf3f2047aa4e103a5bd7c64574e52e4a13b0a4b23c78c95,0.10377798316101662,32.21
1fd0bbd126f1d72d03d20fb17528df02ababd6268088eae48f09a46e49f833ec,0.10366055026418736,32.2
3300566c4f2e052183cd7a41ec51b2895ddbe4000d9b395f61b4f626bdef6ddb,0.1036783430144819,32.2
c1fbaa1e8ed6c7f9828795e7bf6cb2e88f6454ce4477758b1b88f8de87e2c680,0.1036840014353195,32.2
3b7fd26f259dd709431201814af53e0ce02c2ba580f9a6fb673ade25a154ae50,0.10367682461816742,32.2
e343af58fca00a72f4bb4b9f2a7930ed9dd537cbc69ba5e079da9bb24092d17d,0.1036552501111182,32.2
a4f8db57dff33082a5c77b0e8f5642ffda6d6f311d6f0eff6f265a02b707bb95,0.10363536639419614,32.19
97c2db67a112380f0e0c96e12726d5ef29af375ec4380c13da56f7f29a981616,0.10360278403696054,32.19
24883ff1350118717826d37cc1479dd09c2c48db2a5b111688f8c1c1f5c8b842,0.10360343747193848,32.19
cdea952401793adeba48d67da4e62ab9ddc129d933285be704afcccda4a3a52d,0.10359441344446826,32.19
fab4c363de3bd2504078920effa802e6b210a09e7b2d6d40e831d7e848a0692c,0.10361214521523082,32.19
611dd7fd3d9a13122ee37e03fe6259e7188320c4bf634ed1fa66d924171e0197,0.10353671610234187,32.18
fb2651e30209c97f878f342d0090c3ce8acc41eb984f7baaf988019ab045bdb6,0.10352479099225097,32.18
4edfaf668221c30beb9c73ff5daef3a45f87b5a840a409f143b012959733daf9,0.1034937271586427,32.17
a2f817bed1496c1c01d67a6c994ef506b1ee2d426f88fbb4dda707be6a692115,0.10345928245756811,32.17
48723557a8f1a83fdc2a902b0477ae6312f70fc81b8f234c2796d58399052f9e,0.10349435433261106,32.17
c437ec70340d39d9c39ac7159122a8cb354e8b85a4426d9e5a2bcbc0af220bc7,0.10351182029995945,32.17
1c55f13ba4872638fbb592b7525ca456476a02aa0c2a5fdc449680c347fda758,0.10347081227058773,32.17
f039f9bff9d0dff3444afd568cc9c1202a6043302fff57560740220937f47ac8,0.10347732740387329,32.17
526c16a388bc8f739ab10c7b90155990bc548b483b1ab08911910ec9b57780ce,0.10339575483744844,32.16
967cc6b20999b82619312f1939fdbd2e93f21771c1821b29d71d4b1b7983c2be,0.10343290962436359,32.16
dc113efbaa0cd0e5a58456356db57703a760b24907bfb13443ee263c642e20a6,0.10344644618796314,32.16
9857dc43bcc47e767ce56d8af50f849d168c18ad349eeaf054f522c0ffb3f6e1,0.10338087199593654,32.15
2a6983844748cac260a2864aa0746a99fac6fae75f30a5afb07b6bfae11c266d,0.10333204343478307,32.15
d5b82cc56680a39fcdadb5249f2054629597ae742ae8355e3d43ebe3b9c5de00,0.1033795017741498,32.15
a00addf7ee28e1cdf1d04cf369c3086e2ce1d129da1b4048c2e112e276aef3b4,0.10337871271678413,32.15
4bf40c1261f728e87f493268df9ba06950353a9275e6153eafa031d3db5645ad,0.10330301083947348,32.14
72b4b762291561810520cd5f9388988df9e206128e6ed728a0ad4cb98082121b,0.10332052909646594,32.14
39f9f2d847f13deba6b9d6cf7262d98242fb7a034f2a775c1f96195b15d7e2b4,0.10324104216637334,32.13
ae247e045e852ba3759ec30f2f52d00778ff08f1a7c5c0af44482857fc95afaf,0.103257292540565,32.13
b6c0ea7786dc1e3294e86cb6b09a1bff411bd98a16f643a43128e4784f16f018,0.10323153547762402,32.13
dc2c7d75d70950ccbd2790bfd00d351d247d50fc0d7905c9d498a381d9b8bf1a,0.10315727779281658,32.12
adf2546362e4307a75f76072d5bd402719e04ac0ae72b1d9bdc06450c198b7df,0.10315398597598682,32.12
8485326a0b1b4eb810a06fa44964a0e38bc25b6cec7dabb8919bb1901b2edcbe,0.10317635505165015,32.12
4b89d3f90254ec44653fab7689be034d27fdef1e499db4b4745cf4cccabd02e9,0.10319380109138386,32.12
e07b572ceb4e01d20eecd81b1f4895c2edbcdcd605a23875824c1bdc624709fa,0.10319105547917572,32.12
e53dc4decd81b349161e264053352f0e1aaf8cf5741559f81d0dbe24d609ab8e,0.10312083244703699,32.11
d0e88fc1588f408b9b33963b68c2fa4b95970698b5ff3b9edf31d4b1c5f4adb3,0.10312963100939312,32.11
a1d9eb7a0b7cf3296ed5ecf1edbd52091945e092e03d5a9d50bc1d23d2254fe9,0.10313028591376477,32.11
22fcc9f30912f5c771e05ed751e1281bb36488f2fd10d81d9e4873cbf5053758,0.1030706729661738,32.1
2f04fab57396cb5f0d7836b77c9d6d432d853d0bf192f8de7ba35f643d189e9d,0.10305967498859323,32.1
f4e085570ea8e2b842ca589524db0f09dfc026a26deeb0ea7ba2f35f4d819ea6,0.10305664210957499,32.1
dba049cc7954442c6b4b246910f607e1d4859f0297672ce94892e8af99024bb1,0.1030291171921785,32.1
640bf7bf7520bfff3de81f52837210a70e4e4a4a132cc255f2eabf0e98cf230f,0.10306189958632109,32.1
77ea919fc38671c691c59c14d72be8374e4ba976a4408fde7b476415e55d8206,0.10300063198901271,32.09
3b85f5b18df30189df80288461a1a0e38c5a840e33d3842b4b6fbfd49fd01811,0.10298227912241885,32.09
7c22e22aa3056344df5a864f6c3cc07cfa6346e246bab10728a34744bc525b49,0.10296752976688932,32.09
865116b3c2144f271342db901ba2c4fc66244f446e98b7c663bd31f406ee3f92,0.10292076070945776,32.08
abfe83bee5641977e34c9be75baf8090f8d75f0bb03befedda6ba4cf1709c1c6,0.10293420557411043,32.08
7c79ece3f35f24bb2e69d190de52eaa3b68c47228f0c6931ff005bea4514b758,0.10291021133776279,32.08
3bae4976a7b89b32d9c09736933c83ec52f4179a48b64b0493d051db1e9e6145,0.10287480553292103,32.07
9b25612d186677dbf0a947521b59d5d856d9f11544e589030b4c022309fd6a07,0.10277500542330607,32.06
b8b746c8cd3ec40f507ca1c47488bb29227d1a573807f02302cd779a857731b9,0.1027933507770622,32.06
bef1d28cc5a6eaa1bb49c5cc369870e281d49d0d20173d26e7652a004bfb07ed,0.10272705946929978,32.05
2ce2c2b8b550634bc37abf19029423d049fe8456e9fcd6ef810fdcf6f503e299,0.10274470108274711,32.05
abd32a325e05e8065f59de17813770c54088c667a1b2bc7d7fc1ab474d8822b3,0.10269013444067618,32.05
5aa641d94eec6ecb33a56c7484a8ba5e812daa82ba1d3730122d05cac84ec935,0.10273674712238565,32.05
572eeffbf0740cd52031a3afd88346f272cba09c384a6243966ed7b2337e1dbc,0.10272275735222142,32.05
7f6390ebeef8a48d9d513483ab206c1f9acbfe58d769eb6fe74f2c0f9764801b,0.10267683053534445,32.04
7bd64e6c914bf60cb917929b8743b9f8a0f0345f17d1fb42713d1ba7fd049660,0.1025458696980988,32.02
7d796d64413e6fff65e0b6a75de8a66aafc6d50bbad8ae8d18f4f111a376290b,0.10243366586803487,32.01
fd2f516d762e476403e279f899b5d0283f915bd7fa44fb0ca68505e91fedbeb7,0.10244226435826728,32.01
24952207f8950b840a882a5177dcafd0460edc556e119d7a4113668c54e6698a,0.10245028207300354,32.01
3fed0ac51ff87615e0a27ecfec8dc06220a97ae94a29a74a60849b8b6295e806,0.10245687439376257,32.01
48af5d32442415e72a2fdca597b2cf855fe99b3f2c94664f69e8202561b9ea56,0.10248579147467693,32.01
134dbf5a7ac44a5f7ef32a51478ba555c8763dea1cc5d33edcf232452370c4bb,0.10248232683962706,32.01
b2712e1efdd07e91cbf7c6287480ba9e501f55b07d6ad98d1fb2eb2948a137bf,0.10245163639012515,32.01
fc7c5b6f5170f7ed6edfea42424f97651a12d0776dd208f861ed1045638c5347,0.10242227075664866,32.0
01e6edbfaedb76bf62167c5261a58039753a5b3d3ca02ad5d413b1aa533a62ba,0.10238117505661841,32.0
1bb4153344b240ae40b184a20049137936bf8a0634e3253f95820fe42442fd81,0.10237617811799106,32.0
0940b00d3b7110187f82d698152b4a3d4daf595e14c08ebbf9da33ac3a029a92,0.10240801017019517,32.0
fb1b8d2f2f79b626ec996328b7cc1da94f43cdedf2b44f2e9645cff1f3cc2a47,0.10237666931530764,32.0
647b0819ad0ab2c9d4d8717b719477b181b125f761fe79a480ee72de053991dd,0.10236211816101654,31.99
8380bdf43af5f683d81d7de32d67a12f037f5987e0ed1009e2e5202a001f6926,0.10234111019818995,31.99
fdaf6a5336a5036318fa6fede1ff2d9439cfeb45a8c4bef9f3c299def696de67,0.10235810765704603,31.99
0a94716c3a7dea0ea72a17184140653e18bcc5592bfbc16a59c4b9e5fb5a6c1f,0.10233566574986953,31.99
4ed296b5d7ea37a72e8c6cf71e0ee7fcd572a8efaa8c964fdd76501d9b100ddf,0.10233545930286223,31.99
fdb5d16e875f7f20f77f013b36e4a013c770487bb32e05c2c1f1a53cdf7c1649,0.10231522160970913,31.99
f255d740a824cfb478baa21a5f4e28afb75f35f8fb9b4b42958ab6971a4b74d4,0.10233828339366868,31.99
827b924df0fab84b11e6a44f3ff060ac62bf9407472bbdc6a9a49eb43bacd8f2,0.10233366051032704,31.99
a5881c1849e5624fcf03d24ee41e5c79dd607a120c93f2f7024507f4083279d1,0.10226831180308889,31.98
fa22dd03744053c842df56ac8d20e97a70a2e5a66806b31477ddae58d5f0a56d,0.10229358332038797,31.98
0badf249d32078b33f8fce959b75994658841bac67baf1da9e6b0621c7d75d87,0.1022660450651752,31.98
afbbd1f7cb026dae395b660c13e7eeab83db143261687f1bd4450d98addabad9,0.10228319305456467,31.98
6246895872a79de6c804d74d61eae9e2c4946de21b7089d62926588fd8447bd1,0.10227644682796798,31.98
d2149fa53a7285b20e6776160b0b430c86d19b69402738817d11abc16a20f7d0,0.1022137565587646,31.97
470e33e36d3c028fd65ae516318481b36edac5bcc5e7669b634d7058e8e4600b,0.10221564906387089,31.97
8450efd460659c20aab4c5f8ad9609a3009ccaed18fd49ed33123dc17bd62606,0.10219794936528823,31.97
cdcd728352b73b25e40854f6567ffa54ae4c3236fd9adb193f53bb5e9fd9e882,0.10219537010839658,31.97
bb701fa738f3505fde512acf1ab84a3944393e717a5809f1a29d4d7e3333a5bc,0.10218242598551885,31.97
da543380a9f2583e2f6aed73a55f12f57dfe3852cbcbeb58fdfba13f426406e2,0.10221572828205674,31.97
d6db9c89ea3ff6b1c2b715eedf62b5250e387c59514fccb09daadcc9e56af08f,0.10216899223410796,31.96
b873f9fece7b5007e040a2f2566291b4e8ec1e534da3f6a591e432914c144a06,0.10214525055477099,31.96
062a81592cab287d3f43401af11d9ba7296bae3fa8b0c65b5bb6fe7a4681f3e2,0.10213813338983582,31.96
592d6feafe5a3c23ba7b17896ae3099c0ff5afd8ff286fd7db8932e207d45126,0.10211776473491552,31.96
87e30b5dfd1207eee92fb45c48a5ef2643fb4fe34cab264b459bdcbf8836db2d,0.10205344010033296,31.95
5abcaa0173e0e2e1d43f77c9f2f0c390d72284c0012d4e353fe3d42139ed8616,0.10204093511376511,31.94
fd1527eb85a8bff409074b5ef14e3524b8760a198236559a101feee5769dfc35,0.10201875903762206,31.94
b0536f913983a84d1024596b0d12b65df4ed495c7a07820c1f14c1fa6e20b836,0.10203511336643072,31.94
8d9306f137bf3b9da2e2b6654f0bb4ea6a57b23f29a221d381503c2a270dbd4e,0.10201147133025484,31.94
ff0c0ec5bec9230bbb5d5241c485dfc3525b2bbf3be043abd45777e98af16584,0.10198131317421946,31.93
8de39987e79dd03e91579f34447713ac182271714d593a3534ee773d25d16eeb,0.10193619119915182,31.93
9132d048559ca28ec290e9531901605fdb303e51255c0e1a7e83138a7e7e8514,0.10193110550667131,31.93
64940454932c1e8bb1295d3f8f8c52619e88082ab5cf3c523d2ebd5f92244fe6,0.10195139645037245,31.93
a7b73a97f2cfeae98bc9ab5e21bda0217eb470fff1e5a0780cd7f09006aea6be,0.10193195485604793,31.93
9dad66438e5bb1dbc5642f345dae859e8bc28a85e4c1e75ae6609300d6621bfd,0.10187116920646072,31.92
03e91ad373f8dffef20980add4d549fda04129f7332b75efa65e898dc9d222f7,0.1019178671275245,31.92
e22e678f9232a61e05ca4bfac76221f5cf4aeb3d8ed6df63528a33e4750c3bb6,0.10187839986529455,31.92
439a326aedb33ff7f6ae1e4097b264fc10e4de0668c245cbbab5c45b2a8b5c19,0.10180657973778129,31.91
0b3d6c310e26dca34e5784b6b6f7b5d230b9369867b28d922e460489b8bfb930,0.10176402749850542,31.9
ed1dbe194897ef40cfacd7a0eed4f1a94b94b8e4f568b4e4a1d50d54b6e4cbdf,0.10174851602823481,31.9
a1dc5a4d37423dc78991ae2d64d48bb670626c7b6a433135a52faee721476dc5,0.10174234077256279,31.9
c04300b48bf390c5cdde1fe9bd11b25891930f30455104eedf9bd1345036da67,0.10169579191041786,31.89
336c83c58a2ace5335f37dd8fd11f661d2f89cd07224570352ad4f9a8863d1e8,0.10171347866518314,31.89
31b60fe4ffeeba8723693bfc56d1b849e7b7058015999e67d20add2ac9902561,0.10169867746273682,31.89
751202e28a367022e38ed8c1dae20c6dfc45daffaaf4fa0486d79db5d3699be9,0.10167192442817859,31.89
613a6aa3760726aceae51038e7560c2d8a14a41e0b07e8e8364bbeced0a54d40,0.10163985724266446,31.88
a142f68a9bcb63dc8b8e441ad7387814a271b0e1f7cce2fc1f17adfab1a1faf0,0.10164198389279562,31.88
c92b2c587048c98fb0da7d6956139219ac80ea290ce879d8cf17f9a70c768ae5,0.1016068207957011,31.88
862bfeac57649042dd15bc81fd200d637f367052f07b67f1795b2f8241e5ef17,0.10162332063637759,31.88
1a9af6bc775c7d6df6e92d61f13c42844df1eb8d790f3e471bbbf4c3d57a0dc6,0.10160214096053874,31.88
a0d0ee43b2a3e7d37b355287adae7b11ca4b003455860e163fad49331e757e10,0.1016400791372149,31.88
410d08b866c8b56ce6177b107253a817381fa94f75480731589cecd566eceadd,0.10161631653467978,31.88
9168a2cec0a6b013ddb4fde66c8cf5cce3a6e573ff79f759c777697d8ba57f71,0.10161636038174869,31.88
4fb7bc3ea8ff249480d34de72a88f3bcadec94b24870987b6278134a9a834bb2,0.1015732475200762,31.87
b05a542d0b8bf582ce0d3b980e06abeefd17eebd3a6e27142b2dd69ba059d387,0.10153908235444778,31.87
b37503687f1af7da68572777e58a581003f30d93955361a7a010b1596115361d,0.10156610729428643,31.87
5de2a2f155646286971f9ac23050e824be111ca45f6efc64a42709c1ab42b8e0,0.10148849715558309,31.86
38986aaa1627983035c6442fbdc3b378838fc698352d14bce472bc58df44dad3,0.1015078822975529,31.86
07c3be7742173219956eaeda1a2da177c6bc08f175a69de5429d5bee9de5a718,0.10152576004771992,31.86
c222995d5999f07feedc596bac88bbf7d1bdfb19e84e5439a0f0c1a3762bd22a,0.1014369025055589,31.85
e34837b181a2e623d14317cf7a411b35d4f8cd87ee47930853fb9da73439889a,0.10142844792549371,31.85
89a20d19f44e18503f8e82211e38f44be4fa794345d5a06878348d873552a444,0.10140764888986765,31.84
233cfb814d00865c04e51e505b3b184f01e303c71d9bd4f047bb9f2be09c5092,0.1014100323952202,31.84
4d8224ae2c01d6bc5d0129b44ee34cd87d1100700cb87b66565375957d2b3c54,0.10135227002060172,31.84
6c48427e0d2a4585c199d9d3808794c7b3a86e1a6efcc2f274393bba5ba93390,0.10138895373453578,31.84
7ce96f4f9029e702c30550d10a796148a3b0a074516fa5a971b62427250584b8,0.10139183643220903,31.84
def0446c999e06bcc25a3c6ebd3eac68b5635ee7d4ee4750d6f752110083db11,0.10132889979608053,31.83
5128a28ad7728e77d0de10e40e248e55dc5874b5943f858ddbbc7acb4cdd2529,0.10130227476597459,31.83
611126ad262599b0d1df4f89585dc6b5e2eb80c9901cc4272b5ac6194cda3eaf,0.10133492932406779,31.83
189d14def10134116870d3ce670c4592ba67b5900d52056e3515359194459696,0.10126509193977931,31.82
30dfb38c7adfa0cb6298018e5a96080c3bcc918b6f8ea7e85f794dee8e720c3e,0.10127424087662393,31.82
c357edc287e08dfc6340bf471b212e536dfc0e5c2ac57bf373fe8a19264f008e,0.1011754626550209,31.81
f6bc7fd17a1d013d457061489b3988d771dbc974d586078a4cb69086ac7d9f09,0.10112377543660374,31.8
bc062098cbf4615c1b6121fb61d56ebe3d6b473c0dd7d59c7262942e64d4d0dd,0.10109941809251213,31.8
d4f403a06dbd8c3b60ade9a2f0884f4538bdb2bf87d96465b31b9bf630e3e5ac,0.101115387085275,31.8
d7d4eedd65482533f4aa677af2aa13e21b0e867e7f1f281b462334cdb4587ac2,0.10109819370054733,31.8
6967db6104a912d333e1b7e889435b4bc3a191dc13bd8f862b68eff557347f17,0.10112515090034607,31.8
6434f61a7c718e54a0f63b6bdb1cc9a1bdfcf3556ad0dcb0156addd3502756b5,0.10115464193468585,31.8
b040087039fd1332ff460a7b55898bb3a6ab5ba7db4cb7833f653a58797628da,0.10113334206001204,31.8
b902f513bd9d2dacdb1172a705b9a6350353bd2d673938534b7e358471a7ca34,0.10103507363596949,31.79
af6e2a033e90fafc230c43a7dce8f9ee55e6d099a1cb4cab99b6c77b48d0acde,0.10106139957592493,31.79
af5b7aba0b2bc6d8245c35f3e9677f9435f26e00bb20cf07b2307ab67a7efa25,0.10101103097931256,31.78
9228edf0a6bbab9b4735cae3279b9d9de798cecfcc2fdcd087431e90dfcc8316,0.1010050239219147,31.78
1b908452938577c5c04ea162720de9067882f69945b2d59f31ab032fbd0e309b,0.1009734506475442,31.78
1920a54cb27afb25c49312d75ef41b9091acc6142d5ca236a88c8773cb7afcbb,0.10101954306445675,31.78
85f5418e0acb4bf39e60df578d1c2c9e626017db62a7b9194ec7506f0775f732,0.1010023275098958,31.78
faf130fbcb7d1a156c15d2112697f38a9b0009a5239b35917732fb771e936d60,0.10094506917061782,31.77
38ccbb51bd160a2f7a56c39a01eafcdcf88d3bf431911794f9a6ba63a9f685c6,0.10090504380065862,31.77
4e1eddd0226bf3d259762766da3574cfc70b89ac1308ff26815284e8ab3cc79b,0.10091508740256977,31.77
2783a6d718a7df9af9a03849e1ec2d7757ac926f2b1e90ce1c9d2ec82f232d0e,0.10090636646080699,31.77
fe6b4064c6636b2411434f7835bf069921695ab84149861189470dc12c55b82d,0.10085698776764801,31.76
3c8d3ad40d3ddd1b0492c9b7410237d035957f18392ecaef75b2fa8985fa99f3,0.10088208544302901,31.76
1c567ae21a8051506f5b579e644eeaea4dc33244db968f6ffd216a12b25d541f,0.10087978834388704,31.76
e65c6706fc5a15cff48b8b9464921bad1b53a9662c4888a2fcc6dac0a4a1cc7f,0.10089264647913954,31.76
d9f77835c1c08ef2a913ff5beb7995bbbd8bf7e43e5aa5a1676654eec212b8a8,0.1008706292829443,31.76
c30a57282f882828b0a6334a023c1d3138e2b2897c0de8bb024f849981991a49,0.10082647426740751,31.75
5091fdef8c1c7e42ca6488bc82490f720ee19884cc77ddc2d2da569bcf29dbe9,0.10083663268554488,31.75
a5fa277aee623616b587b8b8c2292dc5e5a78236dda763577c590a849cc8babd,0.10075647206674619,31.74
7da68d35a52379edd6ad7acbd3e124bdfd31d197184f2a49ba13a7be446029d3,0.10071654171719172,31.74
bcae6df3b723c44eee815ec9c832e6191109e7263ab06db25fbfcea72b7d0dfc,0.1007514291417684,31.74
41a774d318cc52fdfdd0e632d52dbc9920d15fae355f1f3ecf6f9cec804233a7,0.10074899595334381,31.74
7e07d5da39a0ef817d3fe3e91ca0ede3f0155d72e64bc08a2fbc4642240edfd0,0.1007044084789129,31.73
540cad4b5bc4f5ffce5e884d553c028d2072b468df51966a0c7352488fbc552e,0.10064719077785637,31.72
5a4b05812846ccb6e38cf51cb55937413494a4069298cf61144907cc4a2866e9,0.10060010738187686,31.72
254c22ada901b056b6ed1214c5ef7aaaf1227fa885df4f6a592f69a9aadc3b99,0.10063387892218577,31.72
c84496dbffe01f97df1cc1377cd37cd82c796286ac86bf3c8aabe10677bd4b30,0.10055949041793985,31.71
4924dc1bf5bbfdeb5e7e3ab8671290c957ccafefd33e9272b86075e103784088,0.10049916140395658,31.7
972b0291ecec83128014a990850410ac15d639f775b33c9c71a3a239c7c77255,0.10049992253079522,31.7
7b322bf12cbc8778fed0a38b78d1aad2b57fff5096d4504f0506c73aec2e5391,0.10039487048373609,31.69
8d9fbec7eee516e6355db80187a0de5850c45fd6f5eeb553ae4f25b514f07d40,0.10040454086908451,31.69
d8a1ebcf9cdb71749f782b3b0d8207cc3fbbce1e59b0c7bbef53706d8a72129b,0.10038809546483936,31.68
458f7db3fc5b3bd8d97034bf2fcb6aacc08f14684c853cbe4d82ef98eb81c0b9,0.10039130383466746,31.68
544fa2dce871f2c982669e17fddef0082f01e2340c7f404320b18bd32bd789e0,0.10035474273436146,31.68
a8294ec72ce83bf3335e6db3a57e2b781bbfbcc46c7b1ac7b0c9a4b602f0e407,0.10038267893124943,31.68
90f71f024d48a9ba46e1854fa086c4e7db8ae4bc18df2c890692ab6140c7ac84,0.10039076134203807,31.68
8830404f6c36b7f7ec5c1ed709f80265a41da61f080d9fd5e5f6de745c46638e,0.10033320942245004,31.68
2830cffe35091d723fe50b78f3455a59f903ce3c699d2fd6548c4bb9e62afbd5,0.10035162545476073,31.68
7dfe02d9673e2a5c703e83e67bfbfa994dfa54a76afcfbc10b3db0569511ed7c,0.10035147245398475,31.68
5e4e033af40fc96da5181815fc4344293b58753df4977c8db1e5ccc806d0a865,0.10037682208649501,31.68
940c64f1a3119764a3225f1879c3c0fe253af1fec5731c53aaf5b407a636eed4,0.1003146075321733,31.67
c39d83e190bec53dcd526ddafa3c6cfed5c762ce9c5f2ea5a353e0a0ec919cef,0.1002262505348881,31.66
be8a33c4fc078931ea7716d4f7012bb5d7d368ff67f5506f4c2b36d5982e7767,0.10025158706558578,31.66
f2a87aa03575472ba3439af513b9bd89d155db000081d84bafde16be6b2919b1,0.10021543757726611,31.66
a28cc8ad4ac7ffc75ed3677bf52be93db8dd2b04b986d09d950d34eca6c1a37d,0.10025284653688078,31.66
ca66e85fb09637aa71ea325806530cc2b918583a1d9dd584e1ee990a13f001d0,0.10016496129303479,31.65
f4e05736e453701d95632c375c8e9c6f7e693ccee8760a88d164cf3d05f96cec,0.10016572103091118,31.65
3fce44c290086b9632d0144b5b2e33ce0bd86ef01ad8bf7e2d6e801be499031a,0.1001699344518956,31.65
fcd66e8223b198a2ad1f10eb745db1f13f406cfa11d939ed3a606895f47e0f41,0.10011001918336106,31.64
a96b9a73a225e909d613e358c5a966a6c944a5e396c268065947c6ccdfaa67ec,0.10002251098231747,31.63
b8854d76b4f99de6cd82006af440e3a7205a873631c525ec9ea093ddcae5ebb1,0.10005793114239753,31.63
20ad19a09e203e8bd982de89c8a3f08b91dbfffe327f120dbfe7ba58754ad784,0.09996667048079708,31.62
a2158fd3f3cc013e6f99938ec59253bab20b0181a6d13086fbb75dfc9916ebbb,0.09997703110195452,31.62
03a9d9085aa2991a147f3cd96342b7f428bd81e3fdea7fad16e7093347bf6e4d,0.09996710219239166,31.62
4ac9b87763edec56495a75ac13a3aaade9b7f1885f82e08900c50936643c7b31,0.09998052081069153,31.62
3c17449dc7dd1177c30e95f2eaf7a6c86da86fdca0c166a36b917884af3d7514,0.09994068462769973,31.61
fd8b5bfe940ba999ff37202269fd9c9b0a57deed224d0b6e649dfa6229181172,0.09991745350777319,31.61
0a9d9354afc6639f1fefd5b92f28b15d0fa0d9177b729f79df83b6ee2fe10e26,0.09989923690520723,31.61
d348aa501ca926fc4cb1e7647068b4a81d6fa9116062f9cab2697706c6a26cf7,0.09986522129662333,31.6
e0b18f99e8f268cae1b23b188e0863c182fe5d68ab979e23306a82d32f30d72e,0.09986150091485045,31.6
864df4fbc1aaf3bee63927cc95286e7e3f0908b5c0147380f614b37f79d1ea4b,0.09979625490673662,31.59
9a689e50a413f5e36064f6fc7b5af0b9d605afb9ffab2cefb98a569f1b77da39,0.0997633953966739,31.59
d0509b12c4f844640bb5cb05c70e514e00bfc80775c6ba7e5b5addba2aa3eafa,0.09977933987251505,31.59
052df6351c53ac3fa4dbc45aec17ee02ddfb90dc9cf7f83e44ec8e652306d4c5,0.09970138639397677,31.58
e28f1e151ecdf9bea373ec462f46e31c70a47f445da1ed995658832f93520051,0.09971347177709164,31.58
9b131c26c090572464e934e8f7eb475230d317458872c104b5148fb033e7c02b,0.0997123223559644,31.58
714965676e843d87d651b09677a1c283bba5dc3028cd2fc2d1b6cb1c3db936b3,0.0996760744443429,31.57
0ffad108d5acdecf826dbdbd6b0dce4ed487a87f7d036ea9c872d1f9fa8503f0,0.09968151487907757,31.57
b1c9e5ed0da4a54e3908b0214846538ebe769cc4b0cbc00330d8c2655d3de8dc,0.09967542031549773,31.57
8df6609c6bc478ad8196b2d7f0cb2547ee610f20897eb5220e1dcffdea89d12e,0.09969280695003986,31.57
aae45601ead4a844ad771f207cb77c4394cd7a5ec51565809449183612ce825c,0.09965718864687148,31.57
04cc1b4413bf0e683cdd7ed8ba3193e52e5be4083214ef6a50f51327c8ddedca,0.09968327979484407,31.57
90a0733af5cf9eec20c0d7f865f00d5f9dedbfb3262d77d5732a678480eeccdd,0.09965101425269107,31.57
e6900f2f1545c7cd8c609a23aac1195118dd43c006b25778d158b634c9295089,0.09963311574346186,31.56
fc6d22e9929f3f6c5058298a2c4d23f472f701b1180d734c67f62a959d83e73b,0.09962558039502524,31.56
0a20f061e4ad0d72b6d3c52c0bca2d5957218af5de05552bc48f126d0e84da4e,0.09950954608415045,31.55
42833cbf1206208cfe8c5137b7a4dab8e43ccc606567c1c3d56e66d959d31dca,0.0994876322129042,31.54
4a609d52e1a0e13a33d9ca294439f97d401035f2ce24a492634dcc0fcef6851f,0.09947028294834173,31.54
79066e8c1e7a77263a0a0d69c1a81af9e179748edc94080461ef34f935d496a3,0.09945476491551335,31.54
218806ebf8c8c978166fc6e1cc52647884aa3565047c6f59165017fc49d490e3,0.09948854802090654,31.54
7ea472418bf482bcffa9b8c483ce099755f3145657544b221ee34a4a19c233e5,0.09948974238439089,31.54
9fa9df50233eaffdb434b8fb65385dc4fde23bc58d9eec792b6ee2681c27ae28,0.09945546526345005,31.54
bf12d0278c12d7491fb0d52ccc4f9aa8450d3468bdd4741db8373171cdc40d44,0.09945096070033424,31.54
d4a6ac624e0a39152db07aa88aaaba5cb7cc36775444301da38be06a3b00e72c,0.09939237591008787,31.53
833ac91af2e307adb1be60d72289fa9aa07ba3d7172621ce76a2e00e4190c882,0.09941015275003014,31.53
4048ff111ce7e438ef6c17aa07cf8d264d5092d389a455733eee87ea486a52a7,0.09938362854680984,31.53
c2c066a577a41526e4e28c5d9d908a29a38730bdcc3b4cf633b3c140d545bdc5,0.09939820816554884,31.53
0897de05d4e71df0f2ac7b48b2226a9164eba5ccb50237222321626104dcca33,0.0994074402627599,31.53
a905f78d6958a52a71862b66b140fda99bd9159f99de33d22cae05801d0b851f,0.09937409499872141,31.52
5887f28aa02880672384926b861f2572b6e6adf7bb01afcc33924b6b8a3dcea2,0.09933965761285181,31.52
413c32ca922e5b272bcb8736240cc779668dcdf3206f9384a80e2af254d72fbd,0.09935544593608947,31.52
32fe2ea3113a2c405182abe6c80862f02cd1a7385a12fca9f6c8d79f61326708,0.09936713082196967,31.52
920a4644abe6e5120fd0c7b2afd3ad2c8e5e075a1ffd401899e9068b83b61133,0.09932468703555881,31.52
f8200a2c93fd6f67c1672770ad39e753c9a3011c4a7e0bacbca06e055c0ec3f0,0.09929169422924641,31.51
7905512d2fa48899f6401f0322f661788c7f4e764598531185f37a5127522a32,0.09928156490038069,31.51
6ef55074202837f6cf9058c84ad38a7016db051fc3c8680b6b69bc6f1c5ca2f7,0.09919845473858642,31.5
126d33da3f88fcc7a458fb7f3d0567d635beca0f040b7fbc30be9dd94ff2f84d,0.09917217586262131,31.49
79fd2c70286759ec158b5ae36f0e9287b38e3d096213e63cfc200c62b94c2ca6,0.09918236579867658,31.49
7cb789de00224ebb8068e485fd8bf745112dc5808d87c4205b880f52098ca4f4,0.09915276421951823,31.49
447ea61084866414854fcd89f308633d7d618c7e2f4369bbfb6ddfe7bb963035,0.09909276003107426,31.48
a389144a0ea9974d680349c0237861726763184ef36e1f342659052605327fad,0.0991260263216829,31.48
c435bce75292574cba63f5fa45c148e0c6cd35ecf56cf4c62df1d06cea64b447,0.09902221166693276,31.47
55e1cf70115513ef5800ae8b85a372aea180df050c58aae107a9853cba4e0f9b,0.09898343756768316,31.46
8bce17a6a12bf2f979bac49d7656cf92fc1f399104b075be2eb5be671a8f31d3,0.09898909821682343,31.46
e8d096873f6edebfb8689e0ed878e70c3901b79b131966de2540dd453b592455,0.09896942851748022,31.46
5b76d7f26e7ff22fda675e6d9156d1f3a50b37b1c625fc86e15851dbbd5e7b98,0.09899674393328767,31.46
564ea029a4ad03b65f4a6c4f83de498f4849c68598172a5fd09c25653c423cc6,0.09893464588150155,31.45
d1c45a2c47dbd444235232356a2e80de0819e6737c696e18bcd15f01b31379ea,0.09890726761813004,31.45
d70732f6373e78a26c2ad2fc409f4b0c584dcdd67e7cdf6628c86f52bd32dace,0.09893615108586794,31.45
b2705714e65a5f49e2c428ce0191f10a97f636a3907cc09f0f6497730539999b,0.09883906539433124,31.44
222ba78cdd36e51aca5c7424a7732947ceb3dd1555c32f1f0dabbca722a27039,0.09883250360630168,31.44
46a7d1db3d70c0ec5b4bd5bb7a06fbcb03ced8612d3b8ba8fc101f22a595fccd,0.09886684864850773,31.44
babb4400a524bd24c86ff0379ba0a6f63697cac1edf772a3662b8a86a5f847eb,0.09879873186182822,31.43
3d14294ff7537ef320017f9eb364290fc782e02c7450eb672022a8706dbac8ce,0.09880408021515118,31.43
c5c04dcf2dbc1723e4c3dd936e2c6d65adcfb3157945eebe96cf6b3146d504d9,0.09878822980301029,31.43
9276d280d026689ca3a12928a670a37bdc8c1aa38523b03231bee4165b0bd65a,0.09877122616993138,31.43
b93d90fe25cffb11a0ef9260cd4c0e38ad3957fcebef851a17cee025e3f4ec94,0.09869119140426263,31.42
fa736b3a76f4a5e5c49ca293e7844f1bf9707b90fb9e19f58810ee5162b8ee67,0.09869665815998027,31.42
1907346529ef86b94b06812d6a1a2747eb1d66d21271f8d51090f1b90565c1a3,0.09873046402061192,31.42
ec402828dcc1de60d75029972f44794bc33b574bb90d7ddcce9d5dd978f6b15e,0.09873442819343825,31.42
947c160d94d01b7258490d40c484449973331845bccbbb6930960561ac56279d,0.09866838404868297,31.41
424b2f01cc4644a82f32a9953d22e3015db4a8a520f39802c8d2fd85566c49ed,0.09860318553165806,31.4
471a9b480fa48cb928298b33d6f7ad1aa70b588b202a0250056d4fa3b41b6241,0.0986117418004487,31.4
72cdef44763387242e126f7b35948917790c728518c5f88a23f93c8966dd173a,0.09861022798536669,31.4
03ac85d07de76938b1195c95911e360ee710379ae7d79546ab36129a40c078c3,0.0985243198312899,31.39
5f3e37209a92607d69ed752c36704c7e5d93c6249099c725536f9679099c3b0c,0.0985135528795374,31.39
1368f1a44053747534656879e5ae1877a5606432d2199c7ded5058733c6829b1,0.09854666486963116,31.39
1ff5ed655b81691df74c6e6f7bcf84e73d37712629eb99412b4883322d0f3f6f,0.09852077922266017,31.39
72bb77e045cd4cceb90efcdc18c0b15d4879ef78ca1d8885e0a323b37128a78d,0.09844275043420131,31.38
93366528c2e6b47612a06bc4f3fa64fd666854635e31e1280eceecbb6ed7fe8e,0.09844119496201145,31.38
24bd4a8102b27700f31392cd15a62930372545f1062911819d6569c48e08b411,0.09847899252300037,31.38
d2f67357655e6aa76994238e42c90af1acc18c8c9af5ecbdce5e37bba7e81bad,0.09848966421768512,31.38
1f61b4006f5468315d5f39e10dbef80a6a4d13c7f1c0c07526159b2dba4f522b,0.09845422072884884,31.38
843e25417151fc523b6771311945404482a989a254d1154b955f559cfc3176ff,0.09847484663624267,31.38
f8c59845f2c0177e604c38a5a046e040ffd3c0ef28bad4f0970663ea34442ee0,0.0984198365040529,31.37
1f4198741542a3d2a1e1c0a8a3727a5ca741a7fc7dc56c8a3302b95ef7c7e6db,0.09843683937069377,31.37
cc37e2800b2287826408d8f32262512c05636f3c34c43dc5283609798aca878e,0.09839819460861152,31.37
eaf345e39c92bd21fcfce8b655b814dfa37ffc29bbc3c2b5219f72c096e5f278,0.09842903831611888,31.37
e32dbf9b0e741b1864fc93ddb540bebbe2df5c273c8a98db782eeccb5d94fd3a,0.0984282594371661,31.37
9386b10b9356c2b364dead9638e242be73ba9c73cd8c1ab85dbb74f233560317,0.09831765181960286,31.36
4c048126d0bed8be87024f64aff1bd9624a2f3dda2369dc90341bf7a94bcb478,0.09837019538446869,31.36
1dc4b51002fbbc90b15249ebaa59dd02ef15d20f50e199e320ccda6aeaaa44c4,0.09832694003447257,31.36
d3b3767be0cfe9f770376063f72639cbf2e6d3a9207deccd296515ca087c433a,0.0983354700623989,31.36
736c9c6dd4dea287e6226d02fb6cb33ca1147ffcbde32557c5a83ca4970f43b8,0.0982304226410694,31.34
8e65e6c5b0423e64da0945ea0531ed2a34adced7e5b71aff958b033b7851cf19,0.09823070912013743,31.34
a3121747464d484c0b9d0ca11eb03daf5c4234d4efc862785dbf069664a5626e,0.09817227519720148,31.33
c82ed52569912290de62c42e9f96f82e5ed05cfb11eac6d6ca6924f43ebda82d,0.09817375696926316,31.33
defb2c4defed1a804b634b6389be427a5eed6828ec9519804f21a5a72f353cac,0.09814198556841369,31.33
223a692abb42f8f54bebfbb82dd5a4355c6d0402bcd2468800093e3133c3f960,0.09808762129302755,31.32
4d027a5a429366ac4d149ead28317782a8c12aeb32caa103d9b6fb852b55a7f5,0.09811484526913519,31.32
50b5bdf43c4c244d850438bc1bcf3576716f32053e556b155308184e7c345188,0.09803300190319801,31.31
7fb97bffd97699d23db06afebca9f78ada56a3e296b5d412a02ef8b9f22044f5,0.09803974913752725,31.31
5b9e4ee1f2f6c4f0daeae15559b99306fde1fc24d6b4b898e3d65b35bf28438c,0.0980333962897771,31.31
489018f93027f737a162a532da5905b45d3e7c405928c7951c631bb1d1e4e7ab,0.0980119723643913,31.31
48d8680e72fb2cd6364f9353b4fe115ead60680778dabd3ceffe0e87e3ebee8d,0.0979985285136931,31.3
cdc1b4adea040f881e88cc5a1bed59e7b27aa0065e0d3bbdd3d95b261ef2d40e,0.09798370526090788,31.3
5da8a9a242bcde3609442f7c1cedc1977b5307c0d38121cdd6a7fe15c5ea5988,0.09798818981229607,31.3
1e3a93338546e55240df088d3dd8b2b4447efc791e012a791e5eb1ed3cab3ff6,0.09797020850089966,31.3
8aa97dc1b6e6180f605341a340ab06c2db3cfed80aef09c636e506b68fde56bf,0.09789900651777927,31.29
9c037f6d59b5651917efc81d1c7b412355375e97383a2b15aa1ba998f7e6f1da,0.09792224406331335,31.29
08ccb44167e68b3fa362260ab3ca10a62977d1393b190e31163b7bfa63d13152,0.0978800617786129,31.29
417c0c63602d814ca853ade3a2ade6f6394ede00a848193f521f00ed143c3733,0.09785845704803174,31.28
157173e3c2ca0ccbec54485014ccb29bd47394d986243b598418eb4afe5d1492,0.09786073699048005,31.28
8ffaf8070e630e0e239635fa02329d20c6880cb808fbfc72c350d908ebe9d7e7,0.09781779872065005,31.28
3668fb7c4aafc93b11d332c0a9e245815b6cce89386fae401670c715908cf5e6,0.09775206064576715,31.27
50ecea887281f0e4a5da719334d27d78868f3fded67acd643bf9c1472fafb9b4,0.09778144926830289,31.27
ff7ff4d0b0a924ee0552db3ff52eead2d52ab9b50483a716f873011e5d11b6d9,0.0977168854010604,31.26
acafbfdaa867c2d3c673daad737f7b47dbe8c8cf51956095756aaf98d9a3dea1,0.09773690894932675,31.26
d55ab78d2695ad6c1bdbfa5340bc7bb8c4a28ac96262353bf2ea8c6d38e71c8c,0.09770026662509006,31.26
f14f1faa5b4b4bc7606ac8a2ab9b03ba914a9b9850d1dbd6082a49694abf0b68,0.09773154996266471,31.26
5d84f860e598e952058bb4c413a6ad6cf2034bc748a8ed720b0be10e506acf52,0.09763783893034261,31.25
2d9c00c73dffc2ca36c89d5000b00560379cabb1b97ca1f8027fb6b930c7b59f,0.09763810699524617,31.25
1e610f0a8d8517f4309531a78b30ccdda62ee76fe52097fba74b38404460c8af,0.09763108277375598,31.25
9657975e318cd1766db153e8d8fbaf766fd4613e439b28f32589a368f6abbed6,0.09767969837311524,31.25
9903569720c5c71b9edd42a0b951c9ace8b66045efb31b6210e0f412e92ecb95,0.09758334829380033,31.24
65ce9008447bf2c383e20d722d0fa29921d2bb9fbdc285a41c90325b034ec9e5,0.09760319398744188,31.24
6d73d87b687becc21bd7c2cb9cdf3f5c7441b710eb1f3ffd3516177d072fb138,0.09758787470162911,31.24
f9b55444d14e1173453fcb3f01fe4270170a9fbe3c06406389f2a9aa0f67722b,0.09759648446796668,31.24
1c1c4793d1acb66467e27f5694d95017a3625ad8060edf10981c9afab5dd906a,0.09760262029184787,31.24
92189c210c711d6ac2b54f8f4958fa4c4fff24af67f2109f0ac5dfd5b8f27514,0.09744839357274505,31.22
b279a8eb329cca4f75543d7fda85729fd3359d36f96c5195b85b1930f7e5b117,0.09749216795547133,31.22
14b30af86155ea13f89839de48a4014268a8f370e9bd3c7c0e92425d168010d4,0.09746448553255645,31.22
69291faf399e7c5b0a151d9fb9ab337944906c0f458377292fe2e90f2978845d,0.09746139117692129,31.22
21b7332a00ed81e1de256b6415e1181f13f36d6b4a9c293970a90fa138744dc1,0.09747256707465951,31.22
6e5876b77aff34c670295e1208bee71d2dbd3aff0312cd332649d74d079d32e6,0.09741808606061139,31.21
fdddc23b68e987977986df9811e066b495c88985a921cc7dff025619cdf21a8b,0.09742701672061656,31.21
6412db197fb752c1b1931c0f5dc06933aa92add1f8191a6b3af61d91fbda6083,0.09738120584051557,31.21
4fe6bfd20e0944b140c0422b7f79818105054affbc059435c0ad5099a3c77fba,0.09743204432294902,31.21
a213bc0014dd4292b2a3c53360e142c1858131dd43314b13305ebe92fdf41fa8,0.09740023276151451,31.21
1f91faaa8f9a4c47ea60e70e23641e34fb95e54790822b45658ead51c2a8b438,0.0974282970813161,31.21
0b0a853317bf0a70b6c3d9a636a412681b398f374f7c16e23361ac268651e2df,0.09734077227087817,31.2
725d2ee88db3c5b2c076d948aabb272201fb2de6f1bf4ccf51b2edd7e65d77ea,0.09731779186137535,31.2
6333388da70b3f8965106ca822e9524d9580b44d163507b5b953e232a8c59656,0.09733695958858223,31.2
45b00f4777f94568bec112df337d6dd90f239e1694c65abd3a7cd9f40948ebc9,0.09727183395971548,31.19
e18611799d1582165d78d862eebd835e6287d76247c82b474dde18a43bd1c708,0.09724652557549632,31.18
e8341d9711b21b25b6d8c887f6a47faffe58cb8f44985004aed07d7541b3dc4c,0.09719172400339576,31.18
6140a86a7d2aa2735d579ef0282eb15df41cee9ec61c795c724449004378d15c,0.09721623683507685,31.18
45f3a2d87effcc0888209e7b0a2b2cf52e841c7cd09932bb201739a14bbe5acb,0.09717607334152689,31.17
f3c495c49d2b30525fddc8cd15bca2d49ba6c01424c6dfc20c46a8df60ab1b21,0.09715490584999847,31.17
d4c4663b862d9a4f2b0b5f84d07688370872fab0b9d00e97d999afbdc00d4d0f,0.09715219079401263,31.17
c372caf745d778f493bf1871d2fc61efe4e2b7b9bfcfc4c29f13ee801629d8a3,0.0970096753460601,31.15
808d329868a7e8625eebc50c8ebeb75a9e1b480eb19a28484ae0fc6282896b44,0.09701271450555787,31.15
3ef8ae85a7d7fce6156a9b8de9f3a27fea30262bd6a335f68053a41762507371,0.09703519020229351,31.15
be19c16e63a08483ae6ec3fa1ff5ba88d32bf027a9208379e34c53ece9183637,0.09702856845718344,31.15
ea43900ad018a3ec717084f143c9d96854568fa1d4078afa3ef51983877b9884,0.09705388363047054,31.15
3bdb1cb58a3423d7780fc7b13ec79d0a5acbc6130e23cb3acf652e197423c5cd,0.096964393552416,31.14
f82488d9b4140be4f03166e239f95d5a582c13d1fd1a16d44210969d4aa1c9c2,0.09695739313039187,31.14
2741cf53b088cead5ac6ad4e701cde9186cedc8dd80cf2fa3ac3c0276c6a5fc1,0.09689043395623137,31.13
53bf5dcd67e5a07d5b5a20fede9d2970b21731369da13f432ba3ba016972c57d,0.09689321962753233,31.13
74beb3b06ca2d35102e9df29e6daf9276c890dfddbefd6081d77ff0134b20a70,0.09690389445136942,31.13
86bebb133de6041756bb1641ebc551bc5be9d3d9a05f9bf675efbe9e52774428,0.09689557216069254,31.13
6933b52ee43096789718b70593e69ac1daa18ea16adacdfba4de3210bd4f5162,0.09682509917324329,31.12
c5607fecaa431c44c67799ba37df1f8082a85a1b8d1b75440e23ca1a494ef985,0.09684788010992301,31.12
e745cbc8ed6328a88f34a8cbecb1e865e1125bbc6beed4cdb69fb8c11abe3459,0.09679839527519211,31.11
775b13c39006c697c30e184f1407dc1739a0c317e34f3a4cd7a02f9b8ab309d4,0.09680406651329619,31.11
8fb9d40374bd28d1e564f24367e0c72a28746d22602db48a4c7927a5256a3928,0.09672006840628565,31.1
36beb750aedadc781c043a3a4c0dbe3f82d4116e934abc0a772f15695464e11f,0.09667602950270025,31.09
5ffaa635e2664303d28bd2e78f3a5ada532113b3010086cfaf9d080486cd1a9e,0.09658243606268467,31.08
6b5bc7feab910c6bf8fbe5b2219852482139cceaf68dbe6854d78dd6f3d8ba39,0.0966126924006455,31.08
66e507e0f0b992dbed8c8484b4005b70921589895040a10a147ead438df02b07,0.09653274570855805,31.07
bf970dae6254888ccc6a1be002056f2dbe9237860e298333b81293b62b6e8ced,0.0965112355508219,31.07
eea6d7063e71a068e09f9a9d5e1926628fec2fb061fe7b75784977424ecca5dc,0.09647397860084801,31.06
ccd67d25300334e8ae7946e70ae2e4e6ae1f8d025bd13a5a5e1c13e97a2e4916,0.09649047959321465,31.06
7f0c8a6325d274b159113359b2c7c82df22ef7ddedb43614cfb0db9afb36880b,0.09644540151381291,31.06
b59e51b0db0457057c04294dbf1a573ca22f7f96d6401a18c05cd45e570eb655,0.09647717614066677,31.06
7bca64a79c24b4a976c23416680365119916fae65423d5b8f0acf45b3457962e,0.09644438138703519,31.06
99c6a2df2e608e076463c97eeb1952f617988390cb718e6bb0d7c6b062aef188,0.0963821819948485,31.05
d9efc236c323e82157bf1e3ccf324d464bd0f7420aac99e1a4ca8f9826d2e753,0.09635123146986813,31.04
f1778071f23d717e73bb5eabf4713c6ea109dc54df2f8579db244289aaf4475f,0.09629851295841513,31.03
4aa0cfe49f37c962630f051f5a550ccc14f2eab50d6fe998f39563764781320d,0.0962695492195588,31.03
63e86b345c6b9a1de4a9caca9481dfae0fdee1ba0bbddcfd0eb9e6c13e5b9d87,0.096217592581577,31.02
0157c441335001e8589eca0fa12a6b770c609015f1aef950d390e862cd64e4ae,0.09619880441714108,31.02
4a97274ab94a0a8cef7e0e7d00398668e6402e6308e7fae26996e5531a29e062,0.09625041381436333,31.02
46aa6377ab2708c304e7f60969dee1eb283e2d6f520604b6285a3cb09f812dbc,0.09617865046837323,31.01
0e973a2ca14d744e6c1b07b0973828b81dbc2a7558248e740752ebe87a32394f,0.09618777435200528,31.01
ec87983c6d91473f07a3d889ea4549a0a393bac60402a3d506f26afc3960da80,0.0961522057959672,31.01
37b7f673f888822417226dac65260ec8312f71fd97963d4bd47fef790d60fa3d,0.09611509806500203,31.0
38d7b42174345e0b2ccefa51e28fe04e45a06408374561596a06c2ba06f4270b,0.09607667370820407,31.0
20f656e63ae0f00141bfde936f667cd2a00d882142db815b8bebcde1abaad2ab,0.09609913156514205,31.0
a0f9b00144060405015a0bad44ebbc060169924f160f6c0905046ed349311493,0.09605802240470526,30.99
e3ed866cfda82f3bf78bb32c0797f30e4c07639d6599dced950ddc7a72c53737,0.0960245104147577,30.99
a33fc06c87e9e3511aa6bd737071266547a2a6cb6af606fb371624c47f28947c,0.09605910892738248,30.99
6c5a41adbbf486525effd2e087b797482cfca70bbb4e8dfc07c2fcfaefd1ff85,0.09596748864267247,30.98
a0963c01a07bdb443400e3f1be9f625c7ce2c9fb94e85bf9692d77178f65f890,0.09590283924305247,30.97
d4a47ad04933b2fdee0c51ac78e9c8cba6129902b8581d3a709640fb9eeda2ed,0.0959161656989111,30.97
094be7f2fd4fbddac97d35d6e23f6a71f4885d53b9644c9bc732694413dd38bf,0.0959342166365838,30.97
66f62e2975a60f32c778037254a32fa2b67e53b38de0e523a9e681d294e23cbf,0.09587912831259784,30.96
4e8c213199f2a03da2719915f169f7fcfedb04068e0ccd0763098d92259c848f,0.09586906049018962,30.96
cebe20cc6a384dd8c8a6bd9471f03cf160960f979709c7215bf543c2f681ab59,0.09581876754320971,30.95
da030d729c12e203d108222fe6ac375c24ad80d2e19854acbde5934df945945f,0.09581767205211093,30.95
40b120aaeac661a764adac8b628b43929b59e2d6905d9ecf54f09408be572dfc,0.09577824459934453,30.95
9ed5c73e2f9fcbdc79d28b89bc45bf63d8acea977f2ad612d1158388578698fc,0.09572433701959274,30.94
7036d3e5414e83e7931cd9e3ecd60c7509e0e0c55e9d7f358c48e5fcfea7b28a,0.09570688619834829,30.94
f772a2b93ba3256a9997e149efa38527cfaa68998fa9c0e0d89b78013b961b35,0.09573071489031047,30.94
a5117713584be59e923352e9bec1a6ef4da49a898b1157eb6adc3a1ec59bdcef,0.0956433302857524,30.93
b250bfa0e551d109523c323298085c82e3ec14d054ff7ed95adc50ac3f9012bf,0.0956733955693177,30.93
a9acaf062daa75cb35dd9e7ac2a08d7dc77c0a52db70482bdb8cb0ca5b19c26e,0.09564938172822374,30.93
ff09457db2bc937f1d45515e71cc507c52f19b882588bc16f6e01922c03608a3,0.09567452101966843,30.93
9869e7502873dde6e9bd6f3586902f4fe82847ae35101a68e718b6232ac9adb0,0.09560826494798057,30.92
170515683c621c20862f3e58cdd76657e3ab938e0aa18691734023639a825d95,0.09562538348426662,30.92
f850cca0163bf77c8af949cfefd4f1c6f17c0206bde271fe6396417a4d7a29a8,0.09563128284815024,30.92
f95da5b607c9f8d7cf01abff1b9bf99499712c832b1aaa2df3931975646870e1,0.09553529716281138,30.91
871bee00ff1f3fb64b4c5ca1c57edaafe1f3548d97648bae5d57236fdf08209f,0.09553033522107417,30.91
eb18fc6fd560ddee92f79ce73336102e050a3315a69c1beda0be6cb4b2af6f54,0.09552915587311452,30.91
8f74880db450eb50c4692e6a5a961f83a5fc41c1df456004fbea291041721e9d,0.09541581266850212,30.89
a3a2c57c2435268f73a658f66a6e0a8ce7fbf8a463528de9cdf781f91448cdf8,0.0954208204172354,30.89
414086f4059d37fb50808fca6c90b53cc64567907e3bbc8349fe1e8201e5550d,0.09540009006947506,30.89
94b1ff7c37b89d6e02d2a2886e7e4d5477023d3ab7d9cab53c2a9b453d9f6049,0.09543614626607796,30.89
3ee921ace95e6ff7d8d6ea8c5f2c2bc86972a203d6b39df90da3d7f2dc87788c,0.09540313403682849,30.89
c960b410ef995d727a34b49024d9f717c3ee928ee8e81e5f608de0bb0172d420,0.0953802811907264,30.88
b141ccdd7ed3ad73ce3f4ddda3b4a6593412c34fe37a0d63660eae728af7ddb9,0.09531008694937118,30.87
8c4b6616d7b99f4d1a136684e0347785b1e78cb6cac21f090dedeeab79df5497,0.0952597475647537,30.86
d19a97262d9d4f605faac11cdbb282524a0c141d3b91dc8fc41744e679695fd3,0.09524304098129342,30.86
9ff4753a9899b7fb1139e2f7f513799cd6c7f6201eb8789bc9a6cc95fa632f6c,0.09522185483547432,30.86
d46f800c983d11cf4075b66ec4893d2fb369d5161f4033cae80d17a4bb46853d,0.0951846001390152,30.85
2f9f2ba82d7fb6cac66b0b6db6aa0223ae1a3c0355d922b732168bd9a18dcf92,0.09519209585932417,30.85
f4cb97638f063a8077e0731dbb4419f39ec39748fd0daced9a18bd1634d90e6a,0.09515023970748235,30.85
fad371ace65cb4fce0cd835f71407258342d6fa8a19a4f5c83b7fbe336708f92,0.09513417115809629,30.84
cda241d43abac00f3009572adc3d276810dc9f72e5f5f44113f2267d2e586599,0.09510718676583503,30.84
b29d8fa0d5817f7be7dfc2ac0e94f9ea2324ff5bf006b3e25ea24d89ef084dd1,0.09511251837804606,30.84
28d49cf9182b2dbb3886ed4b42204c263f3eae3944521123589f9441795c0adf,0.09504660943682568,30.83
e6a92c263ad4e4daf899e7b134b694cd4c9645175cb8cc5e7cfe52e68a39d999,0.09503897745286674,30.83
6a43ac338ed7877ab00d16d7c59eb5ca792ef43caec9a866ed0e044bfafdf588,0.09489695129175779,30.81
2ab4085084066c1d7522ceba213a9d4382248470952ff1cfc0c75bc1c803ef03,0.09492302002805296,30.81
d10e1bc4149eb5e096515b7f06d99297d1fced84f9d910dbdd3054e58fba748f,0.09490938017642594,30.81
edc1e50b32f9f442422e9a2ba329e8c368e1fd4c401cb5b5d02b55912c9649dd,0.0949143907131294,30.81
b1f1d8c1286e39343159f2733a362a06fe5c4d3ac8607a903dddad7c7ab7645f,0.09483873587905883,30.8
734b8bd69fb383dc6f318b82b400927f90c4033a77a58f16f263c0341c36d716,0.09486223308785638,30.8
169af5510b86a6ca1a2f47d68341d0c0d990de163c9fcd88016fef31c6e3c5c4,0.09478579631733983,30.79
02bc2277621cdb1b61497fa4889a6163f88f08e1d3aee7ac227fcfff47f50951,0.09471497213789697,30.78
cc5dd8dcb9e2e3d5aca221574dd88c866188200ee8c642cb3ba9c9ef8228b2e7,0.09471087609801104,30.78
a6cfebe000a368871f6e2b73c13bf7a093b4825e68e6aa04d80336db8ba90cdc,0.09470851210080601,30.77
c0a3d540c21122c592953df48749a3e49b83acd59218cc81f8a584fe583579a9,0.09470050361664308,30.77
6d10c8a15b4025bd75c40e00c2a6698b10eedc4ad549aea3dc97e236bb79717c,0.09468922467450923,30.77
2757c6bedbd5f536db46252a07937c4c1cbedec2d9e0e5f7bea6934d66f8d7a8,0.09461310777973664,30.76
ad52474b7800a8c262d7f01fbd8e0f8fcc452957ef5bff69eac1a404b99daf14,0.09462668358050486,30.76
26f63f9ea403ba69582e580f884c6a43dc694cd5b2b60a5fb74f7be04f3227a1,0.09452628552783064,30.75
c4c941f1238ac31d2aa30c5144852a88282ce3a904377772519a99a46b91e1e5,0.0945701415660088,30.75
758c37e4c4ac525bc0cad52e9b03abb1f2f91e5fcf9d38edc8897c95e6f88377,0.09458161324046324,30.75
d697114dba211106dfd7fa951c4e6b537c138caa6a454cf568836de289af76b0,0.09443972708188093,30.73
51fe858fe7db07edf943e154e2a1398741a7928c8709ccc72a8913fe35a37cc6,0.09443978193726728,30.73
5b96b141aeb662d486af3878c38adebe0d0f497151cd9ae764691554bcd813d7,0.09434466777690272,30.72
d7277c1f5981688a1e855f64fe57bbc1a6ae157c5dfe8dd933eb7665a271d777,0.09437888009440311,30.72
a6a6b24ca33f896821437b04f8591fdb35a5c201c2c018f84721f5368ba5d977,0.0943440028013387,30.72
29272dc17325a5f39631a28923ccd059fc466dd25db19942ef00147e6efaa25e,0.09430579733982386,30.71
8ff9b584488cd2b2263597c124a3a2c32f012977f27845caf89805bf44e30238,0.09424880296358905,30.7
e2e4cc59f32584daf35bba7c6891225bddf3fe0f4ccf374d028e32642822474b,0.09427542670220439,30.7
51c399d8b395370a138d490174b7aa8b1dfd1da69170108aed9f5c3b733af3bb,0.09419772575445023,30.69
7c0bb1a3d9864eeea3f0e1130329404283235b9c6897cd3188061425c7b10048,0.09412872910388703,30.68
90e8932dfcf9098a4db0085f9bd3296c6e40c5c7215effd2fdfd2a47e59e11e0,0.09405903626804908,30.67
d35c53aabdc0ac82f24f5ca843d0c4e0b2486b9786910ba00e27cd9cd5fbb42f,0.09403553362691111,30.67
687e7e71bc8e3b256651334e781a23c3bf0df1b8eeccca3f33eef8ebaf20133d,0.09406507712834128,30.67
464061a4969b0c02d8e7046b462900f16e7c541f52eedc8009da60899a8011fd,0.09400638941571347,30.66
11b8b50268e72b5bfdf605f4d2a37208853e33cc1975f66d90562ae1997b1384,0.09397935309710789,30.66
57b96da7ca72b547e39badb7f00a63ce85e2f7b30186cda3f5c1cbd995222a0b,0.09391320157448371,30.65
12a4efbe92ec73f01b76a78ff50e8ebe0211ca8f41facb23a8766af74a5d0762,0.09394542648966525,30.65
ec5f73ebf45db3fd2b24a50b568548bee84f5977a226ce7b597c731a8973e5d3,0.09394747168133007,30.65
44d81c8edef9936bfa9900fdbe999f33467e1c830d99624f04471ff52f1c4afd,0.0939350295557173,30.65
a98c6fddbe1c5529e9dac46019f0c5fa50756820177b40082f5dbfec4fc676ab,0.09389533127180222,30.64
2a49860b7bfee2bbf79a1ae06796bf7be93556cf440140bae8a9b6602d3b8d7b,0.0938893438501825,30.64
48c867ac2929b30ab9cbec67bd035062079bcda840f61aeebd5ed0eb451d8236,0.09387757938172792,30.64
1eebe9b12e4a08c022bcde7a297dae7d968b8dc9312faaeb3f35f53fe5f48a90,0.093900144054455,30.64
89f6c6544e84c27934944dd085e10fdfa9fd0a05b907c58e401533ab08d6d288,0.0938746042067806,30.64
da7beab3438315831d4b6761dd37a41ccdcc21c586d395e4c10c9c340577c194,0.09389102297559748,30.64
de86453ae585ace75c18f12e21b6f2f1b4eea3f79b2a90fa02e9080eaf2243d3,0.09380000742887408,30.63
13e9c461cac9808353131ae49dbbe7567b6fa928b26ddd78e2e2e6211c184b56,0.09379370318295638,30.63
fe53cd896b1d6a09b6c16394b627845978a9733e8b4e6946b1fa4bdd89346fa4,0.09378700196694977,30.62
b2a2c3a340b15cded7a9145354b9e7322323b2abad72b6011971e7d638a1ed38,0.09376747497536657,30.62
228ddf14db57c3b8b77a45b05c52968dbfe003851c9f30c4c05d4378f5e6a065,0.09377196972418052,30.62
1b86c5334de04c2afdab8c4494777a4c17c8a47f9293c0512fa211992c9f1dd4,0.09367745450392481,30.61
c3a104e0d5a845584aff7a4f8a2345573c1516e3d00237fe6fbddbbac4435a33,0.0936475916062785,30.6
44f0060a17b94fe8fdc2def87d35b324545f5a533e289719d047749cf0d853a3,0.09361515618880795,30.6
102e77e1bfeb4b65b71f610b7cdbb861dfd8fe37fa08bace8601fc1990f31fa2,0.09365126966304547,30.6
be1f20a506cef5896c43ad2bdbb9d0636e5cc0fd0040a245980809133e7db98f,0.09359018516712085,30.59
26004f072a15a7f9be5bac1354e6cf36f4bd105d1a7598fdc1b6710fbee8d855,0.09360055230828296,30.59
dfe4231d7b69df998f4d16d2758efcc7a3814821e01ee81392869724e7970b80,0.09359862813192552,30.59
05acf3ec3ea306f39f316211ad88ec5cefe859bb2c6760684573fafc4085314d,0.09359083713126486,30.59
61d08bc0c894d1ddcf3c4ed92da01c8b8194293d9b5fb3875a16e2df662564d3,0.0935854486244819,30.59
9eda32ff61d77b07372c63b1bca19071bd38fbc36e728e9edd87b4a6076b3fde,0.09350599655125297,30.58
ab3ee83dae8aa40f4ee0183123e2fbf3c9e68fd7cc223e15996e75ec0c36bbc2,0.0934912618986398,30.58
fca95fa71dceeed4037e8c453512f1d9176070ee1e6d785a635c3f4535b47c68,0.0935394266173796,30.58
85426cf0a5629278a7b61df3892fc881368232a6153a44baeae6a4233738fb49,0.09353776566723777,30.58
72fe5379c1218f63015fbec7b8dbabe1e1d5b826ed88370f6ad8a1191996bdcb,0.09346397421715341,30.57
66c6beba15a9ecada3f94a62a4d20e13a8a3f78765704cd7b30bdf205bd6000f,0.09342385532106474,30.57
61a29ef1282b654aab970effcc597289ac41ef4fa6c462c727efa33d171d078c,0.09343965905805224,30.57
a1fd1e7bdceb99fe6be02460a964ad526d00d6f27a9f8e0ef1b06e30b2c94207,0.09345622806914149,30.57
79f3a0a601e091e8253ee28b7434e46b9e2da114a174d8115d67710d7ce5adf1,0.09342608564342675,30.57
4584337c43e58a5b5b3430eec444aaad9e9e75163931ffa4e396c7444abe4eeb,0.09340216624936161,30.56
15f71ce25f3dde496e09d5f046658297d08bc4d569985996a03f7927414c80cf,0.0933350488392208,30.55
a96b7bd33b6d175587c8117c5da941bdc1c004d35d2648789769ef7ead372af5,0.09329800767634579,30.54
c2206db1a27158f056c2e7585a57b7952336fe72efd0e680e2e33c84b568df48,0.09327640078264972,30.54
a74256d7ed09ff17c5b72cb0ba486ab854f8ccb96a29cd4373408816ec274179,0.0932970626560034,30.54
06113a232ec28045a4c30e31c9f16b3cf67e354b4965b08ad07c73f9f307d1e3,0.09321305265975413,30.53
49acb9a9fee0f6c0285c4bdbfa10a56e52cd9f64750da4fd625c085a74f513da,0.09315938464443896,30.52
dfef8261fb5a4d9ef4af8da488ecbec33360a7c1e64ab788291952a7c6828852,0.09309788971725622,30.51
b3f85091b9f0506f71783985866640ada47d433b04224adb6f39ded6bd9f992b,0.09307192088404712,30.51
890e706937db66814de324cc02c180a8dcd1b85d767f40fba7cd0a0dc0b694a3,0.09308859991486378,30.51
143264f7a74abd47f32350426a8a380864cf5679973356d2d849e2a160dca621,0.09309826797914568,30.51
6b5ef181838ab1fd625e4fae6e72d47dea467ba9ecaf6f9c9df1ba00dff628e8,0.09306593167790563,30.51
313ee3292194938ce8c575aaf4c1f64c3e65030ace1e12c953091638ee787f56,0.09307612574224153,30.51
94e373c2148f969e32a66767e66cdf9f33685e5e3f7e607e3b7f7edd9d773412,0.0930516477743523,30.5
0f47229533d3fcaafed685ecf7f017d1cd443c0e00374be1c94022985dedf988,0.0929374076923678,30.49
1bdac4460937d1e51b216d26779fc77e57ca3c2aefc1dbe3d2d7332efd99292c,0.09295835871698614,30.49
004e47df43fb8e4f3d456e853eed48b6d1b3daff9b37a16ed52841e90f42154a,0.092965792652369,30.49
1ae78474e32deabc0eead4c72a4314aca2a587789a5b907e3d8021d8ad4a62ff,0.09289958292545313,30.48
807759923712f8a23803486e97b377ac65b5aab2af4570743334ab51cf316129,0.09279047621682153,30.46
c2fe1afe0e0b9a0cac1c9aa591a7f13c8eb72929161e445834f690708ec17f1a,0.09274440600148498,30.45
76772b96cbbf5cb8520905d6a8459dba020e71009051b43d9575d3b068420d1d,0.09267261839085329,30.44
bd0f6d40c1b062a55224ec2da796c24b81268f9b7a63b4b5ae019682e8cb8aac,0.09263502550532715,30.44
494b50aee310f27c06bf31951f62a21256de4e96cc5ae19cae983199233d2d05,0.09267257469688996,30.44
2739d0d9d5718377a7f5026c8519d9a8c07440ab6fe2f8f4e5501be0577b8835,0.09261512166309606,30.43
65e880c88ad050ae7bdcbd64fd1007bc99660a6fdeccc5159369b56593f470dd,0.0925386085147679,30.42
ef2c4cfb12eaa77307aec86343c459d1e8e84d0ff8820098f575bdeba87e66f8,0.09251972650896244,30.42
41ca18a7196401d01b6e27267c66041f9f3551f5afb06fe6771e1087ba6ef735,0.09244890974559629,30.41
c82bb6fc58a5b8b7fc36d4ee6441a13bee776fa4af54f774945b967e5706d237,0.09250552547027448,30.41
f8c2621df8a5b746052fe52dcdfc73bbeac9a78ba620242e0860c412847d1b2b,0.09248679899854788,30.41
13fd9dc82736d64489fe041413e08507f29cd1488384b7ff35a7f570613f2b4d,0.09247843408274894,30.41
4e298753e8729570ea9d146fbc39178c66b4ae622342d6da6c97440a10d411d1,0.09246634111626588,30.41
74130025f44bd1cdcb0594b6d75d08d2b96cee0a9f5ea560eb5196b0a836fe90,0.09246093777716163,30.41
a41a7325817c99c79687f15e9861f731395d40ef4cd70b39d6d6846f7fab58b8,0.09245216262146126,30.41
69ef4ccf31c0552c968eef738b66b856eb6039b82b76baf37efbe2233a77c9b5,0.09238832906974936,30.4
b89d65f21cedba417e22b31a5efcd0d55866f6d527c3ba1c8ac56ec290789da0,0.09239322788012748,30.4
a71d6949d2def9297d9829788b6964bafadb51e554aaaaddeb1f03d41695efd3,0.09240943362333316,30.4
25f7c7af3fee97236b1dfec28e2ba2b77e14e231fe1d7d7833374cca9a0e3123,0.09239085543454834,30.4
6d53602a1ca0f96f9f8364c438c5d73bfaaa6f6929f5f653d59c2d8461e58477,0.09242950120224651,30.4
9c2cef1532fe02fa634ded4b3f584fc55ca5bfe6a1fc416099f637203b3fc55a,0.09235137481068163,30.39
fbd13e01129a4e15a40b89be6dc29edac9c5ce44de02f332b27d23357bdaf620,0.0922989409981681,30.38
c2e468ac1cc83bd37413e9c61d8d2aaee68fc85e84249417c24f84057a099fa7,0.09228836812852323,30.38
0d65751568e55c7b2beb25d255a9822090580dc1af7bc04ea11f9d7c9beaf97a,0.09220685564969479,30.37
6ee10ab0ef8cd48e1bd1107acaa902d4b277f9b02364c45d012dbc4c7dc6216b,0.09221773859064981,30.37
bad51db883560088be8cb415704edac7c1c6ff15bd0656b525a96f5ab514b923,0.09215957681198728,30.36
4b6d9f11d8b2904276b49e97f704a8c75f5590eb183edd68885aa5fbd91f67df,0.09213073532492241,30.35
594ee49a8757319e23148ff269ff8287709344df58d670e9a6a4b321c4fd5fc7,0.09213671064004782,30.35
1391711a758e22cb1d558ba76f2939f3e887116fc0a8c93c03bc4486600d8ada,0.0921385841512037,30.35
e3d86a3d928d70e03f199b3cddcad4e32acc74998decff51e998db91945c250c,0.09208307302461277,30.35
77004633abbed3c47edd98336e9edf808efd7b6d0da4bf6c6361cf2831a572ea,0.0920945738009839,30.35
3a954edcbb02a1730b32a8fa7a73654bdcbfc3b4ccf1151885f193c40de6acb3,0.0920550227188077,30.34
ae4235b6559e4479a15850467f69bb5b919c2d1f504a882aebbcd55d79e476ee,0.09202411545257133,30.34
f4065af023946ed15cc208b17191ef77cab39892f6c8c78ef94d75515485c976,0.09198774107364044,30.33
af07a266f953d650f80ec27c33028a388339c8232bb0e82c14db26d53cb99bdc,0.09201731785262274,30.33
87a3314ed10b33d79cb96bde0aad5ef92bc4fafb14020b9d04aea69632d3b1cf,0.09198732144328028,30.33
38837a4495990901d57d68571755ce89534a284918c774fc7b7e02cf7717751d,0.09191146770487144,30.32
303f64ddaf3563af4104e7dba1706806f261cc50156cfcdcc23eba6f3d504981,0.09195421236130147,30.32
8d38dfa0e376f0f1aa0f9334d05f0cd2e47edd130cf317e2e5638950cf6e44e8,0.09195864594179598,30.32
fba363d63faf7d835654ff31f31e3033bd3f9bc498e4e1e936f6859d8504d8b1,0.0919406236620876,30.32
e0707e929fd6e219815a4bba846e1f15957e31e8b06ad6f001b749657bd82e84,0.09194948936533386,30.32
e39bc53aa8c480de8d3b5c862cf0b931c9a857751001a449ad553cfa1d56da8e,0.09186698030556657,30.31
c288e656d9b3e45463c2c89ab444c1a917e0642f42e1901af49443fb43b84c07,0.09182090203029214,30.3
f1cd2f88135728b86939e56591b27db23f74ce9c1a06d83435457d98160be99f,0.0917687155462117,30.29
cb09bf5e5ebe942eac2d91f19914585f27c1e312c796bb781c2c4c63b1b67242,0.09172614623061552,30.29
e5fce730c73c57c51233c01ebfca6001c05223ed8c2af8e3ed0d0a1c38b72e00,0.09174733562230626,30.29
6c43ce1722f09c40d73b30d0a14231e47667fc7756e729ae7eb229422b43e10e,0.09168634169206422,30.28
d9dc40717f08d0412fa3b90a3d24e023da6e9d20b0842821605c12d1bf35a20d,0.09164365413365624,30.27
39a3e1486890ac1a74e240fe96e9e198a9095147dbb375850493cc47bf6d5b27,0.0916094316232707,30.27
4c0248dca459cd9d1a04d2394be2f824e7827364d69ccade2d0e309c61d03262,0.09154419722217196,30.26
bbf232422948ab88143a3e1bd6d00d4bd67431ae96ad987e14fceceee3e06b71,0.09149054062173806,30.25
112273163738188bd8cbc6f27ee1fdda15275ad021720fe9fdd1ea27524174b8,0.0915228407104402,30.25
0eba019c9fe57f21b9009f1604ab392089ff9938a5c6a08405a55022207080a1,0.09136686347204043,30.23
f5466faf01b639f9cbcd2522f197dc75a475284a96582155f8ed384a5de86183,0.09137055298262416,30.23
6c5426fe4a9b3453f86809aabc6842ae5ee38116ffcba126aa725729be292cc4,0.09133311143250156,30.22
5f4ac905eb1e4bd2404e9f2d0c31bc00a6a62de4ff8b2fcad7a369211808d34e,0.09133078317756521,30.22
8e807447be6ca4835fcb23fa6f88309c4c79f78e2e39192dfddf390c52d5616a,0.09131071142008157,30.22
a90e9a5f2b0ccac5245394d64b466699de6f70a5c509be88f3ecb10e106aad26,0.09124657495838896,30.21
f8a482714c356927bd25fe6de267aa62793d233b9d33dd7f4b7a77544aa9da59,0.09126648957840834,30.21
1ee09c420d8c911e8d36d572daf0680c321180df5ef14d8a3aac330e97338be2,0.09125470487957943,30.21
7f0648d526e7ecb4ca2b837a062f2790c009145c5d8f77c84851adf3d5cf1e7e,0.09120310567106596,30.2
0921198877104a75f0a4f8d48d66b8c4da11b63216289d1c7450fe92a409a28d,0.0912214031022251,30.2
afba07cc3d93a20553f812f7e8552f4747bb2af6ecb03714b71b1514d6655c27,0.09121520533539484,30.2
688641e5728ddffc4738ccc56bc6a6af4736a4460fde145c7962e5f581c56ebc,0.09118595349910702,30.2
6569e270e50e3419949756ace54286a9383bad1cfa5568f1979fc3adb9c2b87d,0.09115877548603432,30.19
0e740fb34b9bc1923a258a98de393c410773181721a827ecb544a62f6369a547,0.09111754773320872,30.19
c229bb324eb8171aeabe4d987daf1751476086066b8065f16311ae7518556743,0.09111615924086039,30.19
22e49e8444d7c2bb0ad0322ff2ec990ce86e299b3194c835bd0ca94c728fbed1,0.09113150691276456,30.19
61503ab9ef98687724393c803b521b911a4c3e0e1c543f0cd401056d741bf6e4,0.09111597831249134,30.19
0ec25d349aedb383ad763a1c10c43b83a92452f1ce18c5d7b02b66d2eb67a1ce,0.09108419643833018,30.18
0de866ec35affcbe04407abbce49908b98ced3949c3fd81316626bb99b337943,0.09108027603018913,30.18
5eb2aed5ba608c05f7e4171e2c35b1c5f34ee4dfdece61c5479ba983f6c6ae27,0.09108658137251424,30.18
e419fc019a811194592d30f8be8d5f7a72abf619a59f15f0fc16afc8e3c267ac,0.0911115205273055,30.18
5a8b6f5c683ad52dbecc272bcc3c24ef3f1e5d36bf0ec3f6087131586d4d49d6,0.09107723827391624,30.18
208f0741e0f53ba5c3a26d50781317a10357ae1ef4855a70c42b5e38d8eb7744,0.0910126227077909,30.17
21cea158f76acb4249d660646e0b6cb5709fe4ba67f20a5d70302bb23de2b0b1,0.09096584485639692,30.16
491dca3b01ec250fa789f89c644cd12b35d10ddeb2be518c4a5408ed1d0d4b14,0.09095340623239703,30.16
dcfd9846b0c7e705999871db431411a935e5697e9d77e52bdfbc2e3f26cb2305,0.0909897458142027,30.16
171cd41402db9d0ee2680746b300ea9f8891ee424e9d49498aa45e88b4d1952e,0.09093544245697192,30.16
95839451e4c446e216c0ce007c83b4e201f6d95cee1789bdc6d0f76aa9b757ec,0.09087695900469357,30.15
2770bfb0b27d50f6ec50d51b78db8e821ec1fddc8e5d33608c2e8f2358217413,0.0908500713754808,30.14
2b104c9840ef7e64de4a1fb5e3d5a7dbd2ee20ccfb9828d81445d7dea6de5d01,0.09087146823284158,30.14
c161084b752241738947c3f1917156007799032e9c2dd025bd9c42d48944dfa0,0.09087039719320579,30.14
1a202cef15e187a2f4e693b3a940ce5e023a04d79eba7a604d5926a67b673f46,0.09080369297532592,30.13
5531b1a54b0360087868e448c824b8a659c4a8ffe6f860fc19aa275fe349fd56,0.0907998338419878,30.13
8d194e03f112d4ab3bebec097a1059e758343f6a6146b2c3b87f6874c93c54c5,0.09076263042974692,30.13
ed92275c9e46578b0b24ec45c3c486d74b6f7617f2725e3921e8e129e8869f4e,0.09078232481882786,30.13
8f4c3d5ad4846b9764f2922f5b2e519001594d4016fe8d0d5c1148479709f91a,0.09079281436338243,30.13
af4838b31a55f5fcd0acf850ebe5c0a4696c07d714142dadd156534d8d912fac,0.09070229822145352,30.12
aaf2b81c6c42f83ca461a98b8a7d8406a66df747f36e4ebb5ef5989e1b430a16,0.09071516477986742,30.12
5e1b6c70165837503a744be4760d18ec7aaee9486f5545f5a5ca832278bfd576,0.09067397857763754,30.11
991befcbe67bf17ebb5ba19ccf9bd664a2067c202d3a6231b6a6165feacf0f15,0.09065242099243831,30.11
4d4149f44f9b032d31a7e65be2a84dfa315b7e5aa2551f5a60499b4e7720474c,0.0906472530866247,30.11
bfd68f38f1f6aedeb95828fea96a0d9435e43c9f81f7121ec19a0f9206bdbe68,0.09062743588802752,30.1
90638318c9b24c566ac62c96ae8595f755d8606b1061433b1278f67723731397,0.09060710962144816,30.1
1985569fe369dcfd4bbb94cdcd483614aa51c7dccee802d670d1fad4ac60c911,0.09058200956366676,30.1
6a33cb0e30fd709499c2ca71c8378dac2b283ae74b2584cf93d3d0ba75ba617b,0.09057275159010178,30.1
c6c5d491334ab029a2ee741254ae73c991b83688d5b63ee9f18469cd703da5cd,0.09053725608332544,30.09
e2ddcc2119a5bd3ccacf5c591c58eb35ff255035bae26aa47bc9ee2365221e02,0.09048353630240898,30.08
ea3a8938345bad8416d912ccf1af234946d357b25eedc9688a0b175ac189af7a,0.09050720543938223,30.08
a8a0302b46572a4ae3c2480173b45e2959af624c72e3b6a03db5f0f7f746f009,0.09046565804987866,30.08
bf23eb47b64a6decf4a727592f6131030986d00b11c54e5d903a25e3fcecbb40,0.0904123428515043,30.07
bef052296f7435cca1166f304c54635f5c5419f249a4939aa4cc0c001c25aa72,0.09044299589893466,30.07
7577583a9368f8087ef7854782e09b598bf5458543c753abfc20d5a24346eb39,0.0904458206345977,30.07
54906508eed1e3bbd2314e8bb7c8034c4cf9ea446d69aa03e78eb594a11bca3d,0.09043870059690881,30.07
c8ae375775960ac5fc27847a5c2082cc4d0776bd8f241e6c038d859a6ca3662d,0.09042111321578605,30.07
4da08be7f5d8cfdf087a216c47a843fd3cd2030a7b7a0603a5c90a52ca206960,0.09033311834584978,30.06
b310e422e2c37c28038139ad654b8a276e8bfed18c3fcb0414a90606777165be,0.09037743357595149,30.06
322a6ff3439f95a06215a1a4eb8ece5ef9918eb85e2785d8a2828d57233c76f9,0.09038994040220835,30.06
1b07f9bedcb27c790d32293bc63b4d006738f1be01a700f07395ef027d106ab9,0.09032310322418273,30.05
1379c2ef794049af3f70cbde731a8db13bbf171607a726080a30da33afba8b8f,0.09032540355345813,30.05
f854af334f9cbf787a967504874999561b9465486d72134de309a1afeeecddbe,0.09030358066685217,30.05
a6f4a09d83ea7792d21bbeb6fb06e1e350044a3c546004d14fee169bd2f1437c,0.09017692568558705,30.03
471c0eedabfa9178baca2e3d8f6f3ae8daa9cdb9c87ce01e4b430216c153834f,0.09015227209590133,30.03
c613283a390dede0e776d5891896c5c649bcbef7577a1b8d477f4d802882e508,0.0902000987876327,30.03
01d333d6255bfeedb9bdad841d0a31a7fa7671d35b3d9d7ae0194a59ead716b4,0.09020369935161301,30.03
524c720fb6b3611c5546452d6ef9e8b97cb5494f3e9fcd5731fd07b07bac2eee,0.09016788923485693,30.03
f6499753018e34152eb5bf7a0b2778095257a351f0ae81223e20bef828c44593,0.09014997980494062,30.02
5c139f4929ffac52e143ce15e5d17c3bd88d069387adcf2367a6f3bcd15908ab,0.09009376593845332,30.02
155e0af0dba26f51fbfdfeb93b8a3ab97eb44a0aefc2b7a49374fdbd4a8ec10b,0.0901018337695067,30.02
b115f080ca3a92b78ae09359b98207c76fb702586ce182abcf1945df50b847bf,0.09009520862328368,30.02
0365e1a36d7dd390edc706908f0b72cbd817480f23fa909b5108b1b3c1512f9b,0.0900895540701808,30.01
93132b3093b0310bf88ed3c313974b52ea2aec79366985fb032d2410d7880ea7,0.09008043878670635,30.01
79cb40e88d95ab5609aa429e41dceefdd4fd53ede444942065c0139082ceab8e,0.09003843474717887,30.01
f330c47a105a85b2448fa28b8d27e07c8a07dc4938b995aa6c2d56083bd43e70,0.09006407515973464,30.01
f1d85ee5e29dc50ae42d673bc8032555350966abbff4bafb3b4c2a416195e545,0.09007318419938862,30.01
298f4db8c3154991e77fd315dec1ec2ac1da8e2dcd58a4395ba79ac4fd9d5d23,0.09002011810896171,30.0
4da9034f2c5bd8e3f9cfa2a7ead49bfc39e23b5fff3d3d16442e3245c93298e5,0.0900061112680049,30.0
733772623a4c5f2a3a808437b365c1bf2dfa3c18bb184118134fc10587e94c3c,0.0900046502018069,30.0
7051ae2170ec295e6b17d79719dc7ee17d876defe72ce84170104466ec9dac6c,0.09002887312769804,30.0
71f0311c2d54594393a7f6753a0eba733dfc0e5e06667d49078a0a4b5671ae8a,0.0899413217045688,29.99
4504550d37251a73a30235778f176b8918a9f7e190fb6193925ffbb040ff9c07,0.08991298402239961,29.99
2d74b49b11c567d969f6f0e51ad971af17fce07abf704775f08c04f389cd0828,0.0898263442063173,29.97
3e89af4f1ad7163a3e66891aca0aeb83b2e34ed5d1b60c21f5796bd4f851dd8e,0.08978225329868282,29.96
8dc5099134d970db13cd4767b8d97df252360b81d49d63e875a1b511589f0e47,0.0897730292220134,29.96
483a7c3a3c4311010e8d503234e3a22824678b0d62af5d9feda50d97f28d9081,0.089728161280553,29.95
e5e2574fe1cc5d4af907b6f5e983d3027ab6b5d6ff1a5be2968a0acfc49c2242,0.08963139018589503,29.94
4eb490f14f5042a21da82bbd028938f6c684896fced239b03c2041b4d892d338,0.08966428401658609,29.94
341c42499d451fafc763a4538799af805f80767bd3451f21a64d1ea26c3c2ec3,0.08962071675221195,29.94
142a9af2a64b70d02e863b8f00793f80feb29474a61cc157a0db1528bb6a1acf,0.0895770353292517,29.93
93faad39ff7ead70e0f3884075f941a767fc32ed2dfb15384c092face5992ee6,0.0895789705807194,29.93
0ddd4cf672da7bb3a77e21646ba3b31681708473e06e6bec352f5a5a102e41b3,0.089500651573563,29.92
ee9a661469764419a15eaa55f0d684abf6db4014efd36b4c3623a231a70c5b56,0.08953742882336557,29.92
d7cc02ebefa1508fda2e70726ef24fd23166e7c3acf2e5ebab976095154917fd,0.0894548204349456,29.91
5929c9cac4b051f7682e44855c64eccf10f91f00344521630f09741257df432a,0.08946908405139853,29.91
25c0159dd8616f41eb5f385024024a47ca756f067a713b774147893db59af5ac,0.08939220999042494,29.9
97484fe94bc2afa3b82848329edfcbc3b3cfb87c4c8c1c3c2b94617b45e94393,0.08940642076684424,29.9
d74a9aa955271011b4ae25d64b7f9891ac1fbf9d34f794cd67c29a9669cd36f3,0.08938141868174096,29.9
e9ace2a685b421123cc53c7f51958b9ff354dab5d97162ddf61de97d3126bc64,0.08939186759434115,29.9
5dae91b222ade4c6d83530a4e99f86b32734b024e39b36f6618ce8492f436d2f,0.0893405682208261,29.89
6d487cb9e4ea5e9d6c54eb95b66b0a4a77cb64baa9d23018d00c8453bd89e945,0.0893218113197185,29.89
abee1b173f515ae6c26a4b239721062cc825128730f7ac2f86ca4fbc7b7ecd2d,0.08930430388365711,29.88
18fd52988d1ee91b01161bab2cba3798aae3c50987a394aa3011245b4303b83c,0.089254330909559,29.88
3cca8ae70a5e395cf2b843bbd461602fd8e50826ce595669d687049ac8ecf884,0.08926714297566635,29.88
b3096d24468de01bfe5ec4ced7bc2ece0e95226d37bd61e53ed88905fb2f2f69,0.08923594227519108,29.87
9144bcc5f00ae17c5904d03a466f8831917a0c0da900914fc5936eea3b7022d0,0.08922904729299246,29.87
53835971c23bc329c7953b90c2d5636b3e1f06d4020aa6a055be6ae35302bee3,0.08921787269658205,29.87
b468a4a1bf8d320cc536ffe024ce3465d59cec711681ed485538bd4048148d94,0.0891628442478643,29.86
4f60b66639d75606b60d2e1eb2f7f014bbcc457729eae18bc257e627ff38f9dd,0.08914662732531539,29.86
93a443423e80fd3bc554fd59c186306bab26cf2a39a8634c3d86019043a57bca,0.08915746271611884,29.86
79c15422dcf50e61f20bb78526393c2a885ad515b96260ce39a6932971c426ed,0.08917970524279253,29.86
9caeff1adf1b4ffe75ff813fcbd6758d4db422283eea9437500a0d0fb6fd2cd5,0.08914964125821662,29.86
4ce9a9d8a024bad66e9101a0e485ffe879beac1da2e1cb47f52c9c5df422d625,0.08912153223133032,29.85
e12fcea75c3b69fa723daff7f24cfb9d6eebe9ba30ecff5622d7f8616d5ffe67,0.08909583212987211,29.85
b578a60d20bc380fb861299ed6dbe64f4b45bc29d9a1575a88087c53fa1a74ac,0.08912637259834813,29.85
723308252f468f35dd2145445784f36a1e613fa6e951476b5ddb5ca57b86d1ec,0.08912567071889799,29.85
43b05b9f0217edbe7091cc348905bf4c424dfc9e85c5b611171e8c10b980e2be,0.08913152317582103,29.85
97e8e8d186caf63e2f206679fd33887703790691bc2131104a2c5cfecd3c72a9,0.08910943249092076,29.85
d52ed13697c75b1213965f1a6eec50b66b37a75a0f3f794ecb7d32649961a1cf,0.08907481998217744,29.85
cafd9546a85b8f322b712a9526548bf9375f10f4537aba5ad386cdbbd4c767b8,0.08908940137332434,29.85
5698dff4d05de4943082ec5880b51a6043aba7ded221e8fb8628c67fcef67b74,0.08901309403716408,29.84
d53b2905a61feb43465fe73a3e614e8a495083b71e99c72f66c0dbfcb33c070e,0.08906783238860305,29.84
bf4f4e0ed076b4d515253c42346a05b9dca6eb4474d6f2737ecb00f92b15a9e1,0.08905222554494605,29.84
c2e854b98a1dd0f94f0288585325dcb715899502c90d309e35e9b3871ad7f193,0.08899502645875165,29.83
c6e6713c041ebe1077df7de6240a0e783d8cfc86558df1b16cc72676ca56ec78,0.08884711982520155,29.81
4fbc0855b352e864dd5be4547a257090e298a34140a6e870b6867b1ba4ca1262,0.08888480986623801,29.81
97008127a7bc41913d5b3e5ea22f845376d3c3b89dff3c126c9afa9c7bff2e9a,0.08888779398910686,29.81
e75ad2512c35d75e629208d476550df17bddeb324c287d2a89c124f7fecec6a4,0.08883134381710281,29.8
4c1d7af27de7bb778bd8c0256bcac98c4af3b22ab43b747b932f26bcb4ba5ed1,0.08872551026392494,29.79
a1097269e9415d628e9336df2d7526bdf35f521f8ea7ae2ee01b8972de8c86f1,0.08874640159761629,29.79
fb11abc829f6eaa8eda9a4afd006a4b662764ab951fb4d7b837f81f1a5d81774,0.08876615441087948,29.79
cbdc475c3acb77d9ac52537095e44bb982c7375e35d736ab181c0d1465f343d1,0.08875424439279778,29.79
ed853f46d248d5209d31c2ff49277bc1260ff2ccf408cd611ddd7f5891b8d0b0,0.08871859905090611,29.79
4703eec0ce176521b5cd430e5efadbbb683859c6e98d48b1d06a38c4a2b3c147,0.08871309607309483,29.78
6581bdf1a6d8d755d1411bb3781ad35c4a346d0694f4c857efd50d1f95b5673b,0.08868367069347607,29.78
7e16bf0b4f35e015e054da038424b105dde8e0a5fc009e3786e43f9bbd1ddc65,0.08867121019175274,29.78
7e1dd7fbe0f794bf112bc3c8b4591e116daa68134295886f9c3448b49749dcf4,0.08860581194054552,29.77
facf6aef340d0d0b38a1baed4e0bef8bd96a66d6998368c4c2e00cb1057cacbb,0.08860010513737267,29.77
b1ee7d390467df10d189582ec3565c6dccfec948241f951b2b731ef7472dc6ce,0.08863424500204933,29.77
7a21399af10185471dac876d5a16e85eda054eae6c38f98789b6beb24940c8fc,0.08864066428877321,29.77
6a3dbb54fa52b5d05bb97ffb844ba1de8c8e835c1e6db834677af000db7261ed,0.08858654241138485,29.76
4ee5cb0de61df01c2eddb87993d8a61e1c61c6c45a649a0eb4152a7f15db5031,0.08854745953745212,29.76
361c2f2f739dba631c9a30b56a1e73f06696f17937b1bb4a5ecbd7b6eb11e8f0,0.08856252649959044,29.76
86939ff9ddae3bc1f582d35fff8a7812fb22c46675003cebd1b3de440642ab8d,0.08857641276116704,29.76
4a9f4a7826a3cc24a9b57882f427a74ab1c04ccb79c99df591ccfe0ead390a3c,0.08849025384849572,29.75
9efdfe723403a40c1379c58c7c8148019d198e0f4f619319e1abdbb8af9b7c0c,0.08848405460337708,29.75
5d6e73ae79b50df986d5a796749fae75704cee2ca96b6a00627c850047881606,0.08846699475753293,29.74
57c938a4c08fe19fa15ca3cf36b575effe2c9b5c206575b2518063b6c3d9342d,0.08843921269489688,29.74
e092da3dc3024f10f244a91b1bac38b749374712135bd853d790f7f9a1fd0cc3,0.08837493316376324,29.73
9120a8473a13d912753c152ba5d05e9cfb712230deb5aed19ca37a0fb700229a,0.08839048813474722,29.73
6ed05a3be5a3f0ad6c46f305b78bc63fe541461695541d88a537c7a245ac227f,0.0883993457126076,29.73
a78e01aa01c68ace6e20451dc842e275cef78201da1fdd022cd025ac9aaf6caf,0.08830493161778678,29.72
5f53a6e0b83d49544baa199b4052e38ddc241ff522e8661839877930c63509a4,0.08832320872974467,29.72
6435be29b0fbf80b6ec3941024f15a9ad96ca822269db74beb004865629de737,0.08830227515918644,29.72
49fde669c15f5d9d4e2e25da7cef714e7120563b3ee2e150d657ac9672ccdaa8,0.08834440712473268,29.72
83725f1e419e5df396b8f5c142f4af27ce5ce66f73fef494cf71d7f172ab3405,0.08827991670178138,29.71
611484ac4e7f5d20c573ef1acdee11af4707e86c8b3484caf01e68e22f9135a7,0.08825578412244878,29.71
09fd7d5ebd452d217ce4770b4ef22a96dc6b45feed41f6610a02980bacc7420b,0.08829206156452368,29.71
41da30b61e7fe7d4bafc02cc44816d5952472d108f1057ae3ebb3e69de888177,0.08825680573108291,29.71
e3db98222f069ff854e0a015ecd8e3aa816362e4b47c3eb152a983296a8f339b,0.08825515989058727,29.71
13fb072aa21b60e53e79ecc7d38ccb75e78e5ce23fb3de504e59ca406386ebce,0.08819825670328071,29.7
6f96696c44a32dd895d8678a1b8d9a1dbe14b805467d42ccc78476d3a1118bea,0.08823690705170505,29.7
7fac7e457f8ac6b05f3cce00fecd2d47b8186560855f208f4ad5fd2fd7a47377,0.08822638861779054,29.7
34cf6c5de9cb40c8428607c1755a65c4efa2763668659cf63cc0f92d3d9a325d,0.08820776481369233,29.7
47a1f7fbecc2bf05060097c856d03746e25636d88edea3bbcc547968e38370eb,0.08820589006305282,29.7
ebb83aa3ed212d46c1714f804a0d0a8054085ca8fed9ef3aab955bebec854508,0.0882218314848092,29.7
2238ebd3a6aa91900e9773623eff7750956525d0f2117e549ef3a2ebb882a752,0.0881620193113439,29.69
23885fde302cfc8957e7ea96bc64a600bb86355d29ef4432a816dd5715fcb3ac,0.08812074892663857,29.69
c8e9bd344e23399b40ae0242ebcb30736abd0b2224a8f34e691995f77b0ed904,0.08813939478954183,29.69
520d9767a8ea6cbb61201f6907e8828e91deeabb466a6fb2f0b7d8fd636026c1,0.08815494099635256,29.69
4e33634f1d85069cd28efef69e2970ae3e339b8f6a4b1915405a7f00cec6bbd9,0.08815187377872848,29.69
14ceb83fe7cc15c25903dcfc8a3f509616ae202b99c4f25e872fb4eed68c62ae,0.08807033691408982,29.68
6acba925cbe5eb6b00cf70fe46dcc09c53da50a8524cd1cdabd4d71bcb6b7657,0.08811266880473465,29.68
de3ff03c35e97ad354fae546595cc2ce2ede21ca30f8f5957c27ccbc70ebe11f,0.08801445409518345,29.67
3fedd44e36a07066149f9979e404d48be3ae36bee91699a5bba1efcdb88eb34d,0.0880251166017195,29.67
a73ef557494900e09ab62a380ee4dc732729f7e003f9ca6f0712c1d259320a7d,0.08804851034077192,29.67
5c187acedffd67f4e31acbaa74ea6f54449bfecf31f54ffbf10d47cfab41dd8f,0.0880249550868228,29.67
e9ab5fd0f2b94e8cbabf34bad3c1bcd268ace8df3d7450e9616bb334b6f9cffc,0.08800171052782733,29.67
55ba2ee5c336180a5d1052e9c7f9f3273f0b1d67afb2b7381e5a36673b867ac1,0.08802118464843663,29.67
7d03369a7739477d508786d70638c8a1e14dbfdf05bb19b2d2ef5e8b64249b6f,0.0880264464097935,29.67
b81ca95a3d8d845ec47fde4e103bb547eeb7744f92f058bece75285cde497676,0.08796057778517646,29.66
bbe8ea4ee77d526e93ce4b5c261f942dcb112807854f33506cba41cf1c3c23a9,0.08797936852829219,29.66
19fc562e796c443b94a2cf974f2f8be9fa0db871dcd0a5444c876842ecafc920,0.08799917645546194,29.66
29548932f9c365901cecee12788615056dbff761605cb1027bf256968be81c1c,0.08800067713519559,29.66
478ac917b9800d18657459f62f3da4f89dc8cac1e6028e3f9c66d2532106c7a0,0.08797247644686391,29.66
4cfdf39c49f21d0b4ab7b80c905445ae7a2305e147278c4c5d27564fad5194c8,0.08798790445872372,29.66
080be8922b6d586afb161facae06bde28b4dd1bb6c8ca1ad21e4d69727539960,0.08793205729805345,29.65
0ad396d14727d4c9038d54f3b4e3bf0439900acd2c366ff6fafa5f1d43d85152,0.08793603251490226,29.65
467fdc46b60ddc9f2cd981f6e18542100ea6de494e9f29da31aa70eb47d3864f,0.08789485665257782,29.65
f4a4f14ec4063578b0ade5462c374f6da2c0a50f943c4fda1725d2b33a08b50a,0.0879086761285813,29.65
7e25bd9e586e2d6196ebf13456f8f850c1b03a0781c2fd4f8cbdd96c4260c09b,0.08790095626309452,29.65
4815a18caf615acc510d8d85213527f48e0ce67c1a8d13b44247316efc790204,0.08778811320258825,29.63
e82d1319b49a0f383788f8fe1439b22e4e79b4bf181d076e05f2fd39d08cc26c,0.08780707151309369,29.63
dd92a5e702e61f2b03f12a530f4f4a07986b5743a716ff036b8be9b2f5ed24d8,0.08779752627054149,29.63
6e5aab546555fbd12512fdc6253dd9f2375121beff804271d67628697864805b,0.08776184113626119,29.62
3720343e8b59c4203945b567aaac554de7f1ce1d75cbc53bf47b2e14fa18e9dc,0.08769551773035139,29.61
0f9f9996ba74038a0e274a1d33810a00ec53b7f4a9b1e542823f3c77d7752715,0.08761184659683142,29.6
5e24ef3582eb07c611c70c998a6a635d4ff383ea960dd58a88b65dbd0617f67c,0.08756158384648578,29.59
fe5bde77e00ee0166ca2c4229ceabdc26250619e9f18af793dbd7d9498a33fbd,0.08757077180937994,29.59
08131b8c52edb88cc32207deda88d1c3a42f6c0cfabcf18e13645547e69f886d,0.0875806035889805,29.59
5b34c464f9b542a09bea307bf5b7fac1e8233c4f5e0524a895842b84c81d33d0,0.0874968552809989,29.58
f46c201df8167db730842cff0b245d4f3d1555bc60c64140e41f10d43246b19b,0.08748317115578752,29.58
08c23a285ddb1dd337fa62a3bb1cbdca9e6fa2e118127b2547fffc63658bb7ba,0.08748857641617835,29.58
595bf54d7c47c622ca9baf5a128eb3afb92c4d34183ebc7a2f6661385e474d5d,0.08741955694080307,29.57
4d4a970f43fc47c0c110afa9061d66d8f4ed537780232cda193f86a72ac64c7e,0.08745442971176062,29.57
2d0acc64e0db95a85dd0bf0dc81e0e21981b6fe90e912f63980297a25d9aa54a,0.08741213479884628,29.57
0c64e8c223dd0828c4c34c62de1bdb7bfbae074a31723c27a359e43c3a37145a,0.08735931812428141,29.56
3acd86152c62f5aa9206b9b904c629b27fb699d73dd0b2541e718f7b5f7dd4f4,0.08734310971514932,29.55
264549b521c422ecc0877e5d9fbe7558aa8af4f2045cb8fcec4414ccb8818949,0.08723862828019067,29.54
779749441ad6c9124317ccc7227e6d34c4601dab55e6b964eb2c5c561c74f00a,0.08726474852010938,29.54
25d4a77cea662c3ca1c50d64bab7794827405abf08e9e6e9bed9aab0bac6cbdd,0.08722155947397679,29.53
fdb13d26f5551649cd1714915cbc5963be7efdee6fbe9b466e1edf94a8cb8a30,0.08717571276755784,29.53
27dd6473c63c75c479da76de338fd65cc13d7787b45a3cc2da0e064ec8d7664a,0.08721861303504076,29.53
8b89a52890cb77a238b0f5bc697dfca35a8533abf55d6799ab86066db7ea208a,0.08721506525787776,29.53
4a8d46d10864169a0390e793a03272c47d91b4b86d5d5b71fc336b657a4225bb,0.08713572422129501,29.52
17f3584a87ebe025e24c00b9d15089b228dcaec6df9bd18f7d8eed122ebf8efc,0.08715227273971166,29.52
440210ffcaf826f03d0ae58e9d49cd284194f730cb3fa4df5b0cfefe73481dbc,0.08705490352012493,29.51
5d48255fe3dc9fba94914c85f3194b0dc0506efee5845b4562b707fdafbadc1f,0.08705841739096411,29.51
b10e7a49fb618c93cbcd925d11d387d964a7711b30bf01f67605b000c1ee5bcb,0.08705134743227387,29.5
4473a2bce3c057966105fc33452e55ea5be01c840ec37f8948edc6bddd8d573c,0.08693758509233888,29.49
a814fe9baca253828874ba2e60a39cf64758f513127551cf8bf07cbacb940dab,0.08695249901099764,29.49
063ac9a678fd4ea25dce6e3d745682ab8b44b10320ec59511bf37357c05ca15e,0.08697978340256278,29.49
54f53bc082c22b03230e548a395b2688312c0c6c8f9ac05c4e5f1566be50d8bc,0.08687772827821999,29.48
ab0af59d8c0eab3cddd337b4de871ecf6e719e0d3891a9b3e61fd1522b95087a,0.08690389325078751,29.48
2984002a0bc35632aa54813d87ce754bddcf835977a9621925e220ca2d4df4e6,0.08689776180525462,29.48
6b1b447679adb05aee3aa0d14333e8a07bb9ae52d0e7b599a6f485f2196571f5,0.08691118449508846,29.48
50860b21ce849ef2b6d62a7576ea182019ed63bb13a0b10d954c9dbf8bcda17e,0.08693476601935765,29.48
d3ad77a623289e348e2da1c7500d9a3181be30cf7c2125fd21f0688c306a9410,0.08686301417066794,29.47
54c88e80906b022b9b31715e898768808cd15d6074c80bbd58f3a3b9ac339951,0.08681862785440227,29.47
96eff503f461a6b4c54922a7ec3322b194b54fa3143ae231afe6f2829c21a105,0.0867688780470211,29.46
b0051303cc4cfeee795cbb99301b116000f905238f7851ba1e914e9284d882f6,0.08679366124213683,29.46
ccd406b7b7a8d77ec92b6925eb1631358ea399f52d068a583ae787593d831fbe,0.08681304556237698,29.46
06df0700b6b3dde178413cc5b5019acf7c2929b39840233675a9488777b1e4a8,0.08676392113955492,29.46
dfadd3885f4ca0b1c99e03b673eec3dfa5a1b70782d033c1a579ec8af700329c,0.08680662321125217,29.46
da950dac9bb4b4585db78b42c2c95862f80950379b9ca03411a40461939c04d5,0.08677075507153564,29.46
0efca12b99ba6d87863c6dde9cd7a6e70f2238c92bab07c0347cc2b9459d764b,0.0867845699411207,29.46
84b907dcd68ef0b974c561094b299fcbf48f2630f637fd62ec86c22a88aadbe0,0.0866453819998371,29.44
6db58d60bbf930d7d308ba58e5a68a41a34b1a34efb4471c6f13c422ff8e6cbd,0.08666025255893414,29.44
2620d33877cf135eeef7184a56716ea52679d851c9f6152634175870d85bd560,0.08663141402761285,29.43
9bbaec21fa42ee60bc392ce948650ae14d4d0872fcae206b3deccbd4cce35c78,0.08663437456913048,29.43
e7ac6b0ffc107551edeaf602cdc94f7291eb40aad6527ad17e8193155e13d377,0.08655499819579442,29.42
47ee1ec63de90078bba1a736df63b1d40a4f634442b2b187c12a363c9e7b9f93,0.08653510123873731,29.42
a1637bd11e672cb689cba790c0f478d1382bec1c33d3aabe63ce7ee3073f95dd,0.08652203057319652,29.41
c1f28cca9b0dc4a952474b838759820c514d7aec6ab0e81429bf5942a9042f82,0.08648484927135143,29.41
5685ba727bf0c4c4215d87490d9b8abc0cfb6d019bc93cc8b1cb6bd3c35bec03,0.08649984707810936,29.41
4cf7de0e27785f67e4ccb7e81e3c0f051673ab872579125bc14100e2abe7a422,0.08650261604848737,29.41
19570286de8cc14e5fd6c0105256a5e5cb304dd69dfe374734fe1b8d8e65bd6c,0.08652245782797888,29.41
c4e1db3cd2951b69324b00b132b1c9fac776b586431e47f2387bdd1bfc11102f,0.08645537438544268,29.4
e9333b071afdf75bf1285d118af739044efa5d7fd57da7836d210011fd954272,0.08639518324830733,29.39
915ffb56b916bb80f6523baed0d91b0a19c9b1337fc35265fa473d5e890917d7,0.08638640700025223,29.39
78756501efbd03c347070fcee18a663ab3b7dad053bb42278cb4d2eae8b1d959,0.08630726253890363,29.38
d905fba0b7555e5fb86e6c2e02c5e1abbc340455d4c294498de02a3f674c4fcf,0.08632807446633742,29.38
9dce3f5b27b3104d18f320d3e1e20c7438c4c659b4c8512cb2ffd7a0b98869cd,0.08629189985048466,29.38
1232c6fa86dd0c7759825b3699bf3d5e5e237cebcdf150b6841034ff680a37d5,0.08628131857165278,29.37
12d9a4661e61734c04d0928c20d127458b3775a378c67523000969fae0c5ec5e,0.08623021603141519,29.36
717c74ac6f1154eb1b78ce3a0c1c163514081e0cec8d2cdfb1cd0e9ea3ad8a13,0.08622931253758916,29.36
76c8a676994328b99a2205f673000d49f06852f3c4f86e58a1a9753b50de7071,0.08613087227725112,29.35
91a1e58fd3dc59fce5ac4a6197cb2a7efc58fce8710c5013172126c93ff4b484,0.0860610994643746,29.34
8cbc7d817a01c5dfb2278abab1c3b9e5045bf5f53420dd2cfa21aa35a8e4bafa,0.08605702643353447,29.34
eeac11591822e2072efac97dadc225dc7941e2e2efbbe550f50013f929854256,0.08607163599611059,29.34
b08e9bed0002be4c80e0a3044fa289b6895f3cd546b96e11758c7251c15206d7,0.08607579298429818,29.34
e69754fef16fbf1cef4605f6f09aed68ee65bfd4ffcbb6ea39e77e16e9b506b0,0.08607603843942385,29.34
c4d5f0ca7b7d753b90d41dde7daf81e74377f4d94daaa2d271ca448c906b7f3d,0.0860371533391707,29.33
99bee6601055a450bd4b52ae0875bf5f3ffdf9a84cff184fe4b839e50c8600c6,0.08601654795603332,29.33
0a5274629cbb517a983957d1faf2d16ffa2eea4a0d0d8f898738596c9500b90c,0.08604267367570285,29.33
9edecc43eea1e694b0c0a3733e75946d9f2acf8fb76590d0e800105a520eb951,0.08603876166582675,29.33
ff87ca7fd2ca7d6bacd6400a655012a43ce5da1df84d2d1a4d92eb08bd068bed,0.0860525879947238,29.33
3e598e6fea52809c9aeebc57f83d3c2befd7ed088a51980461400123b385bb7b,0.08601153008368799,29.33
c2c8d724f2dfc7928ba855cf62d897b236ad348dcf911d00cde0e9e72d17ac33,0.08596091918751401,29.32
30a9e30032c9297ad7266519250d1c9b6d7372af2af283a57302c72b6cc61228,0.08590275505726228,29.31
a89c9ba2ef4589f637f428e58e09ee057459fd032f9b3a47c13dc82b46a65037,0.08592112682329617,29.31
6b8e89dd90601fddf1cc6d894feb005edb82a870b0166392b3f2da4f5e4cc29b,0.08593245838607272,29.31
b0b351648ad45de1827e28fb588c67a1e14054c9c1273cd478991e5881d5ee53,0.08590805729746372,29.31
242458b01a3c9aa68c50c8c991ee16ba79139d657eea2901f095c3182965d15d,0.08579999831749827,29.29
195a8309f390535da0a8180286cf0567a9480118a5d95b98d3ca9aeaed8fd6a9,0.08570346317426651,29.28
595522761517d45fd6646cb8142e51364d5481a17b508adb247b945a3a9b7c18,0.08574229915270026,29.28
b668106accfd845577399704dff25763009c01d4597f5c3451eaed2ce898aa6b,0.08573832026392468,29.28
43eea49781a8626ac681587f13f8d023d4f60e0079c0ef141973e5c1fab59648,0.08570249904660543,29.27
304793be8aa0ddd6f776bb48e4965d349fbf317ed780ced3cceeeb4c80c926c3,0.08568632632753287,29.27
6e6c9f50daa09dcf0bb2be8bf2c10a82b692f9b276e9e476259fb6b63e07e700,0.08557156857155453,29.25
611171106c6379875d73cedd57eaa15df3e3f3ddc4a2f4960cee81edc6fdd364,0.08554909220328734,29.25
15868e12db2b08789adc9f82d455ddd21e262449b7574adf26fdd02ef0598654,0.0855504254929163,29.25
a0bd1c992e64062b1710d9a7408b61f420ea82c519ace8d1b0040f4b0c1169de,0.0855299257834123,29.25
60eb9a95e035cdd16e25bd7a09a3076bd37317ce17e5eac1da551f2cbce1b7c3,0.08549137861202735,29.24
0abf5c2e11c6c4b606494d1f38c50bb6673ae4d2cdfe2b28a95ee0bb0236c3d8,0.08542545471858094,29.23
39395df5894448fe4de9738803133cc4ca49878ac5148e0178ee8e1456122eec,0.08539097533894185,29.22
a92a581403541523d105c423e2da0de6b1d8ea3dc223d0b9a5367bfaf81f0c54,0.08531725857065144,29.21
59fc91c4895aac6a2269c6663ae8258cb7ede7ac933ef4cad2e53f5bfdc927c0,0.08528438436779591,29.2
94eaf9d64ceec58992f1a87d1436d4fb6e8b85b04ac70b6a952a44d2503aa519,0.08527811955254584,29.2
9e29fd7fb34db28b0dd46d21f64a298596d3f298c358f8bfab5dbabfb3ee61e7,0.08521017881326402,29.19
998a9ab3a43a28979cd58c8324706c0d3063f0d8740cc164a9d373c842b91cbf,0.08518538279099604,29.19
edd580c43617185dacc313666df2ebcccf79ff0d2f421883e4bb14cba3f35698,0.0851809279048319,29.19
eb67462ca724f4e6c0343c1d92115255184526ada367a8fa23a124257fba64c3,0.08517308827451409,29.18
e861776547a9a40c4c866e0b4fee59bcc2a0c360cbde182635997996dd491488,0.08515013783025825,29.18
a8f4a8986b9adba50817c317de77f7458653d9f250b0212d84a50f13260de9da,0.0851248924542725,29.18
3e0df1eb0a490e6799e28be2002f6066832d6848418d24589f44eb4a45085b7a,0.08512774814017549,29.18
91699c199c840bb63e2fbaf0c34069a75e2f0ab7abb45c67607ae924fae0b022,0.08513226123920237,29.18
85fe68a5b093d80cae62dcd9c0cd09bde6f0fc8b567447395ddc8575c848d8ea,0.0851069275746271,29.17
bdcf2fb4a9e8cf1a26808a1ba928db59c8a79a3ead9b0d88793686d074fe3867,0.08508809910992805,29.17
9e4b55657bab4210d056fb535b18d0a9717378ec16eaeec1e7436d27bbd8104d,0.08511660103990781,29.17
d7ddd0979502ab992ebd16d59ec825cc4fc9e787726438f7914cb4c19b9d69f2,0.0850795069168632,29.17
8410824c1cf800274cfc98a2699e85a703bd3311a0d7500c2a7889dc30bd36bc,0.08507942349571744,29.17
5db931e18c08aad1b9bebf93b40d74b56cadcd77ceee2da56b0b1ae7738e6e35,0.08500427623218927,29.16
5b7244230105d1e4bd1d27f1ded2a44a137160793354c86a5bdf813a3d2d9d54,0.08494921763889846,29.15
c2ee5273d44e2d46cf15d96a04718474f2eae35e91e73eb9633a154e83618041,0.08497321911988706,29.15
b693a79ea80dc247ff3d6ec7589ab23dfcb9b5c174bae0185ce9aa4fb3e529d3,0.08497025082668008,29.15
72dd19ae51d872ad64ba74241b496c97702f23cc5f278468d6993379cd1083d9,0.08498427228766628,29.15
7698bf2716d85e4fd93475d39aacdccf14b7fa528b7a3c5c95ea6a7236d9415d,0.08489383412275345,29.14
accac83115b2f3b75bdcd9eb9cd7884e3d2bb9cdb32e7b992b72460cf56f2ca7,0.08482774000429469,29.13
7cb334f78eaa0a49850f7ba686a6ed6ecb8b914904e2e8c4d58bef5e0d87a649,0.08483521499686107,29.13
b168300415687f827b11aef1b52f2d19342d67f7c7d1ce07374beda1c59fa2de,0.08480425777372926,29.12
5f9a4d98813cde17a8e37e431e61632d0f9c01708fc3d108effbb73ff165fa34,0.08480575038308091,29.12
3ce29903317b9a17e93643e793da458ace75426257e71293f734d957dbd27319,0.08479139574230937,29.12
942ebe2b541180f2e2310c8ba3def93a936addd6a38df3e1813c7dec6707d760,0.0848207182970197,29.12
1d2c5caeb0bc9b2824c6c2de26cec4ad42df1c06870df8a70df7dc9a0d741580,0.08477374196168741,29.12
6bc0e0b0adb090ce65444be8b79a666a1d8cd1c172f636b517fd09b0867c92b0,0.08475825279850445,29.11
fc141679882a6a3ca9aa621478a2d707377857e0bc214951d211876c81dd7b6f,0.08471972121211033,29.11
6d22b5ff1a37a48e729aae631bcd9d344fea1c56b9daaacd9ae71c827b821daa,0.08474451695008582,29.11
b13ad0e7c7032e771cae03770c8efa8b066e5e74ee70900132b2c0e753e2a16d,0.0847353330695853,29.11
c2a33882af40e18c4f39baba81627f93c891aa579350c7762dc76fa06b204636,0.08472229609657417,29.11
e025ed80973c8801c46d4720653a54e47736ca0bffce281f7caf9f152904f489,0.08475428546350308,29.11
056ea0cd870b43156d6582609905a3ccc11071df7ddf0e6a7c8bdb71f15f3818,0.08466068238947413,29.1
5f43ee3f5f33d0159b07cb09cad02c27d15996c633525645a5b11ec06c1d4c11,0.0846050390833232,29.09
2377d94b993a276567395c3ab9f804492e05a8d47c60b64f64d28dc88528d009,0.08465078934447687,29.09
a8a34beab02ab055c758a5387c8f4e6ed1d1a4771b9e7048bcad60f9e4797c4f,0.08464346503500673,29.09
a0e7410b925901b46550b1aa071bfdf796644b462dca173491e351a2a947348d,0.0846493417587262,29.09
d57684a4c97d8c9f97e1dcac9340450ad6a4bbfd248172cf6e68e172bca0e7d3,0.08463097876003295,29.09
346e6a33caff71d94c51a974b1039203d49412b3687aa818d682abe48cfbbcc3,0.08462359400320872,29.09
89f1a9e24308e6ea0d5654c7e8db05959d352791686ba475647a8706c8cb401e,0.08453784750816543,29.08
cd5c71ec45128d3ee9ae21fff51596bc3d874d0764bc521c110c2ba0cb1aa63f,0.0845499470759166,29.08
27bcecf4b9e841524180f8f884823605821d70876ed6e0aa1e124d89ff38100f,0.08454472859669401,29.08
946a14e9ad31cdd1a1dac3e2bcd61b75bf5eb66e9cc3e3cd3c7e7eda28e5faea,0.08457007075020707,29.08
996dc957e95b71cb6b89eb4e774822fa84f72e7841c49ff2e5b77d85ada9da84,0.08445451158958366,29.06
a4e79e9cdab1aac58f4b2cc4bfc91647b1197141c190aea6930a423e54b8c1cb,0.08438697733691418,29.05
34ff3b132f7c7260285fa8f8e5daa007ea495739d2f49e897f751900256c82bd,0.08436651206346996,29.05
cfa6ed4d7e905b6aa5df2a08731bd4605712fef2fc8f9771edfdf16db1560d04,0.08437227321516132,29.05
ad50b71c70794eaf323396cd6beab0c98dd13fb1ad7f2d6f6fdeb2216ae2d1fb,0.08438204767354973,29.05
2bd4a0067074c6df994de63ad1dc04d6c1a3388413f562f4806f257531f6658e,0.08431246947422823,29.04
c0966aa423f1fc80b5a096db8995d5c91265262d007cd8ace8bc95e962dd2b2e,0.08432948045317355,29.04
3dc479f9ca59573eb7390e0cf3ba4b87ecbccc5d5b98e558d240021cf75aa543,0.08435729192616524,29.04
918885b1b258da533c5a6bbdea1efc75df4ff82c261317840037a788128bcfe2,0.08429578891789691,29.03
d5be215df2567eb550449ff8bae2b2e6c5765b89306d979f1367a932a1e83527,0.08427277349722787,29.03
9587dd1b7d760c6ed020162d861f783b762cf99c78258ed10cc3f2f5867c9c4f,0.08420431038791555,29.02
42c78d1f65e0477bb07b2b717fa6aba4951c2b809a4987e59c3351fcf830f13c,0.08421682152392612,29.02
6f8fce5a82185ed18d6abbd0098da4b3eaad6ca0edba42fb524b78e58ec7c15e,0.08414849993566761,29.01
dd7f42cd9dfe53a57458fef9ef3ce347fd23e520888295904f531c6a93cc1a68,0.08413288947137615,29.01
5421e3e472ccbfe5eaff9782dc0fc6363bd80e6edc08cb2dfd67407a58f86e47,0.08414321710147271,29.01
7092e64a81fae170bdbdc3ecd29ae96cfd78144301f718ec65d9eb8866213018,0.08410768786737681,29.0
a1b939e8f3da8796d6799dcf541234472b20203d5a8e2d3fb567ae83c3743a2b,0.08410292639034271,29.0
3641dbce8350f0768978637961876c86e6a76a42ff45068dc2b1f060ecb0a665,0.0841063358551556,29.0
b422e51cc729384d4cc0455b11e1bc4138bfade49c4bb5fff8266cde46901369,0.08408587752028113,29.0
108c1483e0774b803f4b2f4f7f5cfea63702f00cdca83b0d87246a32680d149a,0.08408560789681094,29.0
e1350674aa20d414ceb361dac4b8ad842bc4ad269729879be1127784ccd072fa,0.084020484478813,28.99
a7bf2269a0097fbd86f454f9cac8f4e7725b64d493a384e0813cd24fd89d377d,0.08405910318461224,28.99
584b3e51d217bce23648ed92364fa4d55d0c1a1ead79218980f4c6f93621df7b,0.08402131640144436,28.99
2b006f79bd331d79135d911fb38379b7e4eb19af2d486e4dbbbade3d8164c302,0.08404929980399173,28.99
f361291109e62626b758a8b24c0ae43dae52886653b77abe96a9f3a4c0b5f4c6,0.08405627037030472,28.99
67ddbb8e08a37f97a663e2d3e130a46316f320ad7e5de83361af2228693005d3,0.08396063598134246,28.98
cd468756b05db242b93b965b760ec4733ebc91f60dbede86bb26958a37197e9a,0.08400611704415714,28.98
d24fba7b8d2970a963d4bccce0460fe1069cd2d0ffa68a67f980148aaedfeacc,0.08397287582024619,28.98
a5f6b202163f91c25a136a258313b95dcbc4e81b90693d6b1988b452c549072f,0.08397477389059026,28.98
e6c08d357390c3d06f05119ce707bba3f8356fcdb67b85743d9fe72266836981,0.08393915087758312,28.97
d49437abaea385c32278c4d2a321661c95b6b022fde77a457cfb61a55b814266,0.08391016216470679,28.97
79f12b52d61aa11e6b6ecc65e5c272a7db24b25552dd8e15a9bb70cfc82c0e5b,0.08390292634873665,28.97
f2d2cea719116b404a0867e7f2690b8bccaa3c5e70c558373d90bc75b46a5b5a,0.083931167569299,28.97
3452f6109ab3c82ff8ec012328850feb8c1148a42d3e666f8c4fa0fa6ea6247d,0.08389433818006381,28.96
9b30737fb52b7a6872607d64c788ed9799d832b41340bc14222e984e697463c9,0.08384451256074782,28.96
3b02fc0b895919e1b30c9c156c9680b88c9c39be99d69eba96dea8dc79420e2e,0.08386352962839286,28.96
b40923abe27f39e726649c74c3be628a58d3ed3177dd2b852c7ca2bbdf4bffd0,0.08380413523292482,28.95
c9043ae70514d4abe2691bbb5692e1d7c1a178b754f7dd21c14ee948e87b9c55,0.08380488734129968,28.95
8efd6985705757c1ca45835a23ebb26027c0caae39c4fdd6a14b023ac3c03f7e,0.0838154715445528,28.95
a30eb1137a97415ecf73de2e0e4183e583418faed58451d24b6f671c1ed8d28a,0.08381857490865961,28.95
ea6f8b1f3b793452ab905f7afb7805469bd692cd0f36e47957dae37bb6ecbb98,0.08375148597503339,28.94
048712ffc5312601bba6404682373b8d0bd9201d89bb56748bb31718d0e98598,0.08373664951448698,28.94
a7cb7dfa9b66c322ec1da0e88fccab157c6dbb37d3c8f52282621421a298c7ba,0.0837567261507735,28.94
507bf07b5e0240b1c6937f1e95d5bb7e7b9c2f0a61ed93113d38fedb4bade597,0.0837350035215925,28.94
9f52e82046f5827f6ba06010849c60ce50bf18be3a0a3a0e7de2977f86880ed5,0.08376900367070406,28.94
83cd0bbc2a66d1bbc6d788960521bee57e89725084c796d8275ec3cf5e4907c8,0.0837377069171691,28.94
ab30dd6f2f4af7a49ca143721ebb10615494a8b3df64c46b0e76a97b4b981cb7,0.08368728184455318,28.93
f780ebb49c1b7b1cc6b935cbd95b2c6e2042da08dbdca4ecc26f28ed9105dea7,0.08369943796619107,28.93
8e063ce840e3a6d79426f584ab945a8dc84085aa0035362497897f91be24e9b1,0.08368904962425333,28.93
f22dd4f4b8388001709a538fb9e5fb2c21e14110862a0b7bf9051110cd6b42a8,0.08362332229754318,28.92
8c2f8ee17f0b2011e83cfa6bc803407678d217a0cda030b5d27727770d945487,0.0836027305174402,28.91
7b6047625d8be731c40b6a579c932f08728222f6721e9f59951356c4cc22b24e,0.08358908655879523,28.91
3d8debbe441a3f92af8f9ae7caa8c09a08017f8086e686423229ed102b11c94b,0.08350307188495176,28.9
f40bef77bb74a18a03c2daab5be161f0c9e514810e8527c0a29d37e035466ef6,0.0834972581596499,28.9
d5e1b9c139914c954a6fafd587866345076531f672eda6bdc4637af7b58c2ce2,0.08343637394300682,28.89
42003947010d331b80a6e83b96bbb66c1aae1bf7c236e213b9fb08592bf319dd,0.08345544783390939,28.89
a591adb92930d9e1385bde2ba0eaf5fb4dedf0b6b30cc0166fe24657dc6bd3ce,0.0834715883112256,28.89
fa7e9d790a9a9059844940d1da1fde16989aae1821a4de89fe643ac33956f7b3,0.08339911242232036,28.88
e346070f17e0f9e563a5f25b942211d5ef98a92d1d71108467d41fe49f9c1a90,0.0834144212662423,28.88
6805459148cc6b9b0244b7e5fd8de76694efe543a0955452adfe1bfb82de713c,0.08339169150253492,28.88
3cf0feda7348da683dc361a1410c47371c90d73d266034f0c0d79f6857ff4b0c,0.08341381662526107,28.88
be79a0d3e7eece2c52e8705222074babbfc27b42979fd923036ded35d7a8f718,0.08340065428978,28.88
3d49ab41bf201cb980b970d7a22b1790fb07d4f342e4812e101139fdc939c219,0.08332025451826976,28.87
8229b920cb2fa8f883afad930c560ff766173ea7650ecc4c778a0c9ed17e895e,0.08332533850370626,28.87
d9e9f6551d6bbb4725970bf96aa219b8e081ea1d16964208d4bb87980b3385a2,0.08327638004314963,28.86
e69d67441189cb65d2f2d4b8687d74babbb0100e19cf8763cb93a038e002d6a7,0.0832602949967023,28.85
3e235a0c6ee3a6f42e4f901ee990e6140a3ce75959940c55dafd6119fb1b0592,0.08321653175216265,28.85
32905f3c29cbd3246738ffafd38f8e586d775893ac05e80dc9a693214c388062,0.08318193327068533,28.84
9724ed3144db565250e2588374d1ab97ef4bd3746ea1ff7dc6633f43c60653f7,0.08318693204946265,28.84
8100b4ddc65e2e59b4981d818442f1f08637a8bd83d0b1fae0ff7ce60621b026,0.08313135863156651,28.83
fbbfd41bbc832a01cb65d0e72c5be95f360e457e2973175051239bce39dfa6bd,0.0831374509051816,28.83
9cffe1dcfffb740742779a9d9b7fca3f0f3c0c4d8bd5af0145a7d4b30f9c19f8,0.08309849611482939,28.83
02d0930c67c306f04685e53e7e811a37c9c678f5b94d4b37097ea0baebdb1ee9,0.08307702107580309,28.82
ef84538a18f5d55ddf8b0fe89f9ac22780b4a5bf635de73e5b6b3ad43cf463ce,0.08307755138960918,28.82
2a4c7ec3d9b8e157a5afa55ed4e0f858326bb087e446a13858de7c10adaf83c7,0.08297044946161894,28.8
b644eecbbc5f8f7bd1637952bff8c65bce97d899b2503a36f679f84782c646a9,0.08286996398817516,28.79
acc1e5da8c93fe07e6e4d8cbf4bdeae5a9ac422c85f2eee8e9b7afcd22310bc7,0.08291011553367468,28.79
33902091f5fb1908213c06dbd05e6732969b837b51582c4657670b110562fff4,0.08289572013493553,28.79
ab061909821142bf8e3a23bc99240136fe83a89892692e1b5c59e72776167a96,0.08283584026041843,28.78
cdb35b2ee381c274d3577e86552a3a086cb09e28070240d1497f5d90d1a3e524,0.08282704046564644,28.78
d382d697b0ba7997e271fc2a2da32778a8ac0ae5095f8ef392cf3120004660dc,0.08276569390358728,28.77
ed648240319fb1e71b4449f161b0b3a4cdb979e04dc93970cd8d2404ea70e53c,0.08277279400883981,28.77
0943f96cdb2edad3110503d6e1647d8977000c3a90a626274e33aa26af52a78b,0.08270619747437097,28.76
dfa0c987315cce2a59fa9245e34c78639655488579a9cb290f9f628026c86051,0.08265137813178136,28.75
6ea5de13b8ed7f69cdcbf54670ed5d13e01bf6f34d17ad3af5c78acb93a6656d,0.08266423517281188,28.75
75aeab1b2861145e458c2cbb686300ba965b49c5797eb269f99007cd0a365056,0.08265606781580365,28.75
72893001a1f04900506b6fd867e27e9f00860f84ae15395342bddc86b6f9bc5d,0.08259352860278898,28.74
2d2a385cae51a492672239c556e2f286a8f6ca375ee82c8063b49387b067f4b1,0.08261220909698842,28.74
779407a35173de608b08ca5e58c89fde511fe0148c13853f87d236886e0dfd6d,0.0825843047023689,28.74
188f322a6000bdca7f4c355e664575ae9fc779525623dd1c8eddafd7929148d0,0.08258065419167362,28.74
d89ceb9bed10ac6bad43c370a072cf81621e939173af8e2a018ee3ce90239513,0.08262402223084062,28.74
983439b48ed42377f15c8a487f4acd977593150c43f604576e0a434fb50a3408,0.08250658257054576,28.72
7f1f6151ba7c37ad9a7fef340fb26db3a472b960335e1fbd6cf73052b4e8ab80,0.0825052150437261,28.72
7486be3556e30d0deebe25507a3ea80ccf69ddf5da1ecce6e9a8297ff55432d5,0.08241789671817205,28.71
505ff60c675bb255eaac88ed4b7bfe9c6cf70bc2ed37941d1ebfe9f209280520,0.08236416192085816,28.7
87513a2d01471665f07370f24883214fbc116de3a1a62924e0a23fe670aaa909,0.08237268765664219,28.7
695061de121d8256630e9767777b17b14ebb1a7ceaf0d67f204dcd490f954279,0.08238630029847957,28.7
7ddb359f9ddfbc893b9e56508b45dbb25bc6aba8dfd61f485b214fa716508dfc,0.08236520388717937,28.7
3d134434cec428d115976b6485ae2168b0d403953394a62eff5f31eda12cc401,0.0823257335722754,28.69
0f129bb4323e589362c9b950213e80d7bd608780e287b4e5af4396b92bb8364d,0.08229313626091411,28.69
f40f191cd78170de032586f9964915feea7c918ccd555cc1852b9b510d428933,0.08224684599178685,28.68
afc381f6295b31d783f51e01ce5794dd6927e3743597a543348ba6b995aabc53,0.08224672752662546,28.68
685b71e7971f90c14b472c9359ceaf5928db6f3841fad2ef1a50a2d195d8940e,0.08213627869150696,28.66
86e999cf6c6e6993e7d4fb04360f4ce7dc2b9d1396e002e630fa8a66ae507eb9,0.08216770530803175,28.66
fb7fe725e4192963cebf3e7d4025a7443c44bb96ea6a839fea17b1e2b1344a27,0.08210077144592709,28.65
28873665548ed98374ba4e2e2b750aaa888afce9c0a0c79d0e3de20311b6bece,0.08210998359571352,28.65
0a50c22eb98fba4ce896c3c4b42a2cb857cc8a4127f8064bc502b73b6266591d,0.08210365291476433,28.65
07bb7942e1840a8868490bf8f496447f85358f99630025c2a21169c49441d731,0.08209124276279034,28.65
1ae28a77417380ecf6c079f8fdf227953faadd9baa8078b6f9e7ee0263c8b4de,0.08208713862363336,28.65
06c884a1f724067c64f18c4f365fae12d0ab99a546f112f7b9fcbdee9cc1cd36,0.0820636033063699,28.65
ba5b96e7d595f95e7a253dfd01b9af2dc9249b4f1b20a1ca01f86261f319248e,0.08203357482007995,28.64
88034594ca522e201f73f3fed36ee2ce85a0bdbaaa52962df5365323274e58de,0.0820144356469321,28.64
f00519160d17747320188d8e073f56c35ee081794dd41ec40bf271f0cb8b997c,0.08201610379564009,28.64
928a8fa6b5cfb7e4cdc767510bfd11f201db8503f845f4d20c0bccf081435e04,0.08194989875087194,28.63
cb19213ff5930e8ec0aafcde06abbc15958ba34c03a6756c0d84962545072a27,0.08188123640787812,28.61
290252c9ecbbd97f60abc0d87c59bb1bccb1bd34a7ed670873bf2491643a17a5,0.08182939611890942,28.61
9a75cfa3a4b0fde03fbceb4aeb0a143426e9f19eb1ef25d9b51ebf937e8d363e,0.0818165706895999,28.6
f46c90a69609a0fe1368a24267c027aa181d1613cac2b92dc63141c8320a7351,0.08179195567515724,28.6
fbbda4b5a8879018a8167c15c6ee7377aff8d180329a4645343aecfc4136f250,0.08174311524446262,28.59
aaeb224b4910b63e61b0d1e22942993a5d1f3080bb93a14a9e2c33ddb969bc7c,0.08176503213939101,28.59
8b550b61b5752340f257eadac149a193cd7e7acb1068e0ac96f045c4033ed563,0.08176055439657866,28.59
958c60429761ebab18613c6f605d3c04aa56ecf01ba3b07a7339aeece2a41acf,0.08165488848589822,28.58
d184f51503222dfd71539825c44e143d8daa0f79f05ceed14dde69a1046f70d2,0.08169973530502897,28.58
5e032bd4e74d9a2b4075db29f8f41702c36c2268a11859057af203a3aca6e329,0.08165902502876053,28.58
21d65d05cdd355b5c0c83b9094dd3c4935d51d780c7a119eb0eaa477092607f0,0.08164242327139336,28.57
4c3495766065f835f9ed875d95d346474614991fe14c26a090d43c96d46d5c15,0.08163078838319214,28.57
4ea06d6714d7a0d589d7e05f2a17c2512a0cbcffafcae936531c8af366bc7e67,0.08162134437892327,28.57
1ffccc8852e8fc3bc93aaca1b54819278c3e7e40ac38c59bcef37f57e8689446,0.08160529998633254,28.57
7d63059d593ccc29654bd6304426bb24095a30e21f8c62597f0cb7ee69a54bc2,0.08154001564376961,28.56
5233246c65b8fec17c59c6a89fa851f3664658b865aa7807a7cf4cedb7250d90,0.08148766071215227,28.55
2f7fbf0841ca12425f6cc38782005f4c3cc50f027251d2143f80d1df7297d943,0.08151283439970959,28.55
a758af6fca6bd077792ec16a2c6a63ee350729d369efbb12d878e17382722def,0.08152358736493923,28.55
10601e4173df73c405e67dcdda6355550002ff577aa54f25fe336541bd273d48,0.08151294009155625,28.55
94b617454adbd8e99e84d1353ef373601e8e149fba1f8ae607d059bf333b9f15,0.08139601756439027,28.53
4a195ff95ee3337ece98e5484565ee561060b08ec49cba3a87db9f54ea4796bb,0.08137388339050979,28.53
78d9d03e00a214921bd26e27e3d13f7998beea701b9b08057c67ff471c81e002,0.08139887126090999,28.53
033b59884c9097078f783a562e686ce0cd39013f2f166346af25dbc6b4afc66b,0.08138880913491833,28.53
797c5f7a4cc78e688da086030d765b2ddd19677277d635a89b3cf2a0a5e875e7,0.08133456964577004,28.52
c0cd6b2abde7879789c2da32f223bbb2592bb6e3a5e78893036d5ec26a959507,0.0813215649377509,28.52
536c7ddd2982ba2a88c657b9eee253f65e00752def81268b8f34fb1a1af1d350,0.081354649243848,28.52
9a086928343fc8e8aaa2d60a789eef2a19c86f17008031e3cfdfe88794027baa,0.08133675713855842,28.52
d46c69c29756cb745b4b571359e3fa2711ba8996c49ba9db5870c2f3871ff9c7,0.0812707380787915,28.51
e99dc348f5c583c3242f8ab3112bd4e2fec0efc5886e150de24e9ad1ac51207f,0.08130022815520778,28.51
1ce6602b29f5a73461453befaba75840b1236175a7c0ac60f555fdec4a0b0cf0,0.0812919014478104,28.51
35147852044c4574b2a5def1b66bb60b090827dd3ec0b7070897c311a21a9ca8,0.08127568941474358,28.51
f7a9472b2cfe886fd03e671354bfdb749ca386a5ee415cb013c7ca45ff7405a6,0.08120592962259571,28.5
f6d7f5c3bd725a759879ce4f3b7586c547be998be6cdec4b2fa070378ce1da6f,0.08124945433376986,28.5
2874abdb5a86a92b7bb480308da52674d36a6edf142cf58670fedf30d9f866b0,0.08118752688337981,28.49
0bb1c9d7c999d5933874fcdec4986e60c6c721dd79b809b2a7fd5e0ce77f7292,0.0811677322465235,28.49
4204629397e06c141c97422f4a2cbb261ff506438199e3f27fdcfb5693497657,0.08114668771176255,28.49
fd2faf29b9e6f07d5ff603b8ad653b7d2f7aa3b4c486e1c5f6fee419227341b5,0.08114871102399772,28.49
d73deb5524a8c914d4456e0b6fe0c481d93f26a4577986796c934ddd96cfeef5,0.08119052950603582,28.49
84b3354e17690a79d51c76a1386bbad9e3b5f8b3c3d4823ea74428227db9424d,0.08109451990385055,28.48
f065a821a52f246eb6ae45f20342ed2afc3faaa8521ef735eaf7171f746d6044,0.08108665728356591,28.48
5ef0c48f6b06be51964a1e6274748fcaf2b9ef95c56d5579c156595428c444cc,0.08108388280418298,28.48
4a3c790059b47f9f2d0cdf0a08ef3ec6761660c942895f5dec5bda9a529ae082,0.08108144756446499,28.47
cc22b1fe65f4be88d724136ce2a7cf88efe921bc3c977001afd6613fd822a95c,0.08106011829874366,28.47
cb07ee25e248d93eab2eaaeda3830c341e858c0834d10a947efe3830137e63a3,0.08101137308121245,28.46
d9383212002b27361f0582cc2d552e131ca624d0ae0d5398ae7fc0b732e881cd,0.08101641944466038,28.46
e1f7a21652f710731026a48c2abee3e31d1d5c3e91f5339cf5208d863af4eae9,0.08100785145705348,28.46
7d65ca605e7b9af5fb61a6f47694c7d2cd02a1efd0f58a4b09744b676e01633c,0.08091433263400744,28.45
a359ae874efd482442e0654b8b8d2ab05547e03dfef6c585173a7ffed8b246a1,0.08096341210276364,28.45
8be38a87eee4e557e94cb25547cdb34c5859b1ab8d12652c2daf7de587a19d8c,0.0809477519651038,28.45
4476a169670b841a1160c9b5a205e2a37b662bd403e878590b075389f106d479,0.08094922286871115,28.45
88077e1e19b70af5040f02c09ebcb3d33037d9a756a1bb71648227e45610306f,0.08094791274896354,28.45
ae74ffd09374211fd0d93eadef1bc69ca975f5ebb757dd44d9fb3cd7b44ee887,0.08088139538037434,28.44
04188b748905190bb51c411a59f04dd445e2ee2afd32d86816d0d34b0cc73471,0.08085643489520582,28.44
2aede85dbdfff93792aaa617ebb95f9fb0a8d410a29efb7b06f55e510bfd5620,0.0808692929172942,28.44
267750a072d6bc8f8817ac0bdcff0afb82f024969ef4b0c1ed0a83e59106675a,0.08087615295475911,28.44
0a04abde304699adc6d42b4628d5c03b78a675a90742f39ebcab089540f2f727,0.08085191737008436,28.43
ee4818065c519fd561c69f12e067ac9c9c7e27460dbeaff55da7ce87ad5968c8,0.0808391879144303,28.43
b5e2e7c853c2947abd761bed7fe8f1bcfb2b64e75c8dfecea672f79e63bbf66d,0.0808108772069283,28.43
0b79368ec1195830b25a030c51fa98d1262d2b6066b1397664610ccabcf8e20b,0.08075942732659072,28.42
7e37749a43a9e1d7565872cab4e1e676ba85398ca6b46160ab01062f34ceeb56,0.0807606734589427,28.42
7bf3fd62beb0ea6bc4f831a91fb2dff34191ec997720ef1988e06a2c4d9b0ed2,0.08072694165311464,28.41
35fd355e8eebe82ab8087928d3c60fbc1906201a86e60a0f13126efb1a3b0ecc,0.08069227124312343,28.41
7324579ed27c2cdb0603b360fde1d8f306d76df1bc8e666879a4f061b5019c7e,0.08070407811549557,28.41
4e02c4f9fbe387fc6abfefa75c4413d8c470c594c6192e7f55577e720781f80f,0.08063022707003173,28.4
a80c99c935087e5e48a3e22d88ec41ee9b4606d9d12d89bc5658ce674ecc84f0,0.08067276113724263,28.4
af95d61bb3232e21742fd2d0d7e871aaaf4bdef9949ac747c962336a99f537ed,0.08064953513562831,28.4
60b74536496dcbe5255573cb9fdb0e5c319d828624d09e13f62e8e8c872a39c2,0.0806693342295127,28.4
47df071304d739048020c7ffcf752234d1200ddfcd9a078b07864f43cb625b80,0.08060224217442695,28.39
ebf115ca12b53970a7f5d27eae8bb9b56a5b45545d2591a68b585c0187075156,0.08062372903953496,28.39
50b9165f9c2772bd32017a8056c639ff4fa0539f1a434edf6c901e9c2787f309,0.08060419345276527,28.39
73b265de46262a2373557ab5a6ee1601260b03409e9c180ff1853cc01a2eecea,0.08057508705204214,28.39
8667f26d4cd970b9f81699c6c2e2da0d831e1d181e7f1b9d720e2457f4844edb,0.08056173912953499,28.38
a5bd73355068f3b0066efaae7034f2df5b5fd20016f2531204757e84b5a101a4,0.08052031018986533,28.38
ed7617f1d005f3f48204ad5ab8b66ba579f7ec4044717b9fff44cdf4f3a19248,0.08047672481742672,28.37
b2b3ad68a5074f2037e4184a098577fb16a46d6734e5b6e650b4bf570180dccf,0.08049965855376331,28.37
50fb8c65ab02baf044000d87470eb6c775a32ad7c426b5c9d32956b6fa6768f5,0.080459803620343,28.37
964c982cd289bac0e5aeac4229ed2edd9502157250d002cfdb4b95df159de5da,0.08048908234172314,28.37
d15499c69ef415fbd7640eabfca9c1f273e42c39579b4665167a66d572bb43b5,0.08044983901923713,28.36
06d9682b40290d9e8ae4825065af289a688f7e4796245be9021e13c56486963a,0.08042237316873056,28.36
39afe7c82e6f0741598dca0d0ec68d2a394b44e91dee19c12bc7facc2fe3a4fb,0.08043116245050244,28.36
4a02e60812cd291ca26e91c0fac716d522d5e87cb6263446d33f1c093001e43a,0.08043536523057794,28.36
48ca251a651318089d00c502c189782a0499c185dfe378ea47f3048788e07734,0.08040226160856574,28.36
1b9242d0af138851b4da83a8ff0aa06b2f13ba58e8761daceda2aec5e26e62c3,0.0803902322921374,28.35
62e910fde3a6f4f2d43e6f40bb88c37edcacbe8e2c09c031a96f9e265bb0f28f,0.08038764022044557,28.35
711f8d4e3bc19324f00169f203e6cd8a5d3b911e82914717bc687d12d2ebe804,0.08038641092597604,28.35
50c9c6fdfee65cfaedf19d76c1184952e75b7fb85a31a7b84a14b2393a5cf2b1,0.08036490441770146,28.35
1e506a7bd9f8dace5ef51372d264d12c339b3b5bd086fdc59d25ed73328a8a0d,0.0802725117605247,28.33
d1762fe36170d0e4cf63b70fd032c6ec5eb938bb61e76c7e0b131476721d8fab,0.08027595418202994,28.33
44427af1c1b917a85823c8419e55d8f29a89af57d04c00f97890a54e4a935129,0.08023486563434867,28.33
78b1b70ab3c829d475584a42d26e1cbc2c75c2d196508f67ab9e7b41198249ac,0.08024525949728581,28.33
22c34c968cce0f557fc07666313f1fa32c7f1f427dc7766e36bac302320438a9,0.08022927445413525,28.32
81f75805beed1e93b1f3c9694b0e27a094cebe7585fa73ce2813fb650c8dfdc2,0.08021933201685094,28.32
f59a5680506f813586e2fe3f4bbb8afa4fb16b558055a66f1080a8033a799aff,0.08019398890760997,28.32
f13245129d4d9bbc1e3a868536d80daa90013ad85786deffb194514cce01ced5,0.08012700344543372,28.31
260edbd33e42b6cae34de85b84dc664149ea5343053d3c765c5beb48da80c0aa,0.08015237133162662,28.31
a3f445b18b2229e6ce56ba8208bf5f9cff69ca52551895195ff4aa221408f354,0.0800987872502513,28.3
e8a9cc16cc5aba842c89c192b1d399da5b4770d27f30f63a6b505b5796a6a8a9,0.08011260143095793,28.3
33f51aa7e8bdc8a85c79694132af713ca5dd6a8ca31d050a5bce5748c013142b,0.08006737007082851,28.3
3e3fff1f225914311cd510afb26bb22f3757dc817a73a15f0cd1dbe1002488e4,0.08010956607065911,28.3
3e6bef0c7461c4dd3a283706946e75770248d195650da23ac8476b2c53a99710,0.08002611376570051,28.29
d3fb24789e65bc0c44c4b71ad46b0fa73d97ccad95d7414bdcd0a96a321fe445,0.0800472428171789,28.29
c402d8f3880bfda330ed0cd467cbd1ef179c04ff2cbbc28fbf17afb8e8ff5ad1,0.08001286564284081,28.29
74e5f6511eb4bf3b3061174555714927eface88c17bd1c38de3120a4c6511b94,0.07994804459384425,28.28
65c2e8dfdf6ccdc2da4e32900577b793fd9387e95a4e7ee3307c026f07878d38,0.08000146212046495,28.28
d49e4d1d7fb3fbf96b3d6399d43e9c950868c45491c0ac5168bf7158f37d45d5,0.08000049503905206,28.28
bad18f7d3b6cc015fd1dbf2feb636b9b2591e05e579a140103efcb998621e911,0.0799561302302567,28.28
dcbb011b241282e6641563694dff76ffa612d516c5e84db3756d3ecb3b6a1875,0.07991653248541429,28.27
f2b66482fc6595e6fbdb673136f358742a7e412612a1fbbeee4546f2dab88195,0.07989985751667487,28.27
7f1fa87d5c32c235fdc855116a58c29033c9cdc1d6e35b4284807cbe0d5380c9,0.07989956716052898,28.27
9bb3d8fc6dfa80c1c3cab436cda414883d07bd67a83418fe055caa935f49fa73,0.07985355799678792,28.26
0f55183a92d9ccc3248804a8cbad64b9139415476f4352da554efbf53b6c5d04,0.07985300109226913,28.26
56d04e4ab86f56fe54eafb3fe62a2a3265d4d6c24b937d4c0f230bfe8a2cf217,0.07985162164287662,28.26
508ab11d97698743e9b980475cc504127c8f8471481acbf66144ee83873f3c56,0.07988212711661428,28.26
f0a5600090b2bb1bd3a97f4f6279708d16755d06ecbeed9c24f712ca134e8e11,0.0798880810902303,28.26
2a54c2ec06363a3f34b60e0e9447e07cf3f413b45d09f4ee06caa85f32ffc968,0.07981931694646302,28.25
68162d44d0b0ac9222fc3eed8eef3bebd636d5991fa0192e7ec2e75e54198da1,0.07981616713100487,28.25
22681c979b73080c2a0afc536d254ff3a4f4580df8aeef91b449512557999f02,0.07982988775328441,28.25
9ec3c641212e1221076c33543b52c6a6622b9635ab6d4dccd278f16a78a625f9,0.07972288782604182,28.24
de3321152e7ff4d99a59f54d6c875774a239e4e4b8ec1590cce37a6fd1da829f,0.07969602080659474,28.23
8c7683baff47806f84286e9f15c215ee5dbbaebb88b416d0d295947e47565541,0.07970380558438092,28.23
880acc46c89997b086ff358ba64f1a0ef09e5ccc499a4ba025060a3c2286fe46,0.07961842871016446,28.22
f51950d274fb15733cff30bf05175dc9ccb73e3e68d7a4f9f21497be51f7068d,0.07966032485189335,28.22
4ac32776d89e80995a7e4984d5cd30fa318b317d810aa14124d3c7c2c09dc405,0.07960697022366742,28.21
fbbc996df47eb2be271e334db8058c41809add048aeff0aeb8b6acb3225ea9a2,0.07959381315809601,28.21
0a9df473c0b01abe2b06c6fe247efdeee489ee7906a2dad16fd546e3ed6a9c13,0.07959058920175069,28.21
1367f50f4a92e6aa91f3b2908c5c4d05ce47b52a527fe52b61284c5daac6b530,0.07951360044772755,28.2
61bfb6a9e9ce6fbac3af8f2caae1fd29e460663b70e4b2c4a80568638bc01c60,0.07954539826982518,28.2
0eefb3cc32c60ee32ded308597531489d14ab4adb27603cb2ac0428e2ba9bfd9,0.07945952839669296,28.19
43e5f18708d927aaceb6f4b0b862f8ef81f03fd2ec4746fa4b3b3a15cd3a05e6,0.07944334484231347,28.19
a879e55029c41248fa97643283dab4f5e3c6e19743b4e40ba12165cca8a850e6,0.07938517497835366,28.18
6460045ef36e97d903075149d6847257cda5b5c9ef9edc5c7815f497e95959ae,0.07938529553285219,28.18
89f7afa4bce9f913a12ef811ca198553c6a25001b6c6ab10c8249aa985914a2e,0.07937848665003316,28.17
6c6b697beb6a58732a82f5b8138921017443faf5bf53bbf29ae5d0503487d531,0.07937016389366387,28.17
352993e701ab8e839c3705d21a126ad2408bc0063117a2c5e5b26131369d897b,0.07928621573518548,28.16
4fb23665e6dee1cb77d1ba32e982d410290d4b2d60e8b496188d65337f266534,0.07927587656487503,28.16
5f707fc8f484d866d0f269c82b9f23c4ef4b44445d0b6cd41aa00a60a8263c5e,0.07918277488391565,28.14
191118a476e3977ebfe1a6bf49a78cd9c026945fa149336242c36d5183e9fd66,0.0791888022540871,28.14
d76c22a277162081be27aac591d3b336fdeebca5029da526b31162654975105a,0.07912860442420704,28.13
f503f7c78c2e14b8baa772de1266e46930acece7fe8d8178e4c5d82e40cd7a3c,0.07905258898684255,28.12
30535020f798cf007d19469a16c3fe0d3fa5f5ae73cb7932b9b9751599f35851,0.0790976857977541,28.12
c69d19347ab69e5c92d94aba97d6a8f2ca8a32253a19259b349cbaac75d42b1c,0.07906116181040966,28.12
3187ebd1cfbc219f46f3bb99ef0621b0dc95a0eba35be82f76aa214bf5df7d17,0.07900420627581074,28.11
70c428eccef253349baf3c6a7d69e6219cf0ab730a04c077d69e513cbaab59b6,0.07902321132840151,28.11
3274972b2775e0cbdb55eb7ea638390a4d61164eccbf1aa9422589855d9682d4,0.07900753827745571,28.11
8188b24042847e09202356b184b214761dd9fefa3c2e36bf3a6fd84a6728dbe2,0.07893544842223536,28.1
e0e07a4cdcf760d3a1006ebf163656b240bd9f87559a009f50ab80d734bc9f79,0.07892524179876154,28.09
469241073f5f5ae587a53d96b1cab663ac45fa6366191002c641ba057e5edff0,0.07888698040953926,28.09
d4c5ac85ccf037f88ad4d1998334934afa4dfba871022ea797d88912dd449039,0.07887041413084023,28.08
9e7ac7ea8ef4ae331395e0a30c5ee893300cba05d0560594d2c5031c4cb8b298,0.07882323177786943,28.08
d54c9fdde1dfc2153fcbef87a20757255d63a6fbf8b118915339999d784a3e37,0.07878429801771003,28.07
da88d7e8136b84e59c05d2149dcd5195077f1e38441e4a3a6958c4451b0c1b84,0.07881819305428366,28.07
5f818c30e48189c38b2e7e0dfa08ddf06eb8e24895a9fc26219ddbe42e664f66,0.07880552597711594,28.07
16babccaa2b7e1ca9afabc7f8747217114d03f39b3473a7009ccf0dec7576552,0.0787749981826851,28.07
b71524b6757a520d366d86ad561548141f70498aae63690bf44592fbde20e85c,0.07880166267322514,28.07
653499d17e426ab3a7f4c318f91013063c16936cd962a69bdc153daf5a54e1da,0.07874505645276997,28.06
fb323bf3b1a8b7a09e1cb4b62354ae93b0b2f659dafb57067c7ad38917bfaac3,0.07873229123272002,28.06
a0ab33afd0f9f096b87338ccb06b502bf45c2c762a6a0d881044e08b635be307,0.07868066138157508,28.05
48e2c372b8279a373c883bf439a12ea8fcfcea9e5ec05ea90db287171a65c18e,0.078695207334874,28.05
84d2f15b0da735d1022f3004d8a8b81932529e79bb553774a6da6fb8ad5c90d6,0.07867098085477196,28.05
2de8b0cc269386e4aaf0f459634f101d3d20e25694765643c65ca304a269733c,0.0786120512642102,28.04
792de4cd09367e20e3d8f8f8b5d2ea2f4ba0b1a1604e8a669dcf01f86e85a2d0,0.07858317165904552,28.03
7e959d697d68fbfeda3e8ca9dd086ae8a55f7a69f1316df028d22b556e9a443a,0.07855544219483594,28.03
09a30a03c30b66876551baf1c0ff3987051831c901106982025d529cfba43172,0.07856702451808577,28.03
64489a15901cec01afea06f30f65637277b535547efb6e4359e43cc726d7db72,0.07858486813978022,28.03
8fdfe4db13346b8898177bfbdedc43fff91e5c561d9440b45ebe37ff6703eb10,0.07845679280992726,28.01
35f94819583df7a536deea682e99c9acae8d435dd8dac6167d871f6344451b9b,0.07845558897579419,28.01
f4d3ae9836f2e5f46e11930b83df48d42b078d087903aaef3563caf31eb3521d,0.07844488458769028,28.01
425bd375501d7cc9dfa389431e762d08c89f0b23a0bb1b26d09c254b26e49c68,0.07838057688963179,28.0
bea12f1a493d5798c520c4d2e40581f128e1a3ba4b35bdb66891dde30f5f43f5,0.07838557597599548,28.0
d8d3c66165fc1f3882b3c2091361c9258160e197b5d41d0e8f0a90bd1730af19,0.07833687004209224,27.99
7ef210bca9c2478b4b9969237b31173f3f597e8208310853b1dd1ded49965ce9,0.07832566311661651,27.99
fa11cf636d37cb6b4063f44910481aee57280beb153e6d5ea79d17bdaf50891b,0.07830370153642269,27.98
2e2369c43fc1d0aafa028fe902e51bbdd77ccf33a313d4a67188e80bdf3a4d54,0.07827040080325687,27.98
208fb71d9dfad16d1b97e88b51ef6ddb82997fa5e3381adc601f864b07b30bc0,0.07824222932337178,27.97
bec73f1944eb11c903b69f6fb4d69e51297d58ad78434292a39bb7996873fd1f,0.0782142503884059,27.97
f62f58744e326219c3c163dd70ea2fda86b7095b947b2cbc342bc003294f8e38,0.07825228612715965,27.97
1a439b4742190b9b9eee917a8de41f0626177669b2f55b24617ae7d7485c7b34,0.07815372796206198,27.96
a939432519e899e9ae3a495a5d612bc4700e23b98114c27bbd963e51a3715299,0.07817502866770427,27.96
f37fc391839efe33fa48fdf6ff82d645b09af1e59ff2bb73fde7a8177af76e37,0.07814225133341275,27.95
93abcfd3e4cdfe39ccf9aa423eebff05d55b034a508741da558d927f16b0ac9d,0.0780597136385659,27.94
e6ac0a7e0dcb5b2eeba0b6223c8d6c2160f096fc7cf4ef314983ea5f87f6a405,0.07808030079189911,27.94
88ad0c3af75aa1bc4efc672edf9c37cea3d62abbef50d979a6bf144831750b6c,0.0780635589727751,27.94
4d10a784bc153466b6e7a29f81bd25d220ab52434aed203487bd6ab19f38e8f8,0.07807027341499359,27.94
0f30ccbb51fa0618c838caf3c340ce5d17f5546724b2ded5ac53fcc9274befd3,0.0780654619227705,27.94
f003b10f05438ef97197dbb16971383b6cdf148ed4945661a45fa4a5d1ea118c,0.07798553161417995,27.93
8da3aa7df37dccab846506b021368b363bffbb6b69c37014d177005bc25d926a,0.07802227846049169,27.93
58cf312d6313e3f7d00ab2bb4516928397b77e4ef09d6a0be1612f16815f2037,0.07794814228554828,27.92
049d8ae85987bcfa1676e3f2d093073bf62823eb7215d00a025256253cbcedde,0.07790010772668282,27.91
45466757b495dc3c860be9d30d299f682cc601a9d2135d8d9470063bc2ceb5e5,0.07786421813410967,27.9
bf1ecd4057f1c59a8617b8c08b3c2ba82830827c1f74021fd4f8ce1830a047d8,0.07785394342386139,27.9
61aedc92eede1d0c3b37aa97bca51a20737dfca4eb028754061b58f1ba8d1e23,0.0778445696899083,27.9
0dbd84990d20e0ba64b09c730d00ca17f2b845359d6f03ed2bd239113afc3da7,0.07786483999464541,27.9
1eca2977bafba1700f8c7da694b745e05a27029b89b47f0b2b30a19aa41153a0,0.07782845389343412,27.9
3f4beb8a4a520dee6904d0983b27057bebaedbe65c455bee0968866ed93540f2,0.07782913193257567,27.9
bf73284f59649b30cd830bd363a07a8c8b30cf8f06d2f4dec168409c500248df,0.07776812367232024,27.89
d3b321161a3cfacb17c98d1d44d03c0489aba6eae419a106aa7fb5a57c5ec716,0.0778107175654275,27.89
cd6cf136c7182529578e0cae131b7698cb53e2ddebc02945a7ee682b3202edbd,0.07775687443498333,27.88
aee9f3924176dc4e34eabd3b14fa572b3544c90aacfa6a35e1d8766f7f653365,0.07774705062866875,27.88
4e32406701621541ddc8e8c4e8b4069718fe5fe89cd683deefbfb31a85b2a65d,0.07772282071096974,27.88
4b2dfd7f33e378e464c02c567d42938fd8eb7ce76be1ea7750af12cc4d7811c8,0.0777487349784668,27.88
6ef4f8031c92b6acd365bfe6b141466845ba0e54ae7ffc99582aee8ae2746edd,0.07762507928537647,27.86
50d4c67ac58ee12c7b7ee5c4da8d5890cf52cc53a0857c75c4ec3eeeedb40b7c,0.0776351146781854,27.86
5a064fa30775efd554df188ddfce253ee89da514aa170f80c5effc21b4932c95,0.07759394230237864,27.86
41a993c1bb37fad19d65943fe42f2e23ab84159f202b0ff545a7dd1613881df4,0.07754411011749225,27.85
799fa3d97131ddb1b70d3fea2aef7902ff23f77508c925d96d0967248858e72a,0.07755954388041698,27.85
91364628a17f018bc94bccb63b393f3745c7e4a0f6bfdf95647cf400a39aee74,0.07754321848071913,27.85
2d32c9a9867523cb24df3a1a090e4861ec15266b5f4fd283ad14442753bc97ca,0.07743935889967739,27.83
1bf87bb48fd59974df50b0d0ca307cd7c210c67eccde0d0eff1c764fb76d142c,0.07743723931757708,27.83
1dced0529dec74bc8553db7c5fa08db9713841df191557422fa54c84cba07cd1,0.07739563138222484,27.82
664d30f38864213fe13c01c6f4891b003a4738b21cb925d775ac285e6f526857,0.07720531388313492,27.79
32d225903bacad80859a8af14f12d430226f18f4921195aa5e64fa18550c1b84,0.07724180839848732,27.79
cedbb3d39bfd166a32a13940d27f0f9079113acab98507040a1137c5f6920905,0.07725530338972295,27.79
434f822a73f8c90e714098b4beaf0017b6f237e453f27405bff1fcd9a778d408,0.07724420512659012,27.79
0671285b31d5fdbafc5220f5868b61d1d3ad6eb4881b650262c48aafa7bdf933,0.07717071323528474,27.78
1f96eb3d4560a3d71090a75da52d3496c15f04ee3b812236f9c445dc976c57d5,0.07717816159132261,27.78
e4c48123582defd8c893402f1481883b772823d8cea9734c5d679709a1fb1749,0.07713945070331502,27.77
a4443b1f5c85955cee377c97b41ebfb42eb7aeadc238eff5a0af1a583ae7d983,0.07706013657910621,27.76
81654d8da8cbf069d8bb04fccdb4478128a4d392069a7a99fdd1a882f313a399,0.07705944669875152,27.76
cda955c7da1964bbfa8c9011a01ea8df9bb50d0182f06196c4e086f1eae6db00,0.07705757556224857,27.76
502a41b9a5911deabe7061f8cade70383dd617fab22f9d78530be21a3e451efa,0.07703002021175093,27.75
35fb05e1b9186afb648d169cba020c891608537c3c4305a0309cf22b5b70ed00,0.076989254710221,27.75
735fb07aa3d9ec064eb1ab090036492c3c36663868b1ac741aaeca5b492204a5,0.07702037267790493,27.75
19a1032ed3ac51517d9f864dc358324ea42e5722b1204de2fc4a8e80aec0435f,0.07695727249245529,27.74
1ae2d5f05d618140a763a55089325054bd420de49b34b41bc0732252ef2cd1e4,0.07689768609960279,27.73
04364447ea687ad51ab8d492071060f30e9abe51d69e817bc3f4d4f275a68d45,0.07688351916380719,27.73
efd26c33e4a788dc3d1a3da170d2a103eefe5c7668b70e7aa7367d6b7f315a22,0.07691233373577584,27.73
87de2ecb3591baf9f26e56eb87ca7c2fcdbc71732ed58c59d2ed6abd814d371c,0.07690730872736305,27.73
824053b75c02e67cc697e970daa208435dff9bdfeb16655d6871c83f8fe2567d,0.07691850423156411,27.73
b950e4a43ad09390c1043b41ec167c0fbf16cc67f12c8e56e517f69dccc79a96,0.07686361293048029,27.72
d6a426e6ae20885f411a07a28ec377656ebb6cc83f3eceab60c1f2e388ca1a8e,0.0768072860585238,27.71
13418eac9a23b7070827f7aa30f4c15da6456aeef42367c3a78a1bd9d8876b2e,0.07679446450799013,27.71
a628381b7b8f34e7e67aa970e7e8965f89512a06ee770f74cc7bf39ce0dbf05a,0.07675896415144756,27.71
b6f2553992fe188a1504e90e1e8a2ec43a3351616780f80e89fd078db3cee31c,0.07672150428319197,27.7
f7c75c176c16a2cbc52f2c5c111ca5f597f98d551a903a1cd98214233e960aa9,0.076749938525316,27.7
75624d030d74987d158fbc59cdc49e28334fdf2e618c92b2ee1fe181df48745b,0.07665113908781379,27.69
bd442d97117024486df78a515bd273fd5a9abbf9adc34449edb68da95cb82f1d,0.07666052464699621,27.69
1827c63f9b6fc1c16c3a3a7e1fd6c38d07daefc7fa6a983bb6bece34eeabcabc,0.07665621460437719,27.69
f2bdd712d960dbcadbe429b5bb35275554f365efc7c760d426ba433ed47a3a1a,0.076639658364828,27.68
abd354a1a9e860533ca4835c611067c0ea2458d89ecde5701400b244cf2e6298,0.0766342576361929,27.68
bc47840c553ec7cdd23cf3adac98240a4e1bfba7461ef574450ff3c5da32e6be,0.07648435206893828,27.66
d24fbdd88fd7b35d68a0967c852f080b900a92cfeb1c7e6be666cd870880c7fa,0.07651243570368622,27.66
0e5829275b30e460e4e61fd2b789c13b2635fc850e5118f13b460f1996157cf6,0.07649065039530893,27.66
a5efc69f31325e31cae92385b559962d52784cfe4d0f1d334301032cb7f6cfe0,0.07645512518609097,27.65
00767b61adc688fcd1256070165833b1f29525419f221d3352c947f55c13d448,0.07637288892697316,27.64
2788e482902a9e2da81fe653b9ab0685ae40f5388458de37b6ddc554971ba938,0.07639594135392337,27.64
f74cbb85b83aa7a1653cb397dd76603ef55d2115ffb83405222b0dce7d4bd659,0.07636073805535219,27.63
39e9fffb73fe1df4b29c3e53209972ce7ddac63fac132115e4d2c4fdbd08c4c7,0.0762565749313051,27.61
23162126deae48176fd92f1b7bc979dfcfa61c760599af085ba5093839f95696,0.07624871476119828,27.61
7af816dd8ad1195c7a616459aaa31b6f0ca0ceb00657374ddc71d783a1ac96f1,0.07623233785251576,27.61
eb570d37f3431947b6d96919b89579fce818e9db63b4cb5a50aaeb6ec505cb2e,0.07616289379329858,27.6
026dcdeac3fa6a23f2a6090f33ceaf31b5c7af28053895a464826179ae3ee993,0.07618778594320821,27.6
8e65ae01b407a4b44e37dd0a038f08cb8d0e440b49067a082f9de5698f103e37,0.07619893903064372,27.6
d1c27a4d43df82e23ec3461c808ff7930bd6097f5f36c9c3c73f899f6eef13d2,0.07613653376543349,27.59
4897e38fbf910f6398e76add446786b512a51d6cbfd746144f0b59358a5358ba,0.07611588766674462,27.59
b8d04367649cce6eb89e4fe000d82b1707fec8b9868fcc4810e9e02a21783d53,0.07607333181377976,27.58
6d74637aba6ac7eca015e142f842274e26b0a8db181552ce06d92a614e76ed55,0.07608448675123787,27.58
6936ade9e50cd3c107274fd41aaaab446d0a84d3cf132cc56d46e2ee3ef02328,0.07604174528619909,27.58
e5e69c82f50dddca345608431e8d41b326d9d8f415d6cd8ecd6aa862667c8877,0.07600963206394852,27.57
e743e3fad592ade79a8134d73f91898bf4ae78c18714bb9d4951f056c2f94762,0.07603394407831864,27.57
f4e2c30da867d7180255e5ae353962c642080f5c3e85ae357e0fd1db963fc112,0.0760343298829758,27.57
370467c28d83a0f5a1b0e75ab771bb52ce3df4557fffdab26c6cac4c4661ebc4,0.07589796108834868,27.55
8dda8702b0d14e3075470b3e635447b7bcfc9d1be29219b20b4d7ab53b0f22f7,0.07584073865521465,27.54
5f6b735f35e6fa3cadc7b23aeaef3bd50699b61de0d3f2b48f802fc89fc0d4bc,0.07586185969582893,27.54
c3cb9365b86284ec4af530653adbcf0ba06363da8c185af57cdf6162049807eb,0.07580060336061813,27.53
f203236556fb8a4c868fbc553e00f1670c61da71c67c07e7cc8d31523d573b49,0.07579021107230571,27.53
5762089806dc64cbbf615db95edc55defa125c85c55e1bdc9b7d160ef13bd603,0.07569730492074846,27.51
46e9028b7a14f7424cebd86565fc85e003490798b966d62dd00982a0e655b105,0.07567214821267251,27.51
9fc9c511081c7c52a83368010ff113837b3fa6412a0c42fa49bbc0d36367dc8b,0.07561534032611733,27.5
af5f417eb6a44b220148be8e7276bab1b11dece739371949a5294e6ad4c13d03,0.07562059825183537,27.5
3551b62fdb9fbea457e414cc6687f9ae97cff3a176b395ba4d21de2968d706ad,0.07563956397720632,27.5
93641bc73069ccac2a5482ff1875893f5da5027bb7e57781f8809c0ba4b6f51e,0.07554825888690998,27.49
a39a29a21560fc1a3aa8ae0a8a2cbf77bb1472be58c9c592f27f9c628df83a97,0.07556637341117879,27.49
dbbe4a817f19c1a3d976f8340d263266f754cedd1472a39540b3221fc54f8353,0.07557896187112846,27.49
4fc725bb354f29f1aeffdbf8be9e78122f057cc3a5dd0bb330fefd7430baa2f4,0.07557116020592136,27.49
ce47b4d1f11d08a2f539432fa297277926a6655615efd309c46c656f3ced64cc,0.07555182208828155,27.49
fcb60bd8dcc1e4d31e00effb3993889fae3e6040d390f27c710dfd491e848da2,0.07551004923156629,27.48
b768c0cff91d55fb7a5bc2fb85ecb75460e21b230046e5a59c0c445b2f39aa0d,0.07549979826658411,27.48
0c00bf58c1b30a37543e518a7580d3a3de808302a50cbb32757c1d841773a53a,0.07545546011209438,27.47
607c15f159f1ed2d1a0a47fa1e3d37f224a2f521767e066e87f67e1044c89b84,0.07547534893664391,27.47
c52cd1d6cb68f4e233fed2ce09065d0bf373865099d951f507d907985ecb0fc6,0.07542752271502573,27.46
52e34c455f4147fe32f9ae50e6da3c7f1552d49dc293d037d4c12989067fd6eb,0.0753844431885273,27.46
007decbf5b1b48e8c6de878ac4c1db20e04bf200715a70cb7b48e36e2aedd0cc,0.07532857119780735,27.45
d43503f411decaf5440c922eaebf4b32235a8070841da95b54e486a747daca0e,0.07535557936874444,27.45
f3156d01b47c7a1a455f4ef3f8bc482a4b1a1d1163791f92e1738ff979624179,0.07532673057463571,27.45
8b33e7562bacac936e0d7d08b5f0ba6f461fd81c21e8a9a24f827214854ed710,0.0753301748394998,27.45
619b6e12c6c8ef7ec0483ef2861a8f9a40e1459dae379830545914712668bb7d,0.07532191522789586,27.44
3cfd1637d1a9f541be14cc8b85de099b00d34793379db1301fe4f5cec8e19b22,0.07528000087620274,27.44
087faa3d6232947e8f367b3a9e3e57d305dbfb1d65ffd371903f90617240e640,0.0752707004995164,27.44
76ba71d55a7c2d8f9d1fa9257ad4a46933362d818cb116d2c927139ccf4e1eaa,0.07525986582865785,27.43
79104acf02426c070de3f779c6b47acde7b1fd8a7f4ae140b7a732f3996877df,0.0752123701700903,27.42
132eb5da172c1e9f42e3d04b45900b07eb1e7eb52a52e55204f792df50825363,0.07517601596897179,27.42
af70cfe307a513f2e488e3465c10e47143550b5557f2b4f8adda99006d553a7f,0.07520352033394541,27.42
790785140471d54d108b03e8160011ffce2c02611dae1561323bd95089609847,0.07516438602223785,27.42
6e90221eaf3461769f2a1e793ebdddf72fca7299b2d4d3f2adc5b63710808b3c,0.0752062205002672,27.42
4ef29584799de28581e5ef0103e80ed1fdb59c0e2889514569678900431e32ef,0.07514090377340113,27.41
d2ab5d34f1a62c86d0a1f47482d6933f7eb819a2da9091c8779d9933dad365ab,0.07515546209638298,27.41
55e87b422112285f2ccfb7b9f00c13d230c87fa131d207ef7a74868085ee22d0,0.07512443252300245,27.41
850171bd05679a5b48b1191cae1557e123f2a3ced389bcf6bbb949a0f774af43,0.07503286672013976,27.39
2cfa425f3ed16b7e00f4530263861cadb2d6f98430a939f9c50f74f0850f2a28,0.07501051302385055,27.39
d28a705587a6804bac7dab64eb0ca0fb8a069b64c82183c4f91e27699f363f06,0.07500615326812585,27.39
cf75b099498de0b7255c88cb02f8f83b55fa0551bec09ca7667e026316e843dd,0.07497291920295958,27.38
5e1a3dc23d8ba82f47438990fb77b6ef9a4f36377488e93cff2fdd9985af6fe8,0.0749685171483506,27.38
1f78a6da20a7f59e83706a6fcca3499b740bb34cc6b6055478b564d4ca93c6f0,0.07496157943621298,27.38
198b15643a428997a5ef77dea615825722b0160d36f159b0fa7e296e55c90704,0.0749161160758797,27.37
1f653f838c4f6ca559ea888f81fb064ae258351933d8da3657bb5fbd6fe449a8,0.07488954393619708,27.37
636317a47297358a85fcd1c91972d432c91decec192e622798fe11d72044a8f3,0.07491255423663422,27.37
405e5b7f21541e653357f3690d9dfe8d5341a709cdce1b535be30227d63c03a3,0.07487734994654781,27.36
096db4590fc069b965f45e480cc98712b83c28bb48008cfb5ee18bbb4436a302,0.07488393139716867,27.36
f7e17818f44c4ab7358ec157b286c5836d6b37a77d457e42d360e361feeaed36,0.07477757532763447,27.35
200106957d21e2edb3743f37b79b4512d43f734d8d3e9ad86e4346287abd5570,0.07468483119557238,27.33
6fc10e6601f5b14b49fb9015eb26f24f076c0196496663c5cb922435869234e3,0.07470362622735566,27.33
3a38a2bf858e479059be7a02d51918d6d382353521549b0910f8b8da30ff5d7e,0.07464738854813992,27.32
6a29c8176684db40daed89a765e7387fbe3a085155ff91ced74db34a6443ed20,0.07461835824022596,27.32
794d3a25940c0b60e785ce726628ef5aa91082893a107c78c97d6fc8a7602e8b,0.07450188487047163,27.3
2796e113d1252dff7c2017cc0a65520f9fa07379787b338c8054eb7d99067db7,0.07448611151097938,27.29
05ecbb6b8d64d75d01ffef2604610ba719d43667948ee32a6153b57dec1cf565,0.07450051367969929,27.29
36f1101dca93e74639183023d6d58eb33000f8d3afa9906d98ca852567d8a729,0.07448831893981449,27.29
f4233d34ddeda633be97a27cad9e002222c9cd8dd4bfef121570ab2bb97dc3f7,0.07446728265446528,27.29
d9dfc9437295839941700a9081d539eb48d85d6b5abe82b727cf20f5c013a4be,0.0744653485611465,27.29
9aa9c1cbc2fcdd5d81e2dadaf08eec644b36b4ea59d46ac1058f6b2fb7ff97c0,0.07440110273182003,27.28
5676293773662c40c3959908e160bd585306516c98d62d5ecd244e7fe6fd5f40,0.07440919976312506,27.28
248379c74774afba858797d52df02cefa16dd0b7a5b67e1116737c6b8214ff11,0.07443803727249118,27.28
c4afc9d1169fe8f36da04cac12600e71cf93edd33904a9f929fd193db9d1f911,0.07437542928358674,27.27
7ccfb547ad69c92a5d5fb183fdef684cab360ffbaea43d9b2462f905edb0aeb7,0.07434071306972319,27.27
03d79f38027983aa878d285a0173a2022c5a51bd7ba457039c99bb8b6ac43e57,0.07435821423151238,27.27
4d991ab1f681a15e1a7a05514ceceb374c2e92390679a166de8306ef27a5684b,0.07433477896170394,27.26
ef89ac79f85f3c5a09dde9bbfdfa385801e314293332d12e80f13e286d43a526,0.0743355901228935,27.26
5893793b566860064220b185adbb34342040de1d7fc6bd86be9e593297b02cfd,0.07429253291618164,27.26
fb4be6f22b38b841a262a6eabca1a86df9616c53285281846cb5ad767ba18377,0.07418797233448275,27.24
66220be69d0df62c0aaae8faad82b4964895e5cb1ee53e94ef5a11c6bef4b9af,0.07414553216733605,27.23
45b988a982b8ef93a929b1aa081d989059674ade2ec5d0dd66fbaf26c7bbe2e6,0.07414893142225007,27.23
4b3ac407c0c38ed5c4832bbd4ebeecc7f5ad47c4a4e47f462099eab708d761fe,0.07410695644743345,27.22
3e20d7cca6b9c73a3e8f3a03855ad664001e235e61ccdf14d45112b14bbaf6f7,0.07407261438339181,27.22
49877137a0aaf780ea9db2a5c1b8031fa9de1fbb5abba0f7bbfde0984678bd71,0.07404172216859875,27.21
8bfc54b4100b6a65339fea630c52eeb7ba6fa3ade837f4f936f64baf8f6c4cd2,0.07400104692248437,27.2
e3237e78b7091f3bf2abd20183891330ad39e50b7e1db2d1a6ab47162fb42a1a,0.07400306838347274,27.2
dbbda48eab235ff8fabd3051128feca0cddaef6333626c59fa20e3e039ef495d,0.07396693191742203,27.2
099b8b520debd11aee4d97a2ef734f6e3c28be84523e160ef840fc6602a1f180,0.07392900571737014,27.19
4d43eb54b89cccd91a7c64c05b63c5a6ed47be59a5b098c6d9d8c4f81dd15574,0.07386016563918008,27.18
e45da8b4e2f343d96ba2c49bf372fe4b17051d80765061a590743ab3f3757e04,0.0738794706247276,27.18
8c3dcdef40ea59612f90afbbb026013b9a31c40a610dd243bfa2bd1e2329a355,0.07381242514724928,27.17
140977026e68f516e4edbdd43ec57265295d5fc4414c56351bb04f42257319ff,0.07377160002093315,27.16
74453b7559026d56069a6f480d6bbb130364cb65daddaa8475d6937b7cbc7100,0.07374601041675993,27.16
d3b9c1c927e585a01c22627cf0c87c42d72c91aed8d3134fde932e5dd8864da6,0.07375055138504197,27.16
b582b43ee0aecf03954568a345fb43405872f51d6136a0bd7b3b388dc92f93d2,0.07371559056083794,27.15
0db385c43e71c8370e795951804cedebb87733250671f9f07a8e214eb5fe43b9,0.07364412550233394,27.14
87c420357f111382ec09bd384af17a9502d19d7ce8beecc6c2e1f9693fc3d89f,0.07359772520383447,27.13
ba942703160ff13825cc2f03bdf0bfa87fe44df837c8412ed40c42fbc59ed788,0.07347783657574149,27.11
4838e79ce0cee8724505b6c2e9eacebde967fe20af8adf142c31dc8aef66f220,0.07350182278858934,27.11
54e37193f64f73175477682ceb36f3ae82856c4592e26bca5112c1c2b9db648e,0.07348057581676064,27.11
0c772fab4cd700f98a76ff8e505138a5792b420b4d67911ebf38aecaf4ef4d23,0.07350963146177536,27.11
2a8ad6ab7c7806d04a6ecd41d249fa8c212e52ede34b85cefa46bd5390912f73,0.0734424113812719,27.1
54aa645a585968300f6397aa4d16ba201a07b4cad1cf7c199711b5a4b3be74c0,0.07342109665597082,27.1
e06c66dae8a034696516a541a191f4a278580b1ce8d4d680a153ce901d31d54d,0.07341963152712085,27.1
39f49ed8c8b84bd0213bb047ed46d02d035684bf2314b560cc7294e7a77109d1,0.07342679209975173,27.1
5a1670f3045481a15e3662425b30dfbf6548fccf076836b438f2d63f4d4c05d1,0.07342771677145067,27.1
d489053503f0314279513e741f60fad90d49525212b0b1dce3ec51fd1d3a3c24,0.07339585842799659,27.09
56de96d04cf105de62f1b86e14d2f3865cb18ce5a69676937c4d98d8cb5f258e,0.07339277484739232,27.09
f12bc54b7fc0d95a1f822a03cb33f30496a18398ba74176c6b0e68274516feaf,0.07332668808521756,27.08
5d8e19c0c16dd60f5ca61869634e7fb80cb8f51fb4f9d7a585920b039bd9ae08,0.07332353371314017,27.08
4ac779ca8069db03254fd23bbd09fbd7ec21bc8453c368e8dc06f2dd35c82196,0.07327018388242322,27.07
47a550bc875396fb634e3edd9e6e37fad32b22091a40e878a52223b0afefaf26,0.07325554255757784,27.07
3dd2f486b3aeb16272c78279e3d70acb9bcba509fccbac8dabc90622da1b217a,0.0732180251967419,27.06
234feb466f32de544bec366324f7ebcc477905715484c8040bf382b291a297d8,0.07325123319934072,27.06
a5b861b707f14b5a82988137c7faaf2ab63e59e8861473b208793dd27f8fc420,0.07317937509232181,27.05
5e10b9cadf91441d31b954a3072a2a547a60d50da18496e24beff44ae3c87637,0.07318459374035718,27.05
15ad5eae80f073e1f8ff830d73190089d975b7a7d0023f1a8ed9b8f54bfa54a8,0.07314823181183082,27.05
392bacdd1f01ee1b7f6b514e565a769b9d8062a565268cb452ec0305f99a70da,0.07316948599212009,27.05
cac943fc42808e0e1788f01a989d5564ea25b7ac268ab4b2156987162f164c6c,0.07318066922644259,27.05
657197cf8bf1f9146603b255e9d918362885a10bb488481169a43a37e4dcb650,0.07319305477558971,27.05
c3630cb47a6a2310ddc9752bcbeaf8fcb84b430d0ec28adaef46370a03b3039b,0.07317595037215693,27.05
18c733c05ffca1f41581a95c2a5f972e578f5818fb56424168f343bc77d9d9c6,0.07310198933777373,27.04
a12045902d6c6c19ac308ca48bdcd085f03c4659d2d65784d69a209670e2a343,0.07313636381364849,27.04
8c3159236e163b085dc7e129de80990ae530980b725032dee95643548167589b,0.07310875723942482,27.04
744511ce1d4f9869133486c1291efb890b284ac5dc0a86c3d85dd16960b59bb4,0.07308352716559503,27.03
2e5abb242014ddf5dd977eba552c3387eaff95da02df48c59d9bcb003bd21b54,0.07305605428806708,27.03
6946e47b480b013d738af6ec7e7054608bf04aac545d5c9e92d2f3c608ed5acb,0.07298604018026125,27.02
8958aade489dddceb2787a9b174ad9fc96a64f8295adda7bd2247f02be8dfb9f,0.07302543924464625,27.02
3409d829ca1a0543f287a4cbc239922432cc8bf4881a598235e722454acb7808,0.07302979819695246,27.02
5a8fb074c95480eaaecc113c606b73688ebec01398eb8c0b1b62046217e4d8ff,0.07292806153756184,27.01
70a15aa479abeb3c2f421681901489dd5e15c066d8e4a52a7ea1dfc938b69f01,0.07294712566163525,27.01
5f7fe0aa95c7a41aca0e59434ed17fbebef6c699fbf2fda2b078d7010ca8e144,0.07290790709082778,27.0
f6e4f4d4bc39a044be77e3dd6c29ca9d402f09d9076775bc92c14713f2bfab3f,0.07276355473083143,26.97
e2e9cce622f5dc7f6ed50680f82bff3b71d42f48d05b297960c0153957e774f1,0.07274531581723809,26.97
82b1aa7b045671c2139c9a9b3844b2da487278ac0c1190879e66a500703ad062,0.07266007535462662,26.96
10f15eaf98bbb8f9fcbd40d00536324eee2c1ade171dea21565b2f66f941e4d9,0.0726149990573409,26.95
066dc262ccd138144998337f33cd4a247a7e1d7326b76095ff2be11fce24242b,0.07262191587279664,26.95
a03522b8d4a249bdf0d7a7662d2ca022f7cf6c6a95e2514fddd8fabf12682ab4,0.07256405001822382,26.94
11791113ab3527991e7a1e6512458fb5103a99a31d18e70564cea251222965dc,0.07259102889879492,26.94
70925fb25fd1490e4ac62b06ca61bfb17f32fe0e47af6ca62492400eeb7ecb39,0.07259535758480014,26.94
32b39efc53550fb78b4079c652b0cee7a414e3f353eb1bcafeb93616b40b0f13,0.07241557229977454,26.91
1eb2165755f85a580be08d118f64c2a523688d7fe713c594d20f7501a64a10b0,0.07240578668714777,26.91
317aa3b6a736fe54e5241b49ea2a6744195540509695798697df0e8dc42304ba,0.07234976627648641,26.9
f9e22a1051e68fbb7746fbdbff32f7d5fa703cb3e200a09bd44121d559725581,0.07237559768379005,26.9
f6590056431129bfed5d05ca37c72caaf2efc7c2a1b7f360f43b67838555ac17,0.0723787949060718,26.9
40e6d8427bbe8bb45395c6c98efc07c2133b6b7228ef7c51043cd783bdee7cc4,0.07233968324336898,26.9
d79fb1aa7defa9dd3aaa7d975b4db0b48d7e7adc3eee4dc8ef382fb1d7bdef21,0.07230957502401533,26.89
7a52d8be5f2fcbbac6023c22f2939baceda5abf6127e308e30f9e36da9e3cecb,0.07228694455854112,26.89
a24bb1d3c1639240a6282e27af54d075cdb505cd1aeccfcca6443bafe58e8219,0.07215575306168999,26.86
0503b0a2a5c790384ffd58a2e0f98bfec9617db51a1cd6068fae9ae31a3e69b1,0.0721304863303908,26.86
67b1e16a07b8aa889f599917dbee35a831f6aeed9e89be87640f73f0283ad0eb,0.07209308253014224,26.85
26785076ef642ba6548975da10e01c1109aa587080c36407e5d28cda8b502014,0.07208741893997432,26.85
b7e1098bb7d45d2f548d747f0dfda9b4e8c9c9b18afd882c6069575550f322d7,0.07209542649838849,26.85
ea5c7254b9429d39c538400d1838d23729dfc78e3567d9be15ef8e65c34689f3,0.07196841261155615,26.83
da58c4d647e4d8e29377453c4a2a10bd4bd1af75e9a9e5c74512d216658d58ca,0.07201121046879896,26.83
b0ec8700dac4df6adf4d952fc519f8ace2e51c6e0e2f974d783bbbbfc9da6245,0.07190562928384138,26.82
283a57e3d3e8af5e9a45048412ab9ef635571f6e0e10fb474a302ecc68abd639,0.07194350804908523,26.82
3a625d33147ca8c95d269e9cc8f68a24a1ee7c79fe5c75623d75e656b6ae7576,0.07182570297191569,26.8
6939fe115fb422851bec13c95538bf9b40323c0c8ca9046133f34d2886e321ac,0.07175804870477348,26.79
8d6088d8af3bdc64b62ec1449dab8878cd73356fad2ea098a3fe9d735f3ab6de,0.07174569544298215,26.79
ca1b45545b3255f795caae200417c85bb5a5db9559ab0ab59f693ac378920165,0.07179699741652971,26.79
b0f3eaade081636fec8d27ef4458e074aa5a499a3d08e63ce14a9b185dc82097,0.07174748621318848,26.79
c9765e99259c85bc6e6c28cd3008cc3ca03180f5ea3e2a214f7290420f2b54f1,0.07176133434293647,26.79
64a5ddc6cfa9e693b63a326c9708f01a4b878062f1f2fd4f9e1f2adf446a2030,0.07171984835863372,26.78
4f7efac14b133e8e43822a2c25113422c4e2918c5f6dcf7fffb52c4ada57ac8e,0.0717301660124871,26.78
cceffa1d259f12a9178cbc38d8f77608f07baaf7b1a912ef5834464102bd6f50,0.07170753621785203,26.78
8e3443a725567381a195c65402f5324f2c3116245df55f8313abde3ea728e30e,0.07171709265858749,26.78
5359e01b5602d28c2f5abe96781e08d5c2f1812f2d2faf43f57226cd752cacb9,0.07169924016208379,26.78
a594b22238cd21a14cd45c419aca542b04d9d24dca70d12d046e5a46a1a99de2,0.0716300926973566,26.76
e8eec844e223231c2a18af96c4e0c8f554b5890c3dca4987eb400b1c79661e4d,0.07161128051619314,26.76
44c5121ef37715b77bedc9e7474954a99c35708181125d6c61619bb23bc5aad8,0.07158490228498775,26.76
26abe9814910f6a0bcc79a8dfe65c5389bf9e596510cc03822fd598008dab927,0.07163537830420409,26.76
de34e8a25e5b456ad22d1aae5a50d6d0579865b4f7379ca3cd293683a40e1d90,0.07162598726600444,26.76
124580034dc44e4b37240e9757c48664732711f883d6005c25eee472bc1f0b7b,0.07157264221643046,26.75
1180cbb104e162f36f7febb82023d433fe4aea710d805475ad7daf8ea666a0d0,0.0715423759150438,26.75
78c6cac084ec85136578ed42b1859217dc535d71206952ab72b45bcd3dcf44a6,0.07150620130228248,26.74
656b4d5df757fc5e9ac8548baedc7e4278a4438aa16bed049a2ba56c9bd58b31,0.07152203586471693,26.74
ffa894c8a001706304c114e632fea26f8b2242c989418c796889b71ba462b553,0.07144813866251716,26.73
5119f4898e1f44a10b8b4d99fd5629c9cd28ff9e838bf2c2a93830b1ab4be1cd,0.07141136503046969,26.72
d7734105f8f7c2ac685e2886ab0d30ad0637106bfbd3a416df7b01ea057be680,0.07137784137359454,26.72
a2bc8f9caa919b5c81f4f24cc8d16333748c4ff5d6b750ae07fefff766c19407,0.07138872310796417,26.72
aec444f58994241b0ec982a681f1e8ee4d5af27c7361bc4153b4980feb2be43c,0.07138238690159204,26.72
49fdea3b841038b75631ec64d42fb93af79b10489a7d2cc666e0b42ce5299958,0.07140165225517497,26.72
0fb34147e06e89fcb4c0b0f4fd337b95d49ad5719d0258f076834c46c7c49e86,0.07132362279576873,26.71
634af1da439fcbc99c421b9cddc11ba56b50f869bbdc1b81765167b4b55c5603,0.07132041649798464,26.71
9dabadf5f5ece99236a79161ea1ce37b800fcad2bd23577a9c97c826db620d26,0.0713575520891298,26.71
29371e3018adc7b7aa3c66aab470722b35df0f236ee14ef0f8636cd0099b330b,0.07126828259557923,26.7
dd5b609f683b634b7e456a4fde724d129f61d1061f1eb17b7d51dc519410c9ec,0.07130366984163902,26.7
b55c8511ebb32d5d59cc14dca5e79d60911af61f1ae5a9a9a4b23cadc2579ab5,0.07130224885675701,26.7
03134de0c52448a44d8417f10dab647719a2b18848a8ff049043483ec13286c7,0.07121700808748367,26.69
e05bc66aa936c259fc1ecd381e7559882fe1a7db8a47fa7e38ca08132a7737c6,0.07121507902491571,26.69
5045d0624c5a8602744123011067b77d71494778993f85d1b800931e9eadd6ed,0.07121691853761114,26.69
525e77e2666091f23530d0502c26eab105bbe18af5a87f7f9480b404a6b87672,0.07115768628320991,26.68
8da0f15d4c8c86147862c1827f894ec337ae20965885fc79e20da3183c299ac9,0.07117608264048247,26.68
a195026f4688225f37b8558db751d7fc953401ebd4281a09391112d8f15d45c2,0.07111109533519769,26.67
b4d29a47ed7f20254caa10bc119ef38782e5f42d54afcf59f0cf8925657076cd,0.07106104927223009,26.66
3f80c5bf2f08f36246a5b0fef1987fc05f00fbda5a8b346bc3e532b8d11813bd,0.07108781846978635,26.66
800ccc830475f725b07e4faba892960571cfbcbceb39e67f744e2438b980ff29,0.07109854166824461,26.66
5fd231ae183eddea203901e17271fde85d2e34d220475a2ba4e1d1a5141daa56,0.07108744146660237,26.66
072ae7b14490674f1c6f99ec10c13b3ce3feba6b7f5a2e51deb89ea4e2e49bb2,0.0709638249142721,26.64
bdb169448826dc69eb20cf4ef0d8bdba4fa11b7f47ea95eebca4556fa1ceadce,0.07098857877353816,26.64
0c45c2e56955419f818bee5b4365a94cee6bdc27ea0967b7805898581ad8a0f1,0.07096513435773072,26.64
756c43d8cb0888bf75b7c3dad15326bdf14e6532739e274b1a5fe191abb864ff,0.07099231885493461,26.64
26fbeb9330d5dc462f1ce9203340a6fc07f07c9c6f087d166cdaf59177529da9,0.0708993394380562,26.63
fc5e3ce6dd4b91a1dd85d3a19c6153808821bce2279e8b6750256c90fe22db26,0.07092748540967463,26.63
0968d416cfa1a0ac84f8294945d31e547f2485e3fc552aa2c8b1d56d395fe360,0.0709271733435413,26.63
4712aa4906edb9abb7547229917b9bead19e59cbce405cf73c17966ea1834a0f,0.07087215233411731,26.62
34fcbf92c0513db5fd2a69e28ab970c41b12ea26722264c611977cbd37fdaf12,0.07084883984495352,26.62
a9cab313bf0ab3708cfaed7d26d29a2dd0a91e8c7c5216df6ef9b841a9f304d0,0.07077945945729773,26.6
3cb57cbdaebea784864d4a9dcf0fd17ccb6c12748c17680533fc814be8206b12,0.07072817145957822,26.59
645650344faeab1a62807388e84d6ac96d67dad14f14b3bef53502ef09b58134,0.07069063710082975,26.59
2bf80cf7ecb25fe255d80378beebd6adde746fde4b56df4b4a57d7f0496e4dec,0.07069932919149154,26.59
29e47208146c5094d2b88fa3d9e6920dd401216c6d2038ffc0c19ed539ac16bf,0.07066263022358761,26.58
d81b01cac8bbd3bbe4b9b17777d8164326d808350ea7e32576beb2796e9a97df,0.07067583750915296,26.58
9a59a6a04f620747cffa02af06e356d4151c6576f3a3b1f3beec4f64310a608a,0.07057395220135357,26.57
215c389e08f7807ddb2ad0acb4300e0be9b303d942313b817133bfe4e8bb2ab6,0.07058568768692909,26.57
a61d0d1da19ade703aa100ce39641ace6406e197742a489c22f5b829f96d6789,0.07057772380331151,26.57
9bb9e8180afae21539a4b7177904aa1100eebb7c98da4f46d26079a508b938c3,0.07058301896880584,26.57
aa259f090e9f7c885a08ddaeda219be432e0d2328e2d3e15692cc83bd86867fb,0.07047775404606507,26.55
da0aaddff4f092202297df3682efdad6cb1c2850770fe178bc7f1f763292d0af,0.07048640497465897,26.55
b934f8e9d9528d8549633840d45850b5fc25b6e739bc56cbf28cea787e68fcfd,0.07047596583189904,26.55
d967bc34403cad72d5be5ea1b6b725ab96660696ec3e623ff1ce3fa6a4147797,0.07042292896256173,26.54
21ac474e4f6c8893692ee4d229c30922869b169c7e06cdfe1f5a492a21bb7b5d,0.07035848157728845,26.53
ec0f7c326807c56e743319e350f12937e642c4b756e7dded45e0dc234af149e8,0.07035644777244625,26.52
778fe4957ba65701ac606c109f9cf192e85e0601fc2a0dc377eaaf069c14aef8,0.07032051703760364,26.52
3e0fcd113d88e765d0f67a0b8fc4b445970a8a829f8494a71901569a4da61e30,0.0703574613131279,26.52
687856b30268d616f32085d4e88ce0588ad5a996492ce822e061019b86fcfad8,0.07022914061560596,26.5
7ea348419d52e87a9d895b1a3dbbe744dbb27d5418626401ecd9060c41cd8ffc,0.07017583260380011,26.49
aac6032f156137058b82b848bd70c109ff54277b4a347538fbe57749bd09ef12,0.07015762507682673,26.49
a41a680cf24c2cfd4fead7060014e9d2b55447db17c83d9479b974e7f40f4d94,0.07012679527416255,26.48
d295b7e0fc0a1b02c163df21734814ea65dd5bea0eb76e3c976465590295eb97,0.07011612619265892,26.48
3bbb094949417b8af4bf8d161b6eed6409cf4a084eef7ac3603a3780e1e374a7,0.07001242043617872,26.46
3280e940743052bd88a5c2b11150f1adcb28b049b58563300829f49c0f14db18,0.07003026762448383,26.46
de69ba22dd00d22c638d30a27f484ef1e48430db932e8defd85bdf739635c5c8,0.0700159472640099,26.46
fc4f386939921118216c19931b96923cafef8858c658d6c05d910316c5fc37a4,0.06996295182370735,26.45
a2746b13a2ac1eed64f7aaf68e7423f4b031fe649ac93fc2600b453c4a13eae7,0.06992254127645542,26.44
14fd2c9a7c34dcacadba0655b6e50b4873a8d3d8a6301441fe90da4d626de378,0.06990058664068075,26.44
72ac38a965f849a0e38248fec808f5da76c8ba90124ba2b0f4e1eec609ea98d0,0.0698790156967992,26.43
06e2322bb3c56437d0c12fd7ff6b4fc4d2697f942c628cfca30518caab18f841,0.06983093291060577,26.43
b09c93ec4ea66d825bc4d3a014fc02dc8acaab9307ca9cf0447458ac67adb9bb,0.06986923555050399,26.43
e2a9a193c0790b6ce04f35e88c3b679c316d8bb6d7411c8440ae56255c03c0dc,0.06984477299312551,26.43
f7aac8255ffe8725341343decdeea8a4cc520c699de3ef3e63aa40760523c39c,0.06982809182257227,26.43
bd4e2a6a6cf7c30a864a16a03d0609a44f73409d67d72338113bccf24ae0abc2,0.06980933126811674,26.42
f4c314871490e94478584911c1ece0159ed7844956115f6c5b45b5d65b328815,0.06979523086815306,26.42
7d9700c7a60ac83e63731a1341ea91c1375d7898bff7d3abab6e4df41ec529a7,0.06979645819069305,26.42
e95f06de9c807e06e8debe38d13f9a1b9b1b9854b0e827b62c305aa9d9fe8adb,0.0698232340688225,26.42
d55de41970ef0b2c94ea22e931ca0d07c13ee880780815a4280c6e36e41ebe7e,0.0697422265627495,26.41
b510a83a7845ae366fba3c945c2316087602051af3ba06ea7fb875745c728351,0.06968779626328091,26.4
046cb5507a69ccfa32caab022a654134ac655e8c46abd3ac3e9fe819f9c57b96,0.06971609947463327,26.4
13a8fb196d0ad6bb07420c14c3f0908d850628c153f0f944c5e4adf159de3dc7,0.06961940485349193,26.39
74b982f31e8a729b42901af0e8ef20b4273abf413ae1072244e07c67bfd76d46,0.0696377668270195,26.39
8b39b7e636d84172213f1d13ff16cd2c8d043306c5b980077dd0cc816a06a348,0.0695648562959897,26.38
93dfec76e68b15575ed35818828a557b6619239ac87e2299d2d61950ee260dc0,0.06961129525173168,26.38
fcd0bd116cfc551290771f27c53908bba4d49a4d9b5a5a4db783b790d3c2ef93,0.06955858207659306,26.37
53a77fdc12bf12916457778fdcea23c6b35d036eb629186d7c9f6e9e1c82e42e,0.06955501847913305,26.37
0135d051f8dc25307e12b90dfe5549b9aff9c01cc584f592f87f9387b192563a,0.06953127211146272,26.37
f1bb657c682b079635bc470b65a8c78f8e0ea1bf32dd140fffa5e32a21b28e5c,0.06951274182905715,26.37
6f0035570f4e448f5b56c7f464a65cb468f19edbe21cd19abf1a5a57d98fc3b8,0.06954118318514754,26.37
f42730cfcfacd9b0a3ce15a5f94bf13cf90b7b42638bd0d7d11139a65aab335f,0.06948614887747408,26.36
46f034751de08eced6b7bc43541d10e1de399d4ac0ae06ac3f4c6a11571776ff,0.0694680393791121,26.36
d910cd6f9382ca07365522fefb64bfb5520b5a8dbc4ad863b19b2025a300561f,0.06943719865534526,26.35
db46e6862a4649f163fcffd8867c92a845652ceb0eecacc8e64cfe52d4dbbcd7,0.06945831509615304,26.35
218286b8379a34e46bbf7e01a49e0272cf48d326ad76df46c519c6d486df3043,0.06942059894552256,26.35
f7038aaafa38bd8ba0ab0b95c37e70553472e064c4fa237625479d7983417652,0.06939620441854574,26.34
a3c53b70fe399669383413efc5dda739b1abc9eb1dd447fd69a379f1aa29b106,0.06939776724746484,26.34
7c90b3890517b0de6051051eb965d64830989974ccdf86ea0154b9e1e27cf164,0.06923336912051367,26.31
a8e47ab6fe8a67d5993c4c1405276429368d974cd7390eeb744de03c2e43791c,0.06921386759681218,26.31
e636da2d62be1e2ac183610d92465bba7f9774f1a56ccb2ba7dc5622b01cbc6c,0.06924769506560777,26.31
e5860b582a068c680032ea2586f8f32968a2e2e954b913b932ffb78ada17b7b8,0.06924345191769178,26.31
b3055bd75aafcb0745eb0af8395debe2ac6bd2c3d80be0d0fb7e255c6ce20fcc,0.06923979585311461,26.31
ba2b6f1796b06c5439a7ae96663c3f306ef486c5ce39e1d1180f2047b9859515,0.06923957706696297,26.31
57e0740c06b1d5c0459eb3fae1524dee1f3e3429240b7787523dd6c2f3b6fc15,0.06923281962574046,26.31
65f3f707c36104535193902eb090d26afe92b3ec00e82b385ee09df6c6d536a0,0.06919493104247948,26.3
f794544b5889d209cc1b76839415691c0df00eeb41c0467f5b8353a4e571487e,0.06919157647612885,26.3
f19398549c52006720098b75c9240625e8ee5f6cf565845cb01ad50922fc05ff,0.06916061119730263,26.3
2e3f497273ddb681e784e5a43268608db8ac93827ce30ca4bba8120169df0d19,0.06914475421896195,26.3
7301d458d427d712dacafcfcf2b1bc71f4344c8038df8051166df486a1af0d1a,0.06910777602214255,26.29
147f9e39c90c4eda20e893ededf7dba9df6560e22f257593d8e8a15b548fe826,0.06904447829871548,26.28
b55d9b1bbc1d1deb8b849e3f5f59661b47f513a0b481c15b66183d0810b00f89,0.0690364946524448,26.27
1a94f0e5845e6fe514653eae6e6aaed854ae97dba7997b6b8d73e9e518cbd3b7,0.06893616232451218,26.26
7ecce8d04ef924391c0c6dab04b5b6bedfb7e0d77028bf86d5fc1a3a2beef8c0,0.06890303302148375,26.25
a56969e3cad662485d151a6b3cbb4625f2f75a6171b8f22b8c69c284dde6c03f,0.06890132720245332,26.25
2cdb31c3fa594371a4ad5d37e3cd886b2be67a0591c453bdbe1e7f8e151fcb07,0.06890080664421996,26.25
819d1945a2c87321f760798763f55d5ce0504c57849753fe63bde63d95b7baf1,0.06889535687844119,26.25
8b3b9f942c348a11dbeea8942b59a442b065a4dbb8015516a848e11aaa9b73b8,0.06881756707867444,26.23
55c9baa36e469d66f0535151569067ed85f7e3a0b2ee12c10dbb385b94f97af5,0.06880915120016963,26.23
b78e819571c3da7836d68fa92e2cdcafe972786f60a0a3e6cea0a089f3037679,0.06877657691109546,26.23
b3868d5c065f9bb99ff8c0e937ec104f9c6ea9b23f2302d11cc517c4673006af,0.0687783496473235,26.23
67178b55ffa1c37cd8218c21daed7802367818621e8cf50f02fd1e19594ac168,0.06873061288665076,26.22
02f7c97840ed4f2e1a764084f1d82ca06cfa6d106c511723bd7b44ec623e1cc2,0.06876679958914997,26.22
8237bff9f3218bd44041d5f7982cd0f975bf59b7e0b0869148299b90c5203fc5,0.06873103775712393,26.22
c45ff6b6c4f35d477304c2af70449baabdaf7c79d44733a1ec4f2f71f59c411c,0.06872116092827271,26.21
ded9b81815de89ba1eb361916985676d7177bd878c0af789ccf8c035a31e8207,0.06867733846147257,26.21
73aa54b5bfae1a80a1832084b628e417f16f2b046be56381b2abf7620ce76c95,0.06871721505750725,26.21
fe9ffd7134b67809203c8a7abfcbbfb3a67880cbf1f166256e389e5df3a5532e,0.0686266567499372,26.2
f95e395ee310296af6084f9685f3563ca43da401b1d7a79e6b8080118308f820,0.06864127557336115,26.2
61aa894fb8a45fe4d9bedd71df73b53f911bc69de16b435a4593a3660118ed4c,0.06864473632885937,26.2
087660f0c5f22b31358b4510ca7e0358a7e289e8c1d674cecc0712ac9d8e1bf7,0.06858460197744043,26.19
6adf1f02ce6d15facfb719bba77dcdf8aa254a598ebdf9373f3b06cb6b183b76,0.06858975975028858,26.19
c0e7fb8a72dc7c77a37d54e83cdc25dd0ddd903d46c63e6e70a605a0352f283a,0.06858589524727828,26.19
59278cc5de8fe5a4431c588c472d5ea37d0d490005bc45a59d778ec12c92eb42,0.06860561227039705,26.19
6af6547b7d016796edf72e05bd248ad2fdd05117eb4182f1fba576b510a20970,0.06854347442808188,26.18
dc6a4449672b00ae831af95135085d28d158c34454edacb1caa638b0aae32c4c,0.06851563299273966,26.18
6b380291eea507fbbb615275a23e7e5fd57ca22c4f707a04bd4fd5b9725678ad,0.06855194537406312,26.18
068a6bd4ff7b222c93b7e8ab317a30e84d23f2025cd2c68667b437fac754048b,0.06854402264527329,26.18
d991f40805d8a228b2e043fb261acf23b920f8335cb4455ee6809cf40d245aa7,0.06854069516578612,26.18
16bff442041e68b3e6d11fe83a87d9ed76c7bdc83c8b4ddf1722351b30b4a814,0.0685363036006702,26.18
b43676a537918678b8c3f40f68a239c390769a7517c970781f0dfc09f8ca1bec,0.06847664138663609,26.17
4b4755b25d4b17ffe3c5f47bb81c6da4f538afccf7bfa95b180f87308b696866,0.06844446923404099,26.16
8426cbe8ae1702895e087452ac780a83944aedcf84a5b6dfc2a66e39e2b2bd91,0.06831568100870253,26.14
34f354fee2cc0b13faebc6237a8dd7c52faf198efe6cab7bc66b453212b450d1,0.06828745636063101,26.13
7bac3f820e34acbd197bdffa70637dbfa2ac31b8bb146ea41f9fe0c8eb1114db,0.06826523915242454,26.13
adbccb5634ab6c13eeec883b1fd91012cedd6b8e9ec328889cc18e245573f738,0.06820076574639514,26.12
71b7fddf5cc29f9ced809203f56ff81d3c066f6d6cd3e028b01567f2a10e4378,0.06822777939090739,26.12
f2851796313ee5474451e53d9036fee9b5b4a88824e742fe339234ae76809330,0.06811463393155134,26.1
50718498c4474f68c980e90e189151e697776fed3932fbd3f46e538968c6f5b6,0.06814330096748378,26.1
ab6964eb99f4e6002c2bb3722fe2cb301802a1945ee4618f5a9f1e0ef7cb6f37,0.06806420291536401,26.09
5a03d4da111515e4d80c35f220e7a27160d55112d5496c7e37c785405d929643,0.06806772447736471,26.09
976e0bb34de3b160aacc087665a6ab7af4937f487d85274ff3a92551c1e6a81f,0.06804999791129934,26.09
7975a9e7767ba127c126d39c55e5379c3e79d2c40d833a8349fff7bce3952538,0.0680671489555301,26.09
5d38e9631c9a65bea3546b1c8172b29f9e87a33f32efae87d42485fd119f220f,0.06807500944875072,26.09
1bf0f6c540801be7459ef986c2329bf76d9e662fdf1c41d4972a578b607612a6,0.06806826900006152,26.09
82075c4ee994315636b1b87960790e810b6ba12b6ce13cbc5f19806fb839269b,0.06801541030778059,26.08
bb957f6431ced6bd81dfc6184c37b21aeb5c85b4d815b74eaace1e9809101b14,0.06803498678480899,26.08
d582bffc9ef9e640027ec6f36df439c9051b44db5b04a96efdcfa6b2c40add13,0.06794687341199464,26.07
ba047f57743563c76d9fcb6b65bc62e5386b327fe27b13d63a17e70d2da988ac,0.0679678712200472,26.07
bd7ffbd2e3d4ee3ac1aafe574a32b6f756a22446a35b5c6884336cb06f0cf042,0.06787367012127796,26.05
c3c23c8bbfea35b80beea8b5289aa524024ced36113750a81821eaede0c6ca35,0.06788313961558225,26.05
1fe3cc26dce1983d892127defab41281266c357eccdf5c23ab1f4c46a178207f,0.06782709741080863,26.04
8045813602e0ff3cf4918673e63881b34d598e75409ac53f36f02cde96b24500,0.0678225215152005,26.04
06842f1b2f7f4dff7bac4fee8ed054b125a1e1f11b9c49ad18732297e2bb6022,0.06779042201061364,26.04
667278bd5c5d58a7aebbe1843adcb8f33d9c3ba23e934e8bc833b95b383bf573,0.0677379484231656,26.03
26d103558d65ea0d007b1a132d887b7f8c8ee9df09d4fc7be20b06f1d06e6e7b,0.06777033403648901,26.03
45b1d5949b026106eb2a808f4c56cf113af05e254c4ed8b8c89d3fea1ac10389,0.06778070219620247,26.03
1ec703a060adfa66c11f5b8702ae72e0b8e46d6043ab7cdb0b7d97a2c3bcfade,0.0676992232312304,26.02
574f3f972ffe78a46abaf616046f19b3966e3af3bc4418f9120fdbd8f8c5a38f,0.06772608755198216,26.02
bbf38870b3d884041bc4ab968e997acedcfff66348d47674b53444b19130b5ae,0.06770929203687576,26.02
5a1ee328dba11ee9b7e1e2c024ecdfa03084f1646a0048429ae694442cc8175e,0.06758654209754254,26.0
ff4a5845d9faaabe8bf41f8b9fcd9b789cc7a925cc44e21e9460e27952c1bf5f,0.06761870542314727,26.0
2e47533316c392c257a09f82a930aa8fa8c6bb59d19d3fd6c2278cb19de78dea,0.06755706088647231,25.99
79ed03acbfc66669a011f0c5d27f6e4dfcd9a13651612fbc63f83f06c11c9261,0.06753293826086638,25.99
f41c11fbcaa1c9a1d213ae2503bb427298a13135245a23d8232d34ebabf2760a,0.06755943551941938,25.99
8188fa81097e0c965e7646a1486472c2aaa648bf9e94b22bc36e32ff51968366,0.06742310970669413,25.97
9aef32e4614a87cd700cebc9485cc3cae1817717954ae8b9d5fd2516d78de9e0,0.06744339243147097,25.97
808fc1315fea4b3e5938f1b6b7a307f7b0b7e9194fd79e41cb342fe468e78122,0.0674563734097635,25.97
5ff5e49eaff8de3d22d91c06e84a6312b0f51fc39025370669337536a714d328,0.06741668039166358,25.96
3e5adcfc794eff9e85a6b60688a72e92fe49cd49d427e44519ac7ff3069f3472,0.06732102175655368,25.95
cf0f2c3306550ff03653323d6d8486a77408b6a473ad4014a3daaa7b70f3f4c7,0.0673353544510287,25.95
16e1eeabaed4670ffdb6c653a927f0c5e8e02223d3698abe963a1d95a5ad8eb2,0.06734907393510375,25.95
69aa566a2cbd030c176fb97bcf3044286976d76204d6001798b5f7e6b1ef6c46,0.06731083801954034,25.94
0d89467db76d692f32f7a6813f7c467cc5524e811172143b1e7882bfa335e145,0.06724978686446373,25.93
02c5d3eaa29f8c8854582e5790497d9831371b5c24ef76e83d395f10bb6921c6,0.06723048683227235,25.93
85d78ec81be2a2e6ae519498cb2fd282f725d804e96878eb69c19d3431eea798,0.0672245796509813,25.93
3f93ccf7d31adab1c3a4bc88396e82c4efc23d201fd37e2b7b3e1b49a6fde99d,0.06723222087740051,25.93
7c9aa2acc03a8b299036cc3c4e1717460242754c30febef4eddb782ca84bc58e,0.06718656904908583,25.92
ab73ec58870e47fe0b326c369c3ede6013b8d74b321438c25760e32c641c8477,0.0671286298238203,25.91
9a56053d0e519c003143b51540a62d15b9c0f78fdc4b5df4cd2dd96f4b891ef3,0.06714731166853045,25.91
642838c9a15d6aa5a3ca557b787760e687daf91fcdb01a09243bcaf4f51ed7e9,0.0671221228695451,25.91
3896313e5e3ea307887c7edaa5a8e7fac96195818716a21e70a90a589526a6c1,0.06714500976135987,25.91
e394fb291bc70f28be5ba293afe5eca4a6d3b4ca6d8b7c5568734db3f13fac16,0.06712705985189277,25.91
f12539a90c1a63092c784831bea61f2e2cc0ac7dcbf164f33bcf346878e00a8c,0.06711970215518515,25.91
3faae32e7babdb01c6a1b29979ab97d27812a3bf2a6760a1489e51ef02eabbbb,0.0671577854459294,25.91
ad277ca7b222159a4516e0c2c19b3b6c9f85225450aa594fa400164d97ba5ec6,0.06710458357538035,25.9
0796eccc1a996b4bae277b923e6198d56a2144c2769e08c5fb5203ebb944a358,0.06702761027153878,25.89
1d4890239629152ce6227be3940fc55a9e4eec145f4e5ec2692df02f96adb12b,0.06701823668902529,25.89
cebf8c6f1ec8d11c557c2d9d0aaf7741c6abbc5e39f8caea24f905ec355a8481,0.06704861755891972,25.89
43b55cee4e197828ae7cd5be17b0aab0f5489e59c26aec3171a66f3490ac67e4,0.06693723516735833,25.87
e2245c055782eac67277216d8fddf39781d394ad0e9a72baafd99d21a67b58eb,0.06694450148227574,25.87
69832fded38916ae25b0c9e633beb791b116fb7ceb6bac33eae2a41ab7e3e338,0.06692595424683427,25.87
8cc2330e3b1f0411a059db5f139649b6671c83b84b7627641aa7468c85c911fd,0.06680099010686655,25.85
88124a437a123f83e1f5aace9e8744fffba94dc4a3be490be53c53eddbf9edb3,0.06684536123914137,25.85
b0e56d5e5b821c05f70786e7b1a5c8710e02c0e59b1ac2b857c2223442530469,0.06683068561354098,25.85
c696a4fe523a954b393143b2dd37682df897dcca9984fb43265d47ada02a8a13,0.06678785657374388,25.84
290a7899059b4efe4b9a179d80c7b6849e4c6b023942ee6fbce9b8d835122787,0.06678399023336701,25.84
bd93530fbc2ab2f93f54c94debf539ad5a95c54a09b705f55dea1451f0766afc,0.06670806087958366,25.83
8dabe30f1171d933077801db898fae213bdfdd90673847129055c74908eefc76,0.06670083589795223,25.83
f145d6f9c29fa33022daf394fb7e91442613f2af1b6e1411f5646a22d81c79c9,0.0666749966159734,25.82
1605a563d07d2c71f9974f192d3a32d60927f920d004788bfecb820ed52fd879,0.06666369036110485,25.82
9b3c9860874f992ccfb4a5fcdd938af0eeec2f94f47805d658d3acf5b6ea54fa,0.06660623404488811,25.81
ecd3d3ba8bc8c4b6f4cad1b85c45b1e858c6ae320d9115965324f37efb89cd08,0.06658394453445701,25.8
9862878d0e05423aabfb2cba820a3ff70143469e49a5a4b3a294609657a21441,0.0665811821831615,25.8
bed0a4894596682078b3b153dba1873d15c126086b3f41ded35f369327005ef1,0.06658428635061175,25.8
65af221a79c1816eba0314026361c918aa33a00853304875e090455bf30c4656,0.06657602682957903,25.8
3cfa2b96734aa9f1a94348cc4f18acd8ed241e0ed227c9c6cb21a9597d554f9b,0.06654773380231015,25.8
ae85344c9b3493cd6b0635fdc245b8fc21f92bfd7f1d5f91fc531b67629be108,0.06645872535621815,25.78
3777e693cfc709be39375bd07b82c35f18665c37cd24bf494880b9ad9d21d34b,0.06647415850760012,25.78
22bbaf66e816e341dc920f5bf8e7b79514a0c25a344c16a5d715a09d7d35d56a,0.06639061007882552,25.77
2ea839f6c8127fcc0dc9dcac3bed0878b78bb858f6158b0676e750b030e789f4,0.06634757334419357,25.76
884e528e7b939e9089770c70ae1b920096a5aa6b2895f05a514e4ab33684ab1a,0.06635422127731007,25.76
62802dc025a1df962b203f9c25a4de2d8dbda47d286f3b0fd6b0c579252eb784,0.0663517699767731,25.76
366f492477c87bdf5b060cb558e4c8af692f47f5f57b6a9ab33b3d2cbe560b13,0.06633507536571434,25.76
a12a8567e43857988487a3af21d65b3c9732ac5cddb3536e5a8279aca74fbad7,0.06631301186187427,25.75
b77bcba7d72c62ef5d181ea793332704e1c1704c23592c048550d4254661a21f,0.06626560260896407,25.74
29fd63eec86049b2fe243cf15ee45a2b078abf816b727bce0bfac241e07e0e28,0.06626235347361963,25.74
084fb7f14978545dffad23e0ed2771ba64fbb85284fa4283dd674dba59b170cf,0.06626106714107471,25.74
82c5051ff88d619c46a72210a20556389a581067ed9ff5fc00eff9f4b72acd26,0.06621012429357269,25.73
509386f3bb8daa0ad94164c262b9f1345c7991250dd9168e7b6f00b0b4db2398,0.06620107478294311,25.73
a4d2b53a81a2dcd2b35dfa7517bd2eeef40affe17573e59204e2b0db0841fcb8,0.0661546869388945,25.72
cf776cca2d5a8e5d76d0c82b981b549198ce9a6803a549efae58d9557ea00ab3,0.06615192718822113,25.72
648ccc8115f3ae42643f467673288f67b8157087187cea38467192ca426abd12,0.06610935613435426,25.71
d793f7276a7165d9df35962b328f30a6bf57b0629c69a804479057796fdf46a5,0.06594385259522398,25.68
90441850c05b618c0bb241081828e1dfb4e29415e6b2b7c089ce921ed9c97f95,0.06594293878053709,25.68
9948be6c10903c3d2da56fe21003bd045f88cc9638befb1df10e7603cb528071,0.06588070388477424,25.67
0f8caedfb212412bfede66887048e2b92e71d7bfab75bbb5d037541605018abe,0.06585812007933346,25.66
18081b9aa10728916ced9b55d8659546c3cff32f7c9aa930197d569b82760a32,0.06580822502222919,25.65
65d59016b7375789ed1c266701aaa7111bb41d7ae913d5d932155158141a6173,0.06575213972554271,25.64
399df3814643f3fd68d47b17dbaed856cefc55835b5e966c8f428e46914560cf,0.06574527270916844,25.64
1126048709fee4ff9da9afcb70ae5b8c3d996ba660f0eda8a2c7c443d059e10f,0.06569795231303809,25.63
62c35fb42cc489725b2cbe8352289b1db6d9195333047eb82a06bf5fd669bd80,0.06569494497692739,25.63
ae895aa1bacb3abf0c7b6d9e980c11e31f11a8fbd2fba3e38f97907615d216f7,0.06563383632804663,25.62
df5d7039eff1e4754a46f4748d3290acf62de8006deece3e5199f0bff3ce875e,0.06564993680226584,25.62
f2336cefac2fde86dafb2bd9d7d42ed969d4b023bf903231217fb24d653a894b,0.06556341616552402,25.61
db1ce66b47635e3850a9273766c00a93905d588716a81ce1bae6f5ebb7c91039,0.06552460283789213,25.6
23a81c2e957d4a357d6f20c5d94930c673ff342ec4f9ebc43b1dd2157a576947,0.06552063399268268,25.6
01f276352f6871619f30e21800a9ccf027c93512ffa5bb015bd133180e5a7086,0.06549568999993523,25.59
0d72ffed3ea2bdcda07109a37101f666b92d3a93d9fed38f32bfe03643b18208,0.06547013879684158,25.59
1920e9944473768705d813fa3cfbad91d451b06d31078f18d640df54ffa7f076,0.06548605983794097,25.59
f9aafdaaa2d7dbbcb503181e7248e100f06a245c022272970ba5108eb5badcfa,0.06542960037468018,25.58
7a093089b6a5e798d698282d9d301ba5e2fbc78d8c91815d161560c08d5bad23,0.0653855482326386,25.57
f1050affe4feb18a1c3c9433f4b50872b9cab279e6d2967ec02e216989ac9580,0.06533154233875678,25.56
2b3940ac504741522f509c778048c3d0b9863dae2051f1e36062ca784b91579a,0.06532433488759992,25.56
f806f7b628d9365e0e9ba42acd5e3a064f2d73b9d68f09a3d50c8f6d0f70f9b7,0.06522295550552899,25.54
f611cad89982a74209bd27b6c01948026b36168074ef2e37afc4e6488e5ba448,0.06524641392596203,25.54
9bb2f31b044f770a00abd7267e0442090143b8acefd924b9572dcd0c2b5d2dc8,0.06525328442733765,25.54
e3c70eed34ad3dc755363810bb91f7e5c39fb55078ca3512341c256f7cbd13fd,0.06519659442513119,25.53
a211f3d43e7070c7742e97504a1f8f412b4a4273e06f4a6dd57029cefbd11e32,0.0651233712074095,25.52
caf8faf45d083afd213782d6c1c5bcbcaa48777dd751926fac5f4a8051e76280,0.06509622703716239,25.51
7f5e02301681c4f50d7a23410ef8a9dc2d4a05fde5a3ae97192926705e16b6a6,0.06503300766724462,25.5
36c00cd905ee665a034b780f8ccdfe939931905b787bbad4b277dccce9cb1d91,0.06502833885020254,25.5
1c518612537107ad153fe5cdfe0a7474eb872af5ecf2af76b2b78b0d00b75a7a,0.06496080315495047,25.49
8850fad7d882b3199e2452206f93d54f3cc3a4d130a6e8c3474ceaa71d68b1af,0.06497366606121374,25.49
6924bb5601247049873a72223d3dd90578cd5e5d6d3b86466cca472615a941ba,0.06493238811211277,25.48
cafc5daa2cb31c8768cf1a9adb5026e92ec50035bd89cc202fb21663beac01b4,0.06489188864655776,25.47
19daf4f4448441a44b1e4747c264c394b379ef49bceb4f3398e762bed4f4508c,0.06487289093440733,25.47
76e94bdcf6d3bebff97f66f3cd715722d54341d977e18c065ea1fa2c37e67fba,0.064851816799967,25.47
d7bdb56be425404dcd1b3d7131bdd5f1540b54151696e11036055f61cdb3cdad,0.06483052423304982,25.46
2ab2f62b922c7fde6cd5999ba3475131f7d04409d55cb80e648792f2645ee005,0.06475159230813393,25.45
9ffa2c955b559f92a657f2feeb278c6df8d9065b94f133fb9e1d02acca1e825e,0.06475166080487563,25.45
08ef955aed54375ac958c3fa6d8d17e5dd166bc011aadb19e980b30dd7b30a36,0.06472353100487303,25.44
4e95c1077d038892cc82d84767fceb819e78ec1e0eecbc303fa6974856c652d5,0.06472814288662514,25.44
eab6ca69a7f185134ce6ea6d75e3a87d25fd42829555d51616a29e23bb852a34,0.06473496322913312,25.44
40937990f8abfb33eb9e8a0e08954eb357a70417717576d8b5ed6ff6f4b699e5,0.06466711172127726,25.43
96024bde0ecea48d0af21d21fdab6bac5ee875ada227192c8983cba828e2fd51,0.06463967549538437,25.42
5d12770b446a5fb3dc8a9a5052fb1bb2a48740790bcc09e4dc64e60b841e677c,0.06463031527627229,25.42
3adb2c5210cfcad603258665564b65293eb342197ffce7c8891d3ef69975bc9b,0.06456719857793618,25.41
bed5750b56f605c6ec77da799c22aaf657f4cfd066c7a59073c3fceb96aab2b7,0.06454117782012983,25.4
fb5246bfdfa7c992404f9a1633fd097ffd3deb48138f249ce7e0acd77f38aac0,0.06450274783800353,25.4
835fcd5f54bf80af8471737ac9d77aad692dc7b4463522c4c310a5b508d92bd6,0.06449361241745522,25.4
45b49d748383053fe743ebe254b619f97d05d6ddf84df501235697c0d3aebece,0.06447843907978362,25.39
55f6faece3f2f77e00ae15f4e6319bb75db8b51f74d5692c7bedfab8f5200bb3,0.06445892503606897,25.39
0dea485fb1f2f1349fd3ffa394d8564194ed5cb1bbf06466bd8c67cc96bb2e2b,0.0644608822943285,25.39
2bb2a0f9661383e3821f485b2c821c3433724e729d1aa79dcd7bd5452cc0e830,0.0643976562467048,25.38
54f6e729fda334277bb4d0247b3efa45cf8bbde88438f0f4fd6c0961db28d9a2,0.06429950206511678,25.36
00765ae69fc5bb51a151c8e8496e907f0b72b7d1e459b5924653814bd82d8523,0.06430053759020182,25.36
b489f3143b29f58f3f2650a0d079fb5b004a447393eac7b240372e689d2356d3,0.06426564628654988,25.35
50aac84e738ec2157c4d7fb4e870c4a6196cbb252835bcac2bbc4afa228edba4,0.06420132930243197,25.34
6e5edaa9681d1a4a41c6a80fe0d9b570efea35cc33a940e8f5793a4a3b2c6223,0.064200552193929,25.34
825ba4c353796ef8eb6cfdffaeb7e183ed35b20eff6427ee8d422556538409f5,0.06422808648377315,25.34
b44064df489af616ea5f9d41b031152afcf56bf706ca1838edcd887c6268a5b6,0.06419274942336055,25.34
f34b1e37ee4a09b5f46e4369d7f492f113c85f488f998e057289248029bdda84,0.0641544723146506,25.33
525308a11fb3eb1bd4d562ed823424c111bb77ea5275e6f007ad543d512f6088,0.06412024423314926,25.32
d11f14edb0aed51a5eee33bde5e2e2ff77cc2186b91be69df23ccd9fe077c85e,0.06407294191498888,25.31
dbe37955a00866e4e7497da4013a6e12a0346f55fd97d6af289f9ae902aba16c,0.06401271548528688,25.3
05b39fcdb815b3f234c43086a73c800da974d7ddd51819613e7613c5ef93ddd0,0.06392358802220886,25.28
44fe08861ac27e26ff6031cd91370dfff79eb04f78098ab7d0f4da8a2afd0be4,0.06389522971736034,25.28
2d04a3e57a166c1a3130cd9ae4a3650dbfec23446aa63cbfaa06d5ca26bf0e53,0.06387657901714673,25.27
c5a0f602958f1236284ada47097f13492fcbcfbdfe6f9004513421280e0301ac,0.06385726602119611,25.27
62e6fc75bc55567ea114e19b37c038cbcb6cd8b3152e9469eb1fed9856d8dbfe,0.06378260455524694,25.26
f6d7a4c627226596feb3ae514c461acaebb0b553b6c558f001c6a28df298b6b0,0.06376775446682649,25.25
055555dcc035e65193c65fce51991435306c58cfacdbc6c4ea3aa5be7aa220dd,0.06374596925210986,25.25
b88ffbe8d8eae798ad540fabe24e74c4d3ac6e091afa0eb9353bbf89ee2afa9e,0.06369796628786614,25.24
de12e686962005b2470e5533df8022d154289e1a8307ac614c3f301eee2e514e,0.063678045346336,25.23
4c5e57e6fb0a1a5c09242c6a2b8e30057a7c25dbb61aed1385ccd183ca821735,0.06360740513993642,25.22
5de95c318c74d4dc09856b84aa72e64d5b42be53167919336ce22610fa030269,0.06361913337871193,25.22
0e8d8ff910ab67d04f8a6cb038631d1e919674987b204c783c79ea64117eaa08,0.06351929133690964,25.2
684a1085467e15f9a5644d385bce92e4853d88b64d4ae259cd3b00da2eaaac27,0.0634810954707261,25.2
f3c238c0ec2a0510cccd8fb1d214cc42ba28ccc3a8cc4cdab1ff867cf4050a8f,0.06338447290063859,25.18
3222726cf4526d28c962495d922f7c0a269c8636dc3d93c59a892ae0f7a138c5,0.0633318855878851,25.17
a3db1451b1d77a18fb13275885108fa3613c2db4c0d79356a45452ed1bf2798c,0.06337210303659407,25.17
157e50d605e1ca9ff328e16fe19eb9982348cc1dc7a2ea6203ca8108e002f679,0.06333397256590922,25.17
54a51dc632978b73b1a7e96d89973eab20811c6fd23801fba2bc0171f08783fc,0.06331397476050202,25.16
b130bbfbd6577759d666a3fd083f79f7d3d334d896853c39446fdf404b246db0,0.0633126379228595,25.16
9adac2908c10e85bbf9f0cdce77b18ca5cc6da14211afc518a510d824c410896,0.06323312832314543,25.15
40b0234008354778616eb282691e9ccacadb59577fc8572a1c3985fa4659db50,0.06325742278720595,25.15
5499042e619690622a2fa2fedb36c121e3a78e24c2dd27ff64fd4ba950a3d33a,0.06322429284793744,25.14
9de7fcc6ccdf8ccd07c542c53915e14018a156c06a236ff785e362d64ccd5eb0,0.06316527070262601,25.13
51a0cbcd9c1951e0841fb97ddb236f09811497f183c5026b34610b4213ed4d89,0.06314518749218379,25.13
a76e4b6c9cba87ef540fe0bd29baaa83e2a26ddcb9ddd3c1393d2ce64e5ae1c4,0.06314336209305213,25.13
f9302f3587b14d4b43ad1e76aabbca956ae7764de98fd5888da2d54b539996b7,0.06312622955822025,25.12
b633ed757210d380a233d187136ed238e70a8332b00c51957ab8c1017022edba,0.06307967494041238,25.12
e5dfde5d61d0225e12e2adae574294d9f4e24d4dc6d07ba76b95116a30540787,0.06306809221377768,25.11
588ff182cdfd41042a4de2860c842ea3e624ca4ff3946a7308234f51d4e5954b,0.06303207371709686,25.11
f90e9d2b4ecf75760532bcacfe626e1607f5d472dd3c967e4f70bc48cc7a4972,0.0630682352041819,25.11
de3c9f17f4d458f99cecfae1bb9048bf85344360e2c24f5b3ab8517d0790e958,0.06299564144506768,25.1
edfb4ad6a0ef3a477f493f4fcfe14ae8830d91381981feae5a78f3f9fb271033,0.06299495508583902,25.1
cf5fceedfb2450163171c60a6594d09a6558bbefe73c887ff91df982e4fa909b,0.062929089348819,25.09
150f96caa5793de85db3fdd78640a6236d3ee2265bcd21b9548ffbfc53ae519a,0.06293717401759767,25.09
4a45f08fa5e1bd72b1ebc9be4ae630b1c9721937cb837c9b5cdaf10abe70e715,0.06292743435301644,25.09
9af0163619fed2d4ecf3fa8694c4a742da3b425f15b9629a4ce7a11af97ce985,0.06289034392449394,25.08
f0ee71517e7e17eb21f76b2b01ed935f2dc3b3ae0ab070f7eb81aac05d647d32,0.06287189110318157,25.07
d5170efe68f45087fed5123062012b0bb13be984c6e749569fefff5d5a34ba6b,0.06278828528510952,25.06
35bcba4597a9ddb89a3327a3c706173d9ea30fdc2bf88bd9bc29741785de3d1c,0.06277129922196185,25.05
cd8f8f07361c85b4e04c2c378a00c7834715d326460b49b9f5fcad1d215d1676,0.06273297529715022,25.05
784119643383aff67e919999244e1e5231f35f97ee8653b19e3197ccc874ed93,0.06273646191939065,25.05
65d24d3a0b2dbebfed66b2f51566c616125b1392994690a3b51e7fff72a6a0e4,0.06268145286809694,25.04
68d3d3ac8e4c6f34cea0cb26ad7a55f450d803e25154ea13bf5d758ee6afc71b,0.06262666321864707,25.03
d713c4d8a18e60a5695c3c44da3bc567d41e33f67af671740e806685cd14a3b6,0.06259859704134053,25.02
90377f1c634c1e143a33d98ba8fb68703da03db43ca8d2b37803e488a0b4e585,0.06259711621445835,25.02
c138458b4290472df70456965dba3d461e71f17b9c3a795a992e7283512b7ab1,0.0625714995225874,25.01
d13f8a7bad981747c2abc1efdfb5815cfee2c34390370d3fa1fdd4bab246945d,0.06255440932927984,25.01
ae56c6a903aaf7aeec784bef55c077feea0ebbfe99f47718060949bab3747563,0.06257288554309764,25.01
0caec305ee6b9ac237ca1d11a6b8870bddeb740f56919392550c04cd4b8fb9aa,0.06253167101595274,25.01
352f356a6f7e8265c3d73c8810692cbf634c383cbafbb0b26773afccce2c5687,0.06245013504802828,24.99
ef6ab7b15fe9a23431eb0ee0f6e4744c4a559653fe6c0e01e1eb26548fbbd8db,0.06245533504561308,24.99
6f289230acedd837985294c0258a2dc7a5505b28183e0d7fd7f258f623aab670,0.062386266276507174,24.98
aef53da3d68a70da3f318978f67d54287b8817ff6e098bc2cebd0c88cd4c49fa,0.062407865571926235,24.98
997be5f3a6144441e70821405fbbfc279779361d203735e7a2a41dc9d0db7f04,0.062421766338463816,24.98
75acc872f735409f2445e8ee1e10c14b8f0970851c910323de260c27344a5b2e,0.06234522016422025,24.97
241a410a22a7856f714b09dedf3f9ace1fe73c16bd9232891adb4003ecc067e8,0.06237243102944591,24.97
dd9ce40cfa03d84602bec9cd37b2d7b042025b415bf6d962efa4bdd78749903a,0.06230999995978765,24.96
0ced821ae92d956c0a4a4cbecabc9217c65df045cbb67b2fe1ed84053b93063e,0.062323752399621866,24.96
50153c33f6323e928d0c35a05b780667b62293804081a98a688b81adaab989af,0.062268061889394336,24.95
be1a98387d69b9b2456d0c5bd1076f34adf278fab6dd023a277bdce52c34638a,0.06220675850680815,24.94
643f69e78630423c9791810d303d26371c1c9dab165cc88b6b3476cbaee52f5f,0.062219650246090545,24.94
0d0692d3b42b7ed542422994b016b554ee9136a6a808232428bfd8574b5ed170,0.06222310689121101,24.94
cdec729fa8efe1a6d7a4a64d10172e8c0630de8f494e7b7aa832bfa2fb4de7fc,0.06212806701208729,24.93
dc1f3eeef4d1f61f2d459d2c734da7b8f795e665114b2869ecde4f32710b85e1,0.06213057284474175,24.93
0261b08971224cba257b972b1c51b29afc27611f3ae6b7d905c6ba6ce3da980f,0.06210878872071733,24.92
48498733b4857640bde2395cfb81d5bb0edf3d7abfc537d191c689a798758927,0.06207624661513424,24.92
8fdd39bb42bd37bc65397cecba97e0402ca698aaca8172ed892f53c1ea729260,0.06212032477838882,24.92
1bd72406415b5e913846d3adb275163fc743aa517804348568372c23ce61e37d,0.06212461630703884,24.92
7e4016dd6d97a9316b59f320ef4735620a3c573ffa8443834c0d11847ce78047,0.06206953549311857,24.91
188502b890ff08634bb1f8565e1b53add5a3163e2633dac596d425b7b11bb872,0.06206320652598821,24.91
e6c9d2422e4b37ea2450d26d1f61bcef2f05482c031f780e137da019cb03c215,0.062074054387597465,24.91
4eafe913fca17cfdd2773f426b791f7e1bf67033bbc459ea8cfa2f78f18f2642,0.06195408872545488,24.89
a8303d33c2227ca78424e6759fcb36dae20c197cbda761ba9cc6176f464bad03,0.0619148533472528,24.88
d1d3822a2be5073a9230a8a9444cdc7c20663fd42869ed7775604736b9d49c93,0.06190047151750007,24.88
43bba59d618a526493692a28bf0966463b2270807424929d90b155a7f44beea0,0.06179610085943711,24.86
62de56a1cd5a93e1c4e8ff97b0cd2213892b0f2b0bc61d6d4acb5933b64dd8f8,0.061787373906409995,24.86
9cc0b2b6f35bc78e1249ea869175dc4ef16289e0bd86ee9202a3a070787120d8,0.06181822205264416,24.86
d87469765abfbf4a043b491cc7e9495f379267e9bbb031e9b01d9c30c5178e0f,0.06173444786675498,24.85
dca40b9fa11b124d2ae1ad4a7dffc04572446142b60fa0e3104c853f897623a6,0.061744619344920766,24.85
5ecab4f08c3cef38793b38d9209e9bd41e37a2d416ee71c704879f4e8a6bf15f,0.06175936189017867,24.85
5615e82277ea41d05428762eee34b02e011feddd656398c8459183a4eb8d5a93,0.061588169403462435,24.82
c79631591e80690563aaa5d85a7511aa8c382a81f52963f2668198e40c4a6264,0.061594459403977835,24.82
519f712267f0dbaab64163d0a7b134017da4993d710119279c2779e0e502f32c,0.06152246321589284,24.8
8acfc1b8d80b938ec4deeb12aa4802cd6505edf9dd965bbab14837b93ecab644,0.06149521216242059,24.8
e793c14f50beb5c6ffbd283208d260b0f0ffb2585947004e3dfdd75737f2ae13,0.061509953864453466,24.8
497472c1b4eb523a4835485526b8fa2d80cac8cebfe0eb608f566209855ad3d9,0.061453556774386,24.79
bb3eea79328c9645e10a6579ebf21cef8a2d4febf649606428b3bc33384b17d2,0.06129144326134247,24.76
79ba7a1b44f3395db284452edf67b52b14da2fd0fff13136418f5d1b9b8f7642,0.06131545396411932,24.76
ec8567d9ef5c3a6006fccdc0d63d1683a12b72224842769cd4b275c3251f122e,0.06130863257887175,24.76
14fb2dafce07b3d25a76d52a5dd9f3ff7fd6548e4d41ab8f5e83e82011600697,0.061248832245240824,24.75
bebae6af6231b45959c4c7ad3f2803c32113701ed1cd429de0f3b3fe6343569f,0.0612385452628323,24.75
85fe44ddd8d6539a484b7ddc06249dc7864cdeb1dfea273e059dec22c474f1ec,0.06125334313967579,24.75
add75ba7e30e2ffa0760bca3897e4f9610c7a3b46bf3d2b502eb1f78d6e6b90e,0.06123695069164687,24.75
9da88f87243ca4b1c35ef95d578a720662f9d29263905403ce29e570f84cd218,0.06121123546881036,24.74
6f640ebb5a53b00174ff8f6e8f0c6dcb0aece6bbb26cd1552e3da066935d1b0c,0.061225302999815726,24.74
23760cfcd56df426079f36163afc9d50d106ee8c13daf9ba9c9bc07708e072b3,0.06119497697069157,24.74
585877261df369b652d959a70f9d1246d455de285e47105b40ec12d236d2b936,0.06115792139781044,24.73
3c9951bc3cef91f1c1f419d444d5cd5618fdafb4be341a13e3bda2547909c0d3,0.06108979620087128,24.72
a8fa78688354a3b0fa2fa13e6b5d51d6b8863dd80467ccb31ccb2355fac8d777,0.061073046701050376,24.71
84f908be5d6ccb7ea9807de590c41a084b01fe33f4de3522adaa4fe51d26c91f,0.06094407708094037,24.69
fa9633d53d878e522ed0445eb7c4ebcd3fb3e5863ec597bc806fa12c604450e0,0.060892344031433454,24.68
cef0195e687ed97767c754a8640f0fdc2c2c9e131338bd021818e2692df3c2d3,0.060892178609739285,24.68
1eb184b000e0ee6910d9f120d412c2f9bfa10353d0d796eb28ada28ed54e6a4b,0.060833188100457534,24.66
f1dd0592e29977611c6e31d98b87d7055813e203fbf29e8f8e424c721a49374d,0.060777220451116595,24.65
b9ce86a38e2098eafcac7196ce7e02fa7dae36a51ddf179b8c9bbbf245637471,0.06077410844006976,24.65
cd48536bc4c04bae41f39b3e73bc571d0df75900a1a79c806e581d64d53bb9a8,0.060760433813510234,24.65
eff0a8f7831547ef423f12ade9d4d8a0d92d7448a4a747a2c1a5a4c26a5caf1e,0.06073287043123441,24.64
4caa5face3c6fcdc7cc7286be1f74f0e2c18e11a0de34fb2b5339d9a92441b11,0.060732571807625695,24.64
abd374b46a7ac65470867d667cda842e26308c9f4ace08b80e8a2cec7e4d5d39,0.060675904249302734,24.63
3a3a827e12b175224d9a3202befc0d1826db12ac08e928016d3d88f93fc5f88d,0.06065847937333548,24.63
b6305bb8009bd1bd382f557d11924e0ad08fe95d528cf1aed991e7d8fc793b9d,0.06059709293024669,24.62
53350356be473d54f0da8e9056ae35978d38ef4e6bb4912894505fba5b8f7902,0.0606384366122749,24.62
b1d4f937ec8ff04d759aa982349aa3568483fe4a69f979c6112063cdca2daaa8,0.06056333245545333,24.61
477ddc1af04b850e0662f6fb8f80933ead1357b788cb4888be26c1b1ed87421b,0.060497562756479085,24.6
fbee1fd11bc7b58feb365179be6c41806a4e843faf68390477c92e030c459ddf,0.06050798800944112,24.6
be363fbc5cc6e34ebfd556a6d5551bc0803d1a6ca94a8ddf34943ce683bc413a,0.06040539981265877,24.58
e01c3d0668270857346d12d10ed325266fe3e73364eefb4763cc25b08018a03a,0.060408035811829554,24.58
46eb9261ea5bd0d89ae9da569258439dab6349bdd5195b201fa2fcd0ff6ac198,0.0603555834531193,24.57
f37effeaa38d65c07c4ea4c61a8677c96d150ee6ce8ac59d22690829c53eb563,0.06032616133265077,24.56
eb259ccebd729050232b9aa30ec5ec1da27ebfa21225397b9e1b7d287494a3ae,0.06034008905664599,24.56
29e9003f4ce7dbe277ca72c9c7f5ddc7cae7346e6a7fbfd4b89e4113c6f1587e,0.06028612132356558,24.55
f6d5ab6aa808a2576d03ef346c3fa97c271b54edbaf9336e750c7affc5d699c6,0.06020152000958036,24.54
8cdb1ecade3d5bc1e27612f1b9d659c5aa9b4e196f408086d8217a42b1cda1bc,0.06020520056976547,24.54
d09e10cc7cdde819f436f62c52c7ccbffff6e1dd51eb552e3bf8a7ebb0b33f3d,0.060160982694943195,24.53
c70148006ea10d38f081b9920f0e417e493281ecc9ed5c11a0e6ffbb5d99f4ae,0.06016294176967067,24.53
174caaf23a9814f5152821ac5ee9ae4bbbb038f4f68e11494102c38c281b34f3,0.06018567037949187,24.53
7491f3e79bfe2f1c2dd8df4d7e83c9746f25c209403c2e242c02e39c015e3d44,0.060102936769882376,24.52
2d72ae067393a21ca747cd0f1a97a6d52b0003d443b92336582bfc30f371cb24,0.06010851568881658,24.52
b777054f500f07f47d2dd339ac1aa393fb543c2a0980628e59ce7f096e72277e,0.0601063087671708,24.52
abd92f804ec5a020574ffcb9e28688573358ee044047b969dee4688dfb89e5d0,0.060055189091655276,24.51
db6ab9264df915270de08bbbdeb5acac692a326203cf7c363df0e02b8a2ac52d,0.060030996274681725,24.5
b13318a8d302ffa45c11e8b493695db90b146f3a59c47d31b12a0ab9b92bb953,0.06003689574635711,24.5
dc5a242d0aedf960c0f4dc31f25dd66c26a74b1b2c0cd7243a479dcf813b4631,0.059952061087653476,24.49
c2207c05f11e093c025f554a1194004b9522020ee1674d94cac033d5991d3ca1,0.059989965384670316,24.49
249e95bf7025a0a4446a7e21b106143d1236b81beac7f629e7d8e74b0014bd7a,0.0599311562559278,24.48
d2836b9b6d0480a1bc325acf209c034a457c1dbc1fab551a37095ca3e496e7bb,0.05993249327661193,24.48
31306c133b3ba46d84f54c01f1240359ddab08ae3fa3e51f5116ef2d70fe6aa1,0.05990168983344634,24.47
b2e59791a9ecce1b41007b1b24d5375084371e9a280bb990a0d15a347c30c32f,0.05986662536301538,24.47
ee27b6b26d8d5282bd7e279fb3cd52006e42ec4cffa4d07a03ed41f91601139a,0.059885006723365795,24.47
f6000dd5830f145c4b5a02c6036b8edc7b49acf9f3d9905bad8df66470e44ad0,0.05983631978068373,24.46
b58d255ee39b1e35d240fcbd774e3f016c160dc5e96fc73fc6cd3b2d56edb6f5,0.0598480957999812,24.46
312c920c7e8bce3957ad41519323bf380184c7244a2553842ac45fc3dd9c5fb4,0.05980152150538156,24.45
ba8109bf640135ddc26fa3ee86759e436b75ef7752783ac2b6abd7160122baa9,0.0597931890425818,24.45
e52360322c9569038deccb3c04be5a26b67aba106ff84c09fe95503634411b81,0.05972186193455075,24.44
e8591091c79ee719de37a9a4382490ce8d9747dccb3bccc177e2537d61076f7a,0.05971251514772509,24.44
254f193d22b6c87113cfabba984a6a97c78710cccaf0e367bb5d7df30c828c89,0.05968603213103668,24.43
87f9c22c8f77b5f91f0507467b1d5345ad0fc2f8543e8ff697c2405112e92b1c,0.05961766286628232,24.42
6c18c2c7265d502b927d75eae8a78435f95bd0fcd98fcb12c3325fb9c5f0523b,0.05961055897478596,24.42
7a366cdd2ad5fc6b43a41eb930bd580c5df32f3002c2c9e7ba2b8161c86ecfd8,0.05957846837622758,24.41
fbd9d1156e7a11802a935993e3874b1e79eaccfefc26928cff5f9477ee02bcb5,0.05956398274622574,24.41
28e7ccbc7c6de9a596610e7e2a6e915bbb6280c76dadd8ed5e991bcd6033857b,0.05958896162853031,24.41
0ef63c23353c32f7fb112dd25edf1171bb79bd8f515eae4189eb5b7c7697d67e,0.05948761434338575,24.39
387f03899ddaaf41cc46a7ee7008449cae82446caba36ef63eeb0dada1acbb9e,0.05947002259112744,24.39
2b335d26d6f6023fb3accccac435cee7925b52c7079f784d05db57ccca649b62,0.05950863115580176,24.39
d7b33a2bd2349c35da0ce4aa780def3e238a3158dcea48e92d43197bc6c3771d,0.05946812808143062,24.39
1e84d20e9c61136d8fa9d5ec56b7117d7344db9c16a5ea6a358ba83a599928d7,0.059423187007830586,24.38
112fe5caaad19d3f461496c9406984a7f7a83604e5a4c71e50fbb4540b5da77b,0.05940253733421793,24.37
823f907f72e9a5115060ab3c45f2d947cf565a4f8fd602c342bafa09e6d53e2f,0.059392001558515456,24.37
cd7958a30e11ee19c620c2dd69af98dfb95f106021bff87242764aa769695a73,0.05939541106274792,24.37
87848ac15a2b962a817a51e3ae9dce2e0573c2d283e691c72453b308828dbb24,0.059316924701411186,24.36
559772a014e972d5bef5dab36f6a76ddf7048911db743bddf2450d8d9a990f5a,0.059337488436239275,24.36
a7a01ae365dcaf43793eb6cf3c0483af11e92c26511a34ba9d9cdd9a710b97f0,0.05926934920124967,24.35
bf47a15de601a72b594f8bb2bb464dccbdf8ab1af776fbf90796b2258ca95e3b,0.059294475657364204,24.35
817ac218b943f799cadb82554ec4a2a23a3eda905377d275a83f15db82374aa0,0.05922893971746505,24.34
b10f8abfce5d91e881e29704d7345c6084a917ea1db7f9e0bfac86eef6382be7,0.05910385356791483,24.31
e5264370fd1be9216f2a9507c14df5bc5d17a383326ca4cabd1e9b63cd0e9051,0.05910163036048475,24.31
1fc911d1a5d1a853f5933ef0fbea97942402111546ef6c6e985f2ebc96989817,0.059101747179875,24.31
7ac8a9b0f6bc93887b37b1a70e12ba2fb7d6fd3a09dbdd9ebb06ffbc4a2453d5,0.05907266348370929,24.3
d4ab817fc447bd83d19509c255b0c8df0a62653cde2ec7391f303c5c3af45b6a,0.05904048831354919,24.3
6aacd222394623ac1b7be7890cc06b23b1bad1722886d059977100364a00605f,0.05902898542656415,24.3
3ee0e16f207fd44e81af7d2c544719917156dfdc395ab1daf19592abe94d6529,0.05902095363378148,24.29
7c09833deafb39669efde5cf81af9a4ebc9f4c1e2eaa152abf1131a938cafeaa,0.05892865411423306,24.28
1f68b37c9369e0f49d983011d837bfb5c109796dfabf15b626ecee84456f9a78,0.05895207420179896,24.28
712363697de117d3de035f3647ce9d52ac387a5a4a5325a45c2740feb8e8bc39,0.05895028652726368,24.28
b669226e0191f362346ae15c7d1fb33d919d0a77d364c38591dd179b3fb46f2d,0.05887903092744647,24.27
c8432ffa1601d766afc5557e65516953d5b391bfd6922c6690e8ab95089336b7,0.05886706198382249,24.26
bc1b8120e117d988aa9b5aeda824fa3826a2b11c0cb7b32420e0f3eec329406a,0.058840087030700323,24.26
acf74f5a94719804f609403b868cadb8dba2516f31657f5d18338466e035a3b8,0.05880443588622601,24.25
f903c3d6933d2b71e905c7b0b3d985dbe082df0eb09c56a6527720981fbacee6,0.058812201836565124,24.25
1c37f80fa350a2c805d3fa16a31238cb3491e69d57e291cf8dfb6093ab5c59c0,0.05879483401254657,24.25
a01b25f08ce37845349cda4c2ec6ed1b7f2555d41fad05239cf6e83cafccb54d,0.05881612044014075,24.25
6e64d571d3787fc1c92285962a6a1a6ddbd8ddf31f3bdd217b1be7cdce4d86e2,0.05875249907772831,24.24
611d6d0f3ead85e847d3eaac66711aa60af273ca63d1b5155e2ca8ca9896e75a,0.05866528857176175,24.22
620f9d696322a5ce879a271cf4e9a2522333521ab7d6bea647735314c8b3f5e3,0.058669161211985725,24.22
71f883e482f8547cbf9273bcc24a1a8e8b756b030b09fcdd59f00fa8a66d19e5,0.05859658937492652,24.21
b536f576f38dd89edfbeac11e6642bb522621a0f1691379eddd086de949787c4,0.058493246764856635,24.19
c19a4f6e673e629692220ec35d08c075b4426c6399d6012869efff63c117a72b,0.05845656331098709,24.18
633f770258aad11a88a72799532ef98fd0b96a903ec42366817d43c91ada7878,0.05848727282044961,24.18
74fe23c5c77da319e79848217e30b047c4a0bf33f649ca554eb354f1a57001b7,0.058444026582144426,24.18
0398e07d269978b2490bd49edb6e93148b6b979f502ec1a573f520afa7f73ae9,0.058430962554595706,24.17
589b4b1de228157473023ee2b27774cffdf794063ab9932e0f01e8fec841fbf8,0.05841210666071782,24.17
d723c4c4b76ed40d6ea0ca1ec083b6d4e380f97c8b1d689aedfd81b4ea66d1cc,0.0583716806253178,24.16
59eb8810974d56df8f94741b9dda4217013b9af97f439d4ee4de40d6250eaac4,0.058377458780909414,24.16
b80c520f63e25ee6c1083baf1a040559a5090726655d2e0054ad8b5e0eecfb72,0.058377825469678936,24.16
1dd096a7d20b20245b3fc8d063c1be559dae17676ea3d75468530ea5a84d2a71,0.05837683557185985,24.16
9985cea8da533ccf324572400d854510444242202eec010e61981c0a5af7df5c,0.05835941745824914,24.16
7f3f1c029503fc258df8c5db9eeab3f6deea6cc510ad4fcd2bcdb4be7e14a929,0.05831611673419929,24.15
d2eaec70c40d3bbc2c5302ec9c69e2413c7676dd2e50f36112cecbe1a4cc4302,0.05829998012666859,24.15
163a7fbf7d4eece58bc11755d75c4df68a388411c97f9504c31da281af0c7a07,0.05825956994209313,24.14
4a644a187374c88db1810945bb40cb15647490a7200a718fe83863580f1bba59,0.05820650631003632,24.13
2d7410ba5439bd53aa46fb8d56b02c4b4cc595de085deb8c34347c3bf898fef0,0.05817403445178624,24.12
cc90d81154d138d9f80c62fdd9b9caa1e5f5f680907d3474eed0ff54bf217d89,0.058180610642957466,24.12
2a30b1102be8bbb53a5ddadf8ea930e79a101eb813c2957eb8c6ca65ad1445c1,0.058186682002909655,24.12
dbe0a80a4331406346b26dc61756a4619f50859e61fdab862f04887455be6bbb,0.05816177215370375,24.12
d5d559c3470f92b1a9a17c18a8fa402e42d387c8fff9fdaf5a86f4a4d8ceaf14,0.05805652758247993,24.09
7a93d401cd9989c58792cde509ad594553a83e4ea7ae9d582275e505264beadf,0.05803845205609201,24.09
42faa823ec7a56c62a2c0fe3184bc8df0042700cc5786c4f3bee108b849158ec,0.05801968431229722,24.09
320d813f345b052df02eccb98bc560694ee014575fca54f0190c5043c50682bb,0.057982538768522156,24.08
e7072b53797bf31be012292c2568b853f7b797888bd35d35fe1e8779d27e75fc,0.057795411435402254,24.04
41b30bca4cd15a1aa5715c9ee34d7023cb63face99c721c9e22766ddfea6bcc8,0.057683114250339444,24.02
7109bae758a5c824fa6fb7e34ea276398ac9902b0abbec84868628c2c8f4abc7,0.05766068558204676,24.01
30487353cb4852cf3b367bbff138fbc84f41f83056ddf9b021046dd478da0e87,0.05766583627919288,24.01
2666b91ad56c5e864389254cff2dd0868c66fdb3a7555283dd503513ba462fa6,0.057666941015984394,24.01
8878310f16c4d5a83bf794d28304f87cbe3c5c35b78c2413397a8a77ad91819b,0.0576474901026001,24.01
213e000681746e2f25ef6bfa32bc24844e3f2c63bf39f85680e19d937ee9352a,0.057644019886475516,24.01
0316addfa57399f5cb7b24f5f4c289fecd7129c6c74ab1c7bde9d2c01b26f381,0.05754007119436338,23.99
b4b5c2dd2e5e44c73d66cbc17f2a6fb48047c4576ab77c29a110a65ccae52893,0.057568417624903584,23.99
a53dc780b6869799bea3f9ade1989589fe6e2babbf78863b67e541c0a409723b,0.05755644690781052,23.99
05f86ac6d7404931fae4f3cf29db29d0e647eccc865f35bcfb286e3ec903d785,0.057542106863116844,23.99
7d071fb043e154947b377bd07b03540022060803a43e0f06b809c4ac640204aa,0.05757147338492332,23.99
6aa1b56c83cd992b3c178275225e0be76eb06c9173ad7279fcdbb2f18f928fde,0.0575121281449508,23.98
c71fe79ceb755cfb8a7444bd4293df4312b34bd3252267728b9a27228142680c,0.057523616389737776,23.98
50df79b2cd681bd86c7e0ab903f897bd4892e4fc47d14b61d883aa29e9567ab3,0.057507166694270896,23.98
651adef7bd0869f8c7c7fde0e558e04ebf6c11e6251cbe7cefa925cac9a3a1b4,0.057499149070887164,23.98
d5301f48ec1fe8636a42139838b92f0fa3d5b28e5ccba42159a043f9d258609d,0.05752109032294764,23.98
97e0d12f8c90a1ecc96910b69341a45f43c418e0083e15b4b53c0dddd9f7b273,0.05743814703025663,23.97
1bd3b6e0aa5c0f8edbfb1ae3556e5a44b89c30a3e261f249967e4cd9d59be59c,0.05742227124160533,23.96
e46f4f75f44a5cb71c013b00647a46f00f6becc72c41e66baf018beefbf2e60d,0.057317282186562755,23.94
85f266069f3d52a3cab93c8deedca71b462ab57e3e4a6179bc895f01646bd2e2,0.057289463740214576,23.94
c9e00bd62031bab3720076fba6aae760be6a54d574c00a8d80cad7e6cf858977,0.05733444011229194,23.94
6d13cfc61b0505fb986ff945398fe2095862093eec074a0534da2dbb6bad7f8b,0.05728381893603826,23.93
fd6a1b8ecebc19d3ffefec563c13971ab306e0a47eb773425b05cfe1463b0055,0.05716115555283849,23.91
6c23daac663967d6b7aef08e05385e8539dd7dfa560c4865fabc245eea703c69,0.05708602974030496,23.89
c1818896928e192a275a9a7a49c5fc25e388cf31ac7266b1fc21da1fcc1f0307,0.05708715648596954,23.89
4877b817420d993c16234c79f621266e19a9bc51b2115358ee9e033cbf6f471e,0.05705298134215152,23.89
128fafb01416ed0b7b31ba1be04fe691016fc4ef6fed176dc6f56149f2b1acef,0.05703167494126005,23.88
38310a39bb4720e23b1644ebab8a66f727b5f992a382f6c417b3cd034f393eca,0.05696331808858373,23.87
6b42f2b38f4adbdf32214e0c4616ec7495989c411ab91fa35a2c6402e16e5679,0.05695440581487921,23.87
33fd314706d90255d57820100f044c5d3fc6f527a2735d99a2dad29042aa38bc,0.056986394912827955,23.87
b21f15e00880be81488ac3be69745bfeb3f49f847bc5dd48990f97e73a2dfdfd,0.056903581809579544,23.85
8adf6d12b63812174904ee213e7e6d2659186585550d935c014241244fc0da74,0.05689274079573454,23.85
3b640f6277ba733d8b7c02abe2170f551c18913107dc769d62a80bbbbb3e7b54,0.056867248225009236,23.85
c27ba6d677f21190d61abfba3cdc1d652e80e4292afd9492eea137f9d03891f7,0.05685029936724249,23.84
37ee815a5f98572135a85f5c2d6f424a0e477603bffc3c28b050b27277465f09,0.05685561070237002,23.84
52b649fc12f7ea18438cd693a2a72cace1c2b822667366bde0550f064c5b25e0,0.05682091029970183,23.84
43ab6600401e72ea1584f11fa82612ba8f54b38f949f9eefd74994a3dcd88536,0.05679420643347664,23.83
ab9b9f252b17c306adb6c85b3cfa7cc3776ee94f36e38a5da98acd5aaec4bdf1,0.0567682865665848,23.83
6bbb1edbf15eefafa11afa5942391f45d857336e38345acb4470d30378b05f21,0.056731509739665606,23.82
05c88c371b4a1aa15dc931853c288345b2ac08e6e0eb0bfc41440b36c965257c,0.05675790303830674,23.82
dc26d36422b2b9ffdbf1f1ebf9097a8a5cd20e499f0a71aa6d337e446c6669f1,0.05672461432942922,23.82
db94166ddfcbfec3550a6612e5ee0a1a6fbc7653bc4c57f492e70a29f76352e3,0.05674691514607446,23.82
d9b5c186ae04dda996649804b92762646657749884630c6f9a47312a81def58d,0.05673805472650851,23.82
378ee32224cd8c98351338eb8c327985baaf0623020db5a79cc82e6c6a8efdaf,0.05662691959152592,23.8
3d163a028e0ee48909072680e8f1ce768e12ce67c6ee08292da0a34e5d7351a5,0.05660928429638542,23.79
82bc93ead22f1161dd94ed5291072fa794b8b29147b2d3d597db090771f7c9be,0.056609118676377114,23.79
35d3b1e2a771e32f9ca7c59b8bc803a7d65979449da30575792471cb7d493702,0.056564992979169205,23.78
2a89b048e363d074ad3a944531d130715b023e23ec5d0d7fb7244ff7cb1f5a76,0.05647256009873435,23.76
fb21eacf3eb736a4d52a1dbb5793c15839a820f1d14f398cff08c0ff132c3a97,0.05646066283876106,23.76
df1f03a1a751f1a60e26240017e902b6f44ee1f2eabff476fd5fd7599b34b386,0.05639240993698289,23.75
8c8abb5ffb603042dc1895560b2391497bc85e63d5d8619b410f91559ab67630,0.05630759123529372,23.73
73f048c11d086cb9fb38dbf31f78417caca24e7ffd4d39bef4eb5da9cdad9e17,0.05629897317833617,23.73
1132caa929b8acbf8890639ff46977bb61e81eb497e26102c785e4617c8e9aa4,0.056244022219806275,23.72
7b2a8b3e7e02feff937fc034cb5974b5cdfbdc493d3663ccc71c1cb8c1edc4ab,0.05622772408579282,23.71
7449432b87ee46a0f39282ab2aeba2fad826b3d75377bb9b1b52f178b9786780,0.05615574315050183,23.7
4122aa8b6a233e059266e843c7426932b3de56b9cca33d90450037147ff55bc9,0.05613696856704733,23.69
426798c411ff25b8b7007ce0d69f9b5c2c7d397bec7c35f8a9006c808d7d7a3b,0.05610665846072431,23.69
b36a0eaea0cccb4bcb6dbaf777bef58131bed3e0eae8830977ec99ffa0e642d0,0.055965190780176366,23.66
1828d2f0089894fbb095fc826a637ce44e4236d3c1f0e71b6225ae55d0729deb,0.05590983650139401,23.65
f1c070c45fba867d06adb233e3a4f67e534027142e1e3ce0462d74168c81151f,0.05586370258371666,23.64
c0c75d5cf8d4428b5d6aec15450a3baeb37e425cd1ce6ec801c1ace05c78deee,0.05587574676054465,23.64
753ac890733e21232320675333c72550806463210353bd88b3a075d983dc8339,0.05585756323449227,23.63
4dbd298cb18c0f10ec29d3231b94143239db8a145aff494ae8e456005cb1d340,0.05577970177430758,23.62
66d94d0aab105287d32172d64942e32fa881224cceab971c384b3a2e489e43af,0.05576648896932465,23.61
4d026eec1d51845b72ccd33ab8cf555dd870d5e7b0398792fb30806ddf5148e0,0.055763528651003064,23.61
93dfc26e1a10ab1399214488c361f939fdaa4624874741fcf16b5fd64a455aeb,0.0557181586002667,23.6
520eeb9bb90af884ce44787461177ffe0335670a437acd32b265e67f05d10181,0.05570137335980269,23.6
36b8490d7b3d301ce0fbd2e59ab30976adcf16dc08d836d2dc977f53b33126fb,0.055661481236535505,23.59
7240272753ae1319e45266f10698bfc366afae967386cecc9449a8effe19015f,0.05564560212407309,23.59
43a5abbf45599803caea268787524ad1b606b9ea75ccb9485ab02b6c4f71b067,0.05566050312286896,23.59
317f0c939a73d28b6d6dc13fcfdc973dad8add5087b7d38da269a093e5882445,0.055656242276448664,23.59
631eee4c9aa62f9a2a67a7269ff56c911ec8f6f41e959c6ab975065482ef329f,0.055659118510521834,23.59
9c8eac048e75e3641cd2313f9b47ab41838537c2645b89ee75f278379389768e,0.0555906454529769,23.58
d67c1276bb1faa1de3a17800539fdeb9b25b4fc1a116e2b8aa61f2fb3bb30e3e,0.05558634296371464,23.58
233f52d331761db3e8c6b5ee255bc97aa048b1a0dc181e8f3cef1a1c56f53b36,0.055616451365079235,23.58
5cc0e14f4a0320fb1c19c28b077c08810c72e180e9da354c80b6611b7483efd5,0.05552261295908785,23.56
de7ff042c920c561e8c28c6b2f3ad271bce016520a21e851aca06659ee6931ac,0.055480280200516575,23.55
afa9f4fd6af88f36a47f90fd8b06b58a7fe6c40daaf61fb6b0fc65412ad178fe,0.055350351723531616,23.53
dd4081f76f3e323507c23dd5fb61e0d0e15b941b700aff5027e85ad3ebbfba16,0.05538698355280844,23.53
a1e05440dfa7f4135eeb543f33c41156283b47ca7d66253e63384a74914616a8,0.05527754427985769,23.51
df33681f86de7e4a6ad0577a035bbc95fba9becb7496b34aa5087dbd65acea76,0.055239263881319306,23.5
022528c976acb26f7d77e6dc84f1eb2724ebe98edaede72f2ce887f61df17ec4,0.05521038011574822,23.5
b483f9a0ad655ab3441172c9b34a77826b1e72cb0b9de8dea7c9843d55dd0eb9,0.05523971489960413,23.5
da08f6842b0c00d51dbe46e056d8784a68499df09ede07cc606c487426ff4e60,0.05518738804539656,23.49
6028e5b7b53b053d5ef6d5ace02599a64e5dd012f1a4cc4ddab653868ff49c46,0.055193832020236845,23.49
d70dc824be99be4756e720faa8853d61c3206a202215e6b9454066dc6826626c,0.055047123542148614,23.46
24e36bd20624a48131f09900334ab0ce8c94f7af822256addbc0c67bb673e1ba,0.05501204720371553,23.45
8252e5449d0329c489be218dc6589e78399f7384a23adfb06c9ca562c33e5209,0.05500964753029312,23.45
c846294c391b6a739955909ef60a126ec43159a2c8bc5fb37709f574f061d3d8,0.054913131434586655,23.43
d4ff31d9ba71421d791b478e02660ed8602d65b69405a3af8958391bf042950a,0.054692202772023676,23.39
75cc03aa7c57dafd340aee56de79d8d203994b11e58ac98631b5a2161fb957a9,0.05473090128081937,23.39
858554b7a56bccc34728e63c069a30a7f5bca088bf56ea79ab54440049053729,0.054704881745036786,23.39
a55dba7a69f35e348fcc18c9915667ac36b8916b05f11417002eecad088e47e4,0.05471064805577365,23.39
59f4ef15a9d632343ada7fbb5be17b06803948f36214f0e431df9a43529cc1ac,0.05463522973437991,23.37
06c27cd4b659126f3348a737ae1f60e106c1fa122368ba38bc0a34fd25c4ea09,0.05462051976714887,23.37
fddbb74aa0758c8868caabe3b4a4d50310bc4edb8d66398e295a6772469e6359,0.05454402115147628,23.35
927919785bd0f41f224790e93e07e2b1b769c22e78d2f895f78097c4eea12f20,0.054528060410940785,23.35
5c8b14abf1249700c01d6f237bcdb357f0869bcd1f8a897f5236147f153dcee2,0.05446966328694997,23.34
00e132e368de3567ee3415ab52fec54b8ab96ff852558dbc19e0aa510b734acf,0.05445855523786995,23.34
5f4633ab0ccdca78777320641e144393c5f9d6d8714a60a8124401392b0c3313,0.05443308745744495,23.33
efe0551e2d90b0db88f68942beb8247b854cf64f0e0381005c5741d554eed6e2,0.054343746898139006,23.31
2f76cad358fea051e4bde656b16f43c170b29f188bd9cc5c7fab8892885e5aee,0.05427824931922183,23.3
649fbf955175be31d0158248c0af3beff5841ad56b5006a3509d1b11810f19dc,0.05424395542283955,23.29
282296e220b5badd4ec595b47704fa1123e45936e58388b5e8d09d51f51f45b5,0.05423510782262013,23.29
7477cbae5248a4068534ed48a5c77f1ad9c85007808c83ebff857bfb0703fc42,0.0542335466041009,23.29
ac31af70fe7bfa9b5fd6d1a3f1e2c368cc1439fa3bca09832b75cd5701f5b81e,0.0541594020855383,23.27
6ad1e47a954bf349455862033f22c8544e7f5cd13e14ad253c2e834bfaf1e30b,0.05410898038606495,23.26
94a404cc20f331eb8aa27cb3a005f631d55830848393531776e8ce6f1d2aef42,0.05409790193900219,23.26
cf0da11075c0c29c097f0766ce8168b029819717d98ce8de5d0998361f8337b5,0.054052447104807645,23.25
83816650939b7f6e14dafc93d34957afaefd348fc710dded867f25a0eddbd9de,0.05403765061572569,23.25
6bd286d84853ea108d4f0062c066a13e4ce36a92feaa31623c1ef429e67b2f33,0.053950925463248554,23.23
9eb103ef69c350b29e7bd37adbd3248fa06ea42e2b620d501d7c6d0423c4d0c0,0.05391781085353491,23.22
f89b7e19e81c9007a79fa0c2160bde3e080679744a3579bcf051ddd85036a15c,0.05388719034130194,23.21
4f15c9cd3399c3f2c10b1bd79417882921e4a44f8c2bf8a12a9dac8c6f2a25a5,0.053881192958688394,23.21
354fc96e687df1faabc73b6ea0e2c35cf7e46b8961cf0d1f224acf15726550a6,0.05385354891002165,23.21
dbe7790ab40f466c3260e3e967e0b474b267f86a278a9f9c3ba4c3da4e4bb159,0.053824693311857665,23.2
481c99e62a302c1234caab64c37c3486926b6035eab6dcf97480d02cc9186fbe,0.053775282751321374,23.19
1ce5b18daa85a45ac3ad4a8820d19a38d15a7f21b31ca482b18c495fed52549a,0.05373951367492613,23.18
f64abb449f5c1746ebec0501a4111f6ced44484a3f785e7b99f0258de4797ec9,0.05367971129994514,23.17
517027b236b3f9b0ddd16126c769827473e41b11acee55db3a17db7330c30594,0.05367431500094105,23.17
4c6761724f931f901126e48bc1f01b3853b6d3eeeceddf7e014aa5c36b3478aa,0.05364990007128397,23.16
74faf1495f00f1c86976e0f885c6bb4f27524d30ddc4efd0a259ac5b46fbfeea,0.05363297556845104,23.16
cd672738cbbc28cd5b658189f88565ac049aaacf0f65a1d85b17cb2d0d275231,0.05361855909343824,23.16
dfa0d9e84d7874efc14eafe4889a07449a16e5deb09c22674a95f1229a0b8bcb,0.05359255698138024,23.15
ae3cae4f90134a3dfc2b874f3a466f939f1c11be563f0c66c05a30d19bb6c5be,0.053569867707901724,23.15
c46086ee4fc65521fcca5467fd588da84d1da0a127c140c05985324d7d5c1cbc,0.053550365339795195,23.14
a22776a5933fdd92575b523f60588c2b4cc23e2912dbe30851fefb36b748592a,0.053521967145140605,23.13
b9f1071456fd04b56ee42fe770b6dc220090567a63d9b5dd5f16604599ec76f8,0.05350207687199842,23.13
85df06b058241c4071a8e84a27dc66c0cf2d2a10c48d63c639d3ae553daf2ddb,0.053407097777466085,23.11
c1087aaf25a638b44e83c7b2abbafac5756defbc13b7353199303763545d7469,0.053346654118927604,23.1
243f4575093705e8e41878e99f71282e87a9d9d45f95572424f5a9b68d65a4aa,0.05335436973728979,23.1
2defd46d25116733b46474fc6dec08124b110eeb79475ce17ad5e4ba6cda7c05,0.05336578327491488,23.1
bb8ef7f68c9e5fea61df0bce315d644f279ada8290810eaa2a707ac88bf7303c,0.05335728622496839,23.1
cdbac95a9a52fbd7ae00b7e8c6d0ecf2ddddadf8669d679a5c7004a849442d70,0.05322662875751755,23.07
82f6dd6627f44d093ab5567476fbb336fa2d51fd1db67ddbac952ce03c98aed3,0.05322960125768579,23.07
8c3cf343be811759e26066ba8a1362f152aa2762eddf68732f91ecd123f54deb,0.05320477514021118,23.07
7d5e5ecf6f97b022c6951d319ab96fbdafa5b2aa3cfa0f9e9a139f30a5702a79,0.053208137101247555,23.07
671b8f8dc4ec0a6bfced21d6a900a1ff1b346662289674803ba9a9c16a68d868,0.05318270112734452,23.06
3b93be7bd1926656fa5437b090312a2a85f41a697785b0cec102765c0bb1ad59,0.053181228561978544,23.06
e06ecaaf941c1cb1e1d93d97049fb23576fb012d042dd5621b5774a071b08dbb,0.053139619205965126,23.05
714905745570825a64f00dacf3d408dbe8258011062a74ffa3454a554b06f9b8,0.05311027575586235,23.05
ac7b2d6d45d0b5b672588fdc9f912c2b42a77680ad6a6261d8b0a388be7f26ce,0.05306933421382023,23.04
bae289f9d4ed418f8281480174494e479ea9c2279274f6d8eb3a6711a1cdd5a3,0.053057516254031045,23.03
cc8bd5b84714735e63822cf4095e70d25e3ea479b6f5a7df6fbb9cb9f1e33d4a,0.053003868509880286,23.02
dc834a48eebb93527ff04ad7003931f7d819020f8c3170d59941a1aaf831b749,0.05294481608290564,23.01
c6b056dc6106ce54ddf22286f274cad71084047e4f6d33b7ff6d4ce4b75d97c8,0.05292626596992542,23.01
4ae1ddd282bcd3f8cb2831cb0861abd7b69c2fef2883c35352daa966608e3bf0,0.05295926867689562,23.01
3efff823dfc3c80c42fa001d8ceb2de217f54f696e7c312218086a0f78a10464,0.052685697852988336,22.95
8eba7a137de4d0cfb4e417a0a918961f6b8a57ba488ce65d171d6e8a0ec2534f,0.05267817665229385,22.95
f69b55a2c144545480741bd204097e9ffede511f641462830f8a4123feb7255c,0.05268638861292553,22.95
412b0e3a6a1f7d34154f8b1bd69baeb05765619ad9a74f16c716180f2bdaa9a6,0.052616184963163073,22.94
db1f7adc10540efc9c18f3f84035f1d13d18fb12bbbb4986bce98d9e1c6b8fcb,0.05262426102874329,22.94
b146d93333563deadb551e1f4d5a74ea7f6282541a67c6ccfe8d955b86d3c697,0.052600480702484076,22.93
202bc0c88e82a4cf13db4d22cb88aa16a37d24f7c0c335abdae679b9d8e7e99b,0.05255111881348932,22.92
d55ef5488afff6ebf084d3b261534cb2a6dae10d9c2529e8e1119a4656e58896,0.052486642859629035,22.91
e550ff73ebe0b642a6c25bb66e684e4d8032b9fd97e8f27eaec0d33dfd29c0f6,0.05247257301015613,22.91
abf78984475c854b5d494be28ed872abe26dc167ca5d066691ac2a7ff77b5634,0.0524300196077772,22.9
f4146f5e74ed45d63d2c8d7c5d19c98b99e384175245289c2b6c4261385ac74f,0.05239039230789486,22.89
f9d5152aafa9267378fdeb109337fed2f9171d386b28e02b5b3e56fc7f6e95e4,0.05236185159867559,22.88
f56b3333ca35b3fbfc5ca0824a27ae3116a009900f142d991b21120bf47d1e3b,0.05235238125995549,22.88
570329a47b69a337c87cac85b14888d32c0d7032146d1d4dcc025860253c56a5,0.05230980897409567,22.87
25fe4be1b02ea4490e6fbd9e4a4b66533b4a227ed37171f649049a99fb081a65,0.05224484151512209,22.86
385b1b77c18c7a20983f7524668ba6086399cee095bfaa2e7006927cad6adfb8,0.05214750576120325,22.84
8f66778a6be1c3be83c98d8b66b69be1bb131a3b303bdb2972856e7fd918d51e,0.052026946781221606,22.81
1c5f0df00c3fd8734375f8821376874be2aecbe65e99552d498ce4c797f8f80f,0.05201128527107998,22.81
5e050d8fb171c0ceb3bd292e4ab2d2a2f03e58992f1863f452f23b8a1bed92cb,0.05192681886779295,22.79
c49806e4d29cd6f070af1cf4dea30acf4f17c26e2c71e8679de11312dfce02b3,0.051835468985517066,22.77
01fa1514af5f5b99770fdef2c1283c151e0dab0d8448d122ba7bdfb79b488f35,0.05183380987036593,22.77
d480797726075bb0686503a474d9304ff33c9f9a778b3d964d654a906a612734,0.05184853955321546,22.77
4a97823614acf001ef7d5be5c295221d8e96209871cd9b58c161b36fac716b7e,0.05183001424950073,22.77
e81e98d6b993842a3e538ae6d758e4d9120cd4d43d1177414be464d75c5f0657,0.051800683539902366,22.76
92b14da6e9e8d2c476764215e1acf96c28b9f0267b874fc208b1ee2180d8a7f9,0.05180898392573636,22.76
c5df885b3011b59e733821af1a6ae0f66a2bca67ef8106642e08e7814e319f01,0.05179617437734218,22.76
e35f0abc554ccf9e0e2610c3c1b8f81d8668a04a278ae3326356d598dade0df2,0.05181300762360012,22.76
237690c6c467552c59d6cad9bcfdcf389ae1a2f026efbbdfe4f32e9fa9a06e4a,0.05168577537504885,22.73
0ba10181a5706dca7982c86b43b0370411a58158622d0c5e2cb79ecc1f656498,0.051488517485100596,22.69
d8d6255d21606302abbacd8e071e31dd2212ae6382ab51aa559ef2bc402fe09a,0.05145529384665031,22.68
9e301b06abcc0682604459b87159cc23872dfdd645c2ac604f40ce028d43529b,0.05144103943123324,22.68
1488ee1c0b5bfb3ab926cf5b3715dfad1bbd9c60f80dbc80198bd3b4fe12c71a,0.051204835834087914,22.63
194e282d84afcd47ae636011036c57b89060f04f4efa90347a00ae1d9c672dee,0.05122718945961644,22.63
a548395d0a8129a0fe19053c4e4c25c47da6423a2673d2bbec497e71bdba5e57,0.051171349945964,22.62
efb41180d4494a232bdca3be740875ba27910df7bfe024ea9415fc09a3ce1399,0.05110221752054059,22.61
3ab53f5116080212e85a80f982bc21237365219aacf546dfaa2eaff01ec3927b,0.05107377936389148,22.6
07de956b9f6210d97989c4560f031974b577633efb1db9ec456c2a864d888b9f,0.051021822747017644,22.59
58071bb33d37141f468f9fca0f43e9989bd5a93df052f6102342741de36e7308,0.05104993057389045,22.59
676017008549e6c406be0e4f7f44b8d4ca701b8200aa63d4644594c4e77a23af,0.05103563479001058,22.59
f4cab949a37bbeee3fc81143bb9fb2bc031f8e4bf6880a432b8a6059cb19cf50,0.051035624911196203,22.59
2ddbf29ca0e7ec3238724c48107e92d6cb6cd685ee6eb82f2192581dd2aaa7d6,0.050996765586629474,22.58
a9ac3306123ece72851584713eab1eb95cb005ce1bbe39d8ba6a5c733ccb61b1,0.05092321125862975,22.57
3a66c9c7c00cffe15c329b5f9bed6070c8e9623c43fece6a68747f08dce53b40,0.05095040068429449,22.57
83318343f8de8fdaea4507a28ebe25c320b8fed703a01d143fe3e43a493e2547,0.05091364516024695,22.56
78fb59fc6e3e16c42b88648f522bd6bb8a0a3983978f467caae38947a0558955,0.05090019890284919,22.56
3d75d83e014d1b2bbc84037cf6f8eed0d077653eaf0d11e93ef80d5fc42a6219,0.050891275062745836,22.56
c0234a2e42f7384c08a36bd7098245855cb4d3f416453d629f014de345f7a6d2,0.05086735940867075,22.55
aef017ed6791db76c1ecf50547b3ebd3aec92db3dc3b513388be82ca495a56ec,0.05084364057449079,22.55
a632c09003259571e850607b1211a6568b482e97aeb053b7034a6dc5eb122495,0.05079860663582158,22.54
ee37ec13446354bcdb7e3f4ee87b47734e3fd209aec4371d729281407fd9e80c,0.05078313638820244,22.54
f80e388974534c143c512e3230450febc9a020470fccaa09261d7a72800c1cd0,0.05080467179291905,22.54
1d4aaf70c959eac5a34bd00c3b20f1306fee8c3a82632206f3206a7578b45062,0.050754981206042826,22.53
5fc491528d15d81191a017c693740a0e5e246279822fb1254a7cd796ecd14c09,0.05068931206496074,22.51
42120c788d83373141075037050acd75a607cec75e73bd6ebdc4d0e6116f24d9,0.050618463835858704,22.5
96dd0eab9c40e5cc181fe79e30b314c984ed4bf1314fc6698b05b4b082a1262c,0.05059897115135295,22.49
af969639fedf7597f9a890b64e0cefc5d0c459a2a54ea389e8def728c42f8a68,0.05057365169193995,22.49
1ac1b6b10c0044631cda370aeecc3036d227de5d897ca1b97c549a322a969a72,0.050590001024665904,22.49
e078f45b033a29cf5e16807b8ef42762f20111a118eb84f9a5214a23c71ae815,0.050541883191148065,22.48
fe119ca80ad23fb3dc9a69cb4a5d09f8d16d72d8b1219cd2b2144f4d6cd5c6d4,0.05053837535850486,22.48
14d5b166dad76be19e69b081e8011b90d1fb971b0899ca0a327c71a9fe6bc7aa,0.05048182082553436,22.47
faf5684c740903cdf81f1624901934977e8f8015a94377cf697536e90fbec19e,0.05049830800381217,22.47
c33189a9c1eb360fb9651db3dc50836e05ae153cac932ae52e13f4b62c71fd03,0.05048418692275762,22.47
2650190a4e296adfacb83d81dd046a2f83569810f47c7b0c26cda4e8cd8550cb,0.05047577168640089,22.47
4b44167bd023bf02b2f885a609c2808de0d7dfece7edcf12dc39e24d87fd6a40,0.05046471007067829,22.46
1738fbe8968cf3d3ea41404970be03609e5e8fb48bcca61255a69fa422462d13,0.050410723552780666,22.45
d5e7c8db6a920e49d1194c3eb3e24e3e88c68a4ba2518513bb529d9862741071,0.05038790149186509,22.45
ebf2ec591c4367da004ee2704618464e0edaaf9ee27a9808e895afa0c93af570,0.05036259105605911,22.44
d06aa75b051d9cf8bdcc0aab91c91dbb15df19a3b22dc253e4583f523813d3d2,0.050375130687317034,22.44
b85875304365824d5abb013612cb53ac516a2f3a673cd9dd34d1b1b1b33a6ad2,0.05037064077787584,22.44
ca926392f05384378be237e7a62e6c169d96f90736eda48f7b8b1f5f8d6ccbb8,0.050291811236687474,22.43
5b4efbdd32fdd89b507eb88f549281d28fa4c1697d1851d37d95ed1638414f95,0.05025833949905421,22.42
b486daaeed6a074b110664a55610d8c1e1c93efe2266b0f386479b5adddf7fee,0.05016921901318708,22.4
1b9f7e61464e100e49e924642427ecee2fd5d76366a2099d8981e38a4c0a7ee7,0.05010518899392617,22.38
a5bd4b079db82b30695e9f7c3afc95a5b7a3ae6d21b97d78e01d83b9288b7804,0.04998071213379795,22.36
8bde48ef1b63864e0e10ac9caed38c9c32246fadab09aef9590b39a45476de19,0.04990248362763459,22.34
9718806ed72504c7e470df0883041d78b1f06326ff235f822ab4fcf7471d9391,0.049857794587638206,22.33
361e4c2486e67f192b6f2d7b86c30e513c084f0c4de16170232dbf2e1bbd3a97,0.04977538024925351,22.31
3f83d49c805301ba8c41af6a4f521918d5ccef0a218285f408f0915c11cf2b6c,0.04978938243403608,22.31
5ebd6dab82d0d99b5fed9e86a9d0d338497e38b7b7a1f85fedd56996b38bddf7,0.04975754463756803,22.31
0ce42a8913873926f6067663af053eee7819476e5f77f35a611be7533ea446bc,0.04977011225515611,22.31
4e5506dc4c36a6598c40bb0d294cd3e656297729d3363e8b426b7a80dcdfddcd,0.049736639043391435,22.3
e35050696a25cf1c2cd46185624b7465a242114879b3b9beee5bd8fce1ebc163,0.0497510586042589,22.3
821ca89a0ef1d9a7c809efaf3b865d9f654d5e08d02f360fa28dba5042a91e5f,0.04974711614178795,22.3
79a5551525516cde2786c84d7b49f1b13529d0158472bcd1a738fa4ae6e0772b,0.04963842885156429,22.28
30a704bbac6de6941db2cca6376a5b798cc94618acbee380514f6cf4873ca219,0.049650791994959344,22.28
17e88c1ad0a3ac2d6ad1f46f08df68d0ac4c8ca30f9ba5d5bb4217a754c01693,0.049633524648065495,22.28
28b2da37a6b43b634733292c8202993a401bd0244693783d7065d221d9c55345,0.04955505115294971,22.26
ed3c84e508d87dadbc07c7cb558cf4b1877a43ced12db40775e05aef1a40e549,0.0495691964683743,22.26
481d9e90c52f86e04d033f3b139302156276394a049ff34b7d77dbc8f19b5e6a,0.04942875829421971,22.23
d06c093fa01c5a9587539e729a3da22c1ee5d8e498c1ec94c58e9f51e2f65b40,0.04943381928224713,22.23
88aa3515e8a53441a42466b47fbe4daf18191b8081b94bbe89d8e78ad9cec274,0.04931227311315712,22.21
fc7a736035dc61ce56d82664c1077a89b33b2522f0fd9b70baa17fcbec041e23,0.04929340516282853,22.2
3902b273db2e6a26d9b1c321b694a5fbfa84d0a62e9c42f51ac1ffd72a490c58,0.0492424004295363,22.19
47b75ae6a450ba21d05df059b67799f9c3c679bdbf9d9e846af493ebeda6fa0f,0.049238870551760815,22.19
8c46f2806f955814c3d3d779457b04df6f2aadb0c393a10761247e1a433b5f2c,0.04918920458446412,22.18
78cef3ad092dfda41d91bb46171df8c967d6860550d08d4b94e32ae1473d26a4,0.049159846588775855,22.17
9af281563b62efa61208d8a2f33165747755516e0dc17e83220381af23453d6d,0.049059267161501274,22.15
cf3837b02e74a19d023e0fc7ae9c1678464757676a2066ab501603d16d366434,0.04901970400704248,22.14
13d3a43d4b630465718371d04b1afcc38537cf05d54e8698a6cd0745ea8a3dbd,0.048996492205997395,22.14
624aaa511401057846a50c8a01d565110473a6bddfed383dc889ff2c6714606e,0.049034681430148115,22.14
13599fefe7a98125a8b1d9a0d3f1eca9ddd697802be92eff1240b2163c71e830,0.048905538769702536,22.11
47380aa9592a6af7ed222c78fae3144b78b8dd00ac01d1933d9f07d9fb9d4aa4,0.048839464748750144,22.1
ba4b04d198c378633461ed2f2fa3e63c948e78c322f100748ab6447f5eca1cc8,0.04879180964568163,22.09
f598c10f36b833becbfc2b4f132f2a58dd600832542eef3480d67f18f17d214c,0.048757107854628945,22.08
648be67aa07064b23ce580b7ec2a02e0faab5d4703ee69e86ecff99064f932eb,0.04876255899989732,22.08
b04fe28d974adbba3d8351cc07a62814d911e051e65ef95d2f369a90b5d2c053,0.04861319521887899,22.05
a1f6a1976aee389dbe11febbf917be1cb6e81e281b8ff84f1ee1ef99490f0340,0.04861651950609657,22.05
fb9e3baf8af5eee16bedcc065f954ad8f7b824e6d6485e07454f7d8abdfcec84,0.04855405914883506,22.03
43816344a731fb616c5635bcbb836851564be4194eca0e611a6ff4cbe37764a4,0.048551585865413326,22.03
234f6d7abe0ab42dffb656c3dacc0ece77ba34b24a1c0b449c79146964da1aab,0.048508908446297586,22.02
8d89b38c2cab0c960f52d7ae24c442302517e3d209eed6edeec4964473b5c696,0.04845274395347024,22.01
bd14de8d8d447358ce1c70cfcc7aa988fa78fd7a4e688241274b83c2fe16dbe0,0.04844172367127984,22.01
cbb5de4e8e8317d160976e2696a292228ad6249e7a1a87e1267901a094684966,0.04838958249485287,22.0
7f592df9f111f76b3fd8d941991df3296723240bdbf995147031fb017ff6d856,0.04836251792280553,21.99
f45a1cd9f7ba688171cf0808b24683b552778185427376bb3af0b3ec12cb7995,0.048344758825253874,21.99
ce2746aefe05d72a3126362bfad809d9e27451d935251487f3dd2c9a62bbb32c,0.04829954119851478,21.98
22109d7ed54366adcea6b4150346a7d05422e6f94145dd619b1711f44e85ac25,0.04820952002928276,21.96
077663ef9653b12b6c3e81561e81d1235060c851c240a5b5ec36c4081b51349e,0.0481722013446407,21.95
178f2bb6f8d97809a57acb5a757db6978098b29ef71918bceff2b289a3856b02,0.048162665399213066,21.95
9b3783831c510b5fd6151fa5314be2cc907be8b54f2d1b7494caa74a20352a99,0.04808064827007631,21.93
fa1fbaa1e1e8b6dd4ae401b14d9bbec6e095004e5d41867b82f443529fa9b5de,0.04810641533283141,21.93
e7b90f402ef60abb75797bb5b9278a82a228b6f0ea8e11823aac6055b9dd38e1,0.04799363112015323,21.91
310b88bae3dbb7e6b858e894a5ddd44ca176ebaedfceff9ab4fee8b4b62149b8,0.04798471733535997,21.91
4c8e91354136e146fa85b2f8325da6cf695039533e30e2c8697ba474dee6b695,0.047963252859823786,21.9
403103977fd44f55168d5f344afdec2da71129cbef17409510d72aec4672bb6a,0.047898930576198914,21.89
58c80f6c83ca05395aa2565cc3b22e04c9abe02b3e8edc82afc50ebee54eca50,0.04789691594234658,21.89
615ac6a53122f858e1b869b68fd2566bff88eac7f05f59fb0b564a9bfdd26e12,0.0477780986886239,21.86
da46ad0109024ba5456501360e472a230eba8964d4794eaebcd642b03162350e,0.04761223053114277,21.82
7cd9d0755c2c471c66a9ab30bcd81ecbd61c3d80051e969938f827548682ca7f,0.047552433038729844,21.81
7d238be8645c061272ff789e128935a2b90209f409abf115aa0ed7131117279b,0.04750950891818714,21.8
947703f467c61ef47841e7c9d9c5336a14715b276827400a9f4029c5c5a773a6,0.047494855897872446,21.79
b639be02b060aa80899630460577d3715c075e54103e419f39cf0c56aed031c1,0.047489534363291244,21.79
85bf6d514bb7b1cc84c4120e946ed16068d7585a90053e2921de7cf6b5f4f33a,0.04735349855443759,21.76
1e6b75e696e688d49c9d5e3c55beb86b22804b13385fe5198d02e494c3731794,0.047345933072801126,21.76
d9622c6b723490698035bfebd3409600b0debe71406c3619bf25acdb298c9ea2,0.047221501544232644,21.73
00d058bbee909f579354703e1c6492d366079b31d56aa115418cd726d2df8ca9,0.04721085949846738,21.73
aa280c2561db6b79fdc3c0f2b67dbfa37464cfcab7b758c657becfad10db7e2d,0.04720230263264694,21.73
12aa0e5a4bcf1f0bb58eb54666a747aac909872b68ceb02ef96cdb6cbaecc111,0.04723688538229491,21.73
b4b015c48be74efc28bdb9c69a2a2bebfc7e664172f91f80ec6f6246bac7e06e,0.047186717181466616,21.72
7cfef21bbae94f543d99c00d944208f296411acec2d72552a3f59034157545d9,0.04716768955128992,21.72
514f100c93d60f0ae0b92a2709fac74b32780bc625b6f4a5d1527fdc15368b6b,0.04704244533295989,21.69
6a8863bd4a5afd13a59b7bc743a3d6693d3479359dc83733119a0b5d4b6228ad,0.047063539440982044,21.69
d201f5a2d6fc7599c41ae29f2d3a4cf2c277688cbededadbbb02af04e4ab6430,0.04700946679248731,21.68
907a77ed4a5e8b04e103e210b293e2fc08a70c3398a26a8573789a54d6a760fb,0.04695078339651374,21.67
4c1aef7d9ae09d3caa934d0a6eb5c3393342e443f3dbb44a65045dfdd5a58dbd,0.04697450622965683,21.67
92506a89de660d44be938ce69174696cc1475a630f95d61c4c58d022b1ba8fbb,0.04686754440906015,21.65
e9d395487c4826534ab6c3d7d6a4893d1f95f094ff6d48a669eb0af3f270a63b,0.04689105864424245,21.65
0de252e2b4a57318ffc28d3a1b717f310e8077ef184beda6ac8e0c38c871ae7d,0.046820525444887434,21.64
47aa7eb46fb7c863a2ee7356306d312d8da21b33de60a2c64e0d5c0b55fb8cd9,0.04677756293122208,21.63
56723f945de5fd842ebf8f450c2d4e3ac64febd8e12005e135f47ce601adbc2c,0.0467509023705731,21.62
b86571606e2b3f388e9bf590f19a92304d12b5b460d27e5c0e470d5d378f44ee,0.04670027219530306,21.61
97d9880e948930909d02a456a928d4e7d3f837fcd0559ea9b3c337d4db292f8a,0.046670187330440906,21.6
c55bec06b0a0ad2a3aa2399b992b7c1c14792941426ce05fb08397cabe230a9e,0.04657832118300914,21.58
59cf0babb17a36f10ad23b6857e12216af8a3f6039dc36d3cb523307fe01e36b,0.04657885649613026,21.58
24e838d92b0c4d1e0835b51188d447b8a36bbdf97d3f5f48701a0ce2a29918ae,0.04651898028503028,21.57
23e6a9a58fd79c235b942a2d82901c8053f236e9477529369adc0194e87c37e4,0.04643415523736619,21.55
23cd460ef559d03615da3b155dbd4ed85408c9e7b07f2e1e203f4052832d38b2,0.046378703732377256,21.54
5fc715c3e89acb7c755b30206cc250dd82aa6fde0dfa20a979718121ecd532c9,0.046307145986405736,21.52
4a55404da2ef3e412feb5e64a2d50d8ceca79817f8cf1bdaec566d73a097cd03,0.04632176065486255,21.52
85cabd06845b563deda37a329004fc7a3b248095f05ad60878b42c5b2193f6cc,0.046304136463660314,21.52
bb7c386c3af846ab0afc667e3ed3b8947f02dca208a27510af9435f4a1213a5c,0.046279153081574285,21.51
1f0b5583e0a26ee337e2688ede2eaf3a7b9bdd3366475311e2a6f8bc1417ae51,0.046198474094170466,21.49
27ccd22781c259ae57e8ffb967b65aa8cf590e787b6c21ef199c8646affcd9ff,0.046190904341133016,21.49
35dbf94b9ed74f69d80afcabab6570b59c8d4117f7585c95565a4cf73d53e43a,0.0461368834680101,21.48
46bb62b20a384f15ae7e5c3513213107c37120c8cddcc5dc4172c235f878200a,0.046078819476557245,21.47
792d6ad88798e2ed8957ede8569027a6d4e77a503201fe50cb75827e602d101f,0.04603444523758928,21.46
6124793f38cd709dc77e2edb3869d85e334887bf7cd22cb894dbe332e44f6ee4,0.04607428903416458,21.46
110ef4d23f56dbb0a9d7346df26d5530c4451a02d3867cad9645ba5d0c032122,0.045991380772722364,21.45
4606e99ef4ad523027aad60c2fb441bf668422aeb033746d71d18418ab1c33bc,0.045962883953645894,21.44
b75b787ee8fc7aa3384da303896baaad42d2efead5939e488c8cc0dca8f4a9e1,0.04595233564657193,21.44
478781ceffb7fe990058b431feef2814f8ee56999b008fa463a9c5bc75712aaa,0.04591412652114122,21.43
b9e94741c0606a9ac3c0e6fa09940188357515426f344cc9f98c84ca5dd6421e,0.045936608854625034,21.43
d6c0e94803f5c139487b9fc207b22ea4ea8e88f0ddd204b19844e2c7286953db,0.04593389639498706,21.43
763b06dc1466dd28288f550da2620929e679fc659fc5941d1c8ac5d5c25deae5,0.045847995279942294,21.41
2cd8313bc04fb5002e9ea5895480687578bbba7fa4532d308e3ec31a712483ba,0.04579241206997249,21.4
83e2ae0b1e05c632effdfe354723816ecaa7e7f5b6c96c74c243ce7bc545f215,0.045745151197551036,21.39
df58218225e2fe9a91c0d364c963eedb7b0dcca049ffb3db33a687b0ff9e8546,0.04571652491055492,21.38
1c29acc9cba57e6abeb3e3855e17453509778fec39bcb8a075e0573ddaee277c,0.04569411878485269,21.38
27421bb8f1bc3b3661f22f7052310fb5acf448686446c6234aad7d77d3dac7fd,0.045700267036280474,21.38
5bab6cd1fe7f79ec132f72f732f56c0c85227cc627b53c7d0b63277b51ae5040,0.04553885976928293,21.34
ea6f10d7110cfc31babf10546f09a5497f1b41b1e07bb0dad3395fff626d805b,0.045365346844019265,21.3
1e1eb04bcbb8251a0677e5194f7f365e530bca6863567e57e35501607fa6138b,0.045360819865949725,21.3
b22da13620ef42c56b9e26e361228ae5f06e817cbe641e70a25fe02900314d03,0.04527618500264926,21.28
75dd0e44be3666748ea024dfb8f44e3f2238e44ef6faef72d68ef29674073878,0.04527823089082099,21.28
ad69865b1e5bd8f7b6efd51c118ccaa245c8132c6b1f362c5f9e83b5a495ba9b,0.04530226599415818,21.28
a914712f53518f49ce9bc2fd815bb0d7c7edf9cd9a8d888709920d349c65f685,0.045225121488292254,21.27
6184af3d2dfc463f7724c4f22404efb59d54544bcf25b429f31a506e384dba6b,0.045208286442060645,21.26
6b4f77dc0e95169fd4c6b959e91a60e0a4b91ab7081272b26410cf822f3236ad,0.045106533193024774,21.24
10dc630135bc5bd36e8e9f63d780b3e46ad927b8412efd499be5312e95731620,0.04505900295823216,21.23
34c6ccd1259cf0a0c6de51e06080db142495025c7df80dd15e314a09db99e3d9,0.04500111002545818,21.21
adab84389e12ce7ad9d203bf02494a17e9cafc1e7fab492a954fbafe5db011a5,0.044858282203063565,21.18
95cc7f854db463fa60b690aa110265e2e8b949dccb6de1bf463e22e6cdc30954,0.044830347259343976,21.17
8a59833bc321e8f012f72d4be193bcbb05e465a3eab3b86fad2edf29e829cf08,0.04477632927128216,21.16
267d23b8b55eaa25e9e20e941eb8a6b14e5f6b9b61dc5f1480cabbf0b0513691,0.044721765414064245,21.15
f5fb3d71323c2451cbbb060527c39519cad88d12ac8f69cf7c71946115e9f613,0.04468187927663427,21.14
0b9090d4bcb7688a1576aafce9339598b448e4a1860d72a94852be30aa2bbcd7,0.04464770751415049,21.13
fd655fb23d49943ecd382b35b5ea375fd835e7e533141b10e9ebf60a09fcc0c6,0.04462600640846075,21.12
3bfe4d1024d818fd9a60cc53a6e3c9fd48f00e92007e36d7f9acde2c0eb9d394,0.04460426439299775,21.12
5a529269f98e21599b0cfcf740cc89b5ddf825f42470bda2ec39c04028c50683,0.04456423272321866,21.11
0a6f025a3587f8f7c965c713d06fe009297f7a6fe7809f2693f08e08e831c60f,0.0445233126522624,21.1
0fe146f4affbe53282592b54f6c7c6f9676011f33cfb4a2bfccd357a754daa87,0.044518040948850264,21.1
a7ee56da6c27c74647b43ab2e10b7302c79eba7c620cf617c498c5612045af08,0.04452699399160918,21.1
7da8831a0cf1b837b0235f4efc07c7f9b7a40e397786e635437c0011788e0847,0.04446475465833277,21.09
63deef2d4e670b7c993c6b190b50e71d6e8a3f4c3abc158b3e42b954c1ece964,0.04443679845928781,21.08
acb9d426279030cd5626743c25cec9e487e09c4bb95dac890455a80db4fae750,0.04439183789352196,21.07
7201915cd5b5bcc5e87583395da325dba4cea3a7c0df4a33c3911636d8440c19,0.04437321947307197,21.06
41aefa4cfbaa9aad2155bb8cec59e89e7f67564fcf33949f00265f2d6718eed0,0.04434312083510092,21.06
0ebd3b65ab14955f1502581ba1aecbaa1a37081d425dc889af4b2d0e334cd608,0.04432368548052522,21.05
9561791761051442659e02a32a24a96dc94b940d474bbde5550cb3cf3b151075,0.044305642636164225,21.05
c42532c2496e974bd12b86942228c318e71e14077a9458e57400ea0f6ce49ca7,0.04431318326021001,21.05
615b5654518da8c8cd84dec72b0871887656607028844417818fe4124d96e933,0.044166350504616494,21.02
6ff9ce852e91ee4a2a83feb56a492ca5cb45875ab1881c6fa8ce5a16386d369c,0.04412520595213829,21.01
e11d2c69b06d30e76bb24b902bcd97a8696cb3f91015e17db4036cf6b46b9551,0.04414195386483813,21.01
88d54fc9b9abff2f62e866cf3d9d6db082bd20582217c6e31f435a6f3763f8d0,0.044100385076399115,21.0
3278368a7dc5522efe166a3b885bf32737a3b6bfedd67cc80846ea192547d50c,0.04403196276564628,20.98
147a48e4dfd820326b5aca27749e54812fd5060e9a1fcf9150c8af03655eab7b,0.04403364075316587,20.98
9dcae59c0d9e87f8f557bf523549b5f8a02c58f67dadc81f708c9f3377440c81,0.04403245371557976,20.98
bbad0f37f52677a224b2d6c6b2e06e554d0a486820a8589550cff397c3c89936,0.04395640774974842,20.97
f2b6bbe59299e071f8f6b88ddec301f8402360d6742bafe03dc75ea2bfe033f6,0.043972421458189054,20.97
6cddc08b84d52bdc661a29e618e93fcf807bd5e266ea4da7711038d4710badaa,0.04391851550193897,20.96
490f865d290eea0471cf46f1c5cd1a20c1789fc469a5371e18ab204ae1b00046,0.04378572258417301,20.93
982a804af037529163cb8f92f9e251b52ccbdc231c029833311732d449e83c18,0.04374327247568661,20.91
d29255049a95dd2121cf63b5354427efd4fe7b338ca669b826f3d65dabb5fbef,0.04362935273568044,20.89
2884b3b11672b1914c8e6120cd71ebe451df26ff7ddb9d48332a79772045a2f7,0.04359963828637367,20.88
7cdbb76541b17c3a5de145232f597435d2eb1e5849a2a2b27a13c0d2f076a77a,0.043544211416240854,20.87
b8ed30e96ce8ada8b930e667c1a4cf185d0c6b8506f488f7bcaa65f9ed035151,0.043470715882465955,20.85
19fb0b7acff5d328272773f8ced1b4a3caf49363ae69a22e2a88dfa182dd29ef,0.04348417901275717,20.85
cba2e20910f383a3b39cea76749abdf380f252e16de8bfb96b2d762e71866992,0.04346600588391802,20.85
9d268788fba7bf205358dd9eeada516f11f5f175a9287310be27d092d5c97a93,0.04341767768031796,20.84
02a14be0dfa17f9ec3feb495907fff0912d7d145f8f68a39296595277ba883e3,0.0434104942761779,20.84
48b6457822e69c3db5dcaff2e25ec1f4ab863ffad2b21c7e2f7e141824e62398,0.043395441161473584,20.83
1f06f9489098daf611fa1474c674d24cc287bd24536c8a79418536defc55bef5,0.043374016031080286,20.83
4497c6fa08e6916ebfca529a70eae838e613540ec95380588f4a3207c6a407ae,0.04337397315330094,20.83
0c8395f5c281026138fe1aba5683be20307e84f2f205a94b11ff7488856a8c88,0.04338545053890327,20.83
b8c106a73e17a20aa8915406b51c4b2db39c64e06c3d2f19c31305b2bbb41947,0.04340772896260058,20.83
6e4f397a6bc0ca7e980d59327234d43b6541e88ddfe456d677b9fb0564975878,0.043327042341561,20.82
5f251934058e5f0b01ad4e834716d6d42973a5cc3cf7e6174f26613f65cedbf9,0.04328925886648558,20.81
4641b89283457bfe2c298f8814164cacfc4b5f1c66841efc137c970d1e94b7e6,0.04324463086958339,20.8
8eda71aa989fdbfebddf9b14700082b00fb0c55343ebb9fae8b5a70f510df3dd,0.043246913431293776,20.8
fc0e0d8b5f41c13157c02eefa595fbd3082d4689fdc713fbfd34a4f9cb99b8b4,0.04323408411297543,20.79
4b7abe78b5e81cabf4e16c2bed90569faca370f94312eb157b57f0b498c4ba27,0.043168835359063795,20.78
781b784c5f3c3628d0f17d7ca1f9e20b305c09c6f650a5d848aa2daaeff523f7,0.04310419150952976,20.76
9f1b3e9b9dbe4cbd2e79c04cdcd40e7f801b37bc1dec0544b83af52d7ed04e57,0.04308695482409463,20.76
8ec8804a5239326928a06fa929fdb7c682921aabbc3fd03df4b2fdd661e087b6,0.04304482930093706,20.75
c37efb9a6befdafbf4420154124a1f4208d3ef500b2696beba5056aea937bf33,0.04301502178582975,20.74
32a7d3b8f2d444e05c4333c6b148b4545e466cee305bc88cec2103890277b9f4,0.04297661305923251,20.73
43a3471fa85f75b1fc5b8cf8801f0dfd69a906137c9ff718f1536b756d1221f3,0.04294593321865645,20.72
526260c694cfbd6423c4c6ac087f9389a650e52c41c209b79dfada6e7c03185b,0.04287490303266952,20.71
0482ef39c7a7171bc1fda6a45e3acab9b35497ea0b64bbdefcbe741e7887856b,0.04288565166262106,20.71
c29323bd4db9a7080606a053f18ed2c6b2930d94eeac2d8c335994cc0a178da2,0.042898405755227395,20.71
32eb6f31d99e26b13169d474040496fb01d69d101f7bb769639d953fad287f7e,0.042796897924849295,20.69
1a6c94e93b7268d9fe968d3d889d0501bafa1f495ba10a6692ccd358337676e7,0.04281860455888203,20.69
fd08bff00efe6940616b4f607f336d6974c0cebcbb9de73faa065c5b3d16b00d,0.04282330100042242,20.69
a6f62d9a65765cbaf28ecfd25e6f1d65e0eee5259ced07e03e808c97fd5eed40,0.04279501495193,20.69
1c13521271681847d1d8daf63f6991632494eadd33f5a7a99e9dd4b188c197a4,0.042721838275069694,20.67
b6c89957fdee038db0ac73e373aff55192013e7c3949a978326f5e0de826faca,0.04267539869738517,20.66
67bc4197368657fb5e82129fae2af212ea30b1fe2682b4cfe995d338309e4d26,0.04268119279876114,20.66
84cc6f1a6b7f43407184a1221108c300c41baabc326052093cff5be3640586fb,0.04262376113797999,20.65
4fd52c26659a48f498487cb94e1a9040e4ae17512653e3846c1dab61c4c69a0a,0.04264518194717214,20.65
600dfa27fe65e6165e6f54895122e0852cab144aacf491bcadfcd9def0d62a05,0.04264383207438948,20.65
44210556dc6a2d022157d9bec00d2675f0c1c48cf72ff4405d2abc87c7ff38dc,0.04254907205054452,20.63
8a35f5782e821081577997d906bde92b030d91489bfa64e2b2cd2fadd9e8e784,0.042562118775874576,20.63
62bdc01e7cb30454f49323916b3b78de100e748ff6f0f437e70891fbf1f2d545,0.04236299892292922,20.58
bab0cd14fdcb5ba07e21d61f4a344df4d77128c430552f1f4ad3c24bea7c34fb,0.042323448460686926,20.57
04ff878d501ce4251fb5f3d0b24ce85c83ec31dca679c890e68c9d8b842c5fb3,0.04225727048630757,20.56
208617e9a343576ffb8db9229130f64c76da3c90dcf0559084a00852ca61388e,0.042290048968282444,20.56
8775b4685388142b2626046ae25e969d77898611bc78433062b6ec9203a1f342,0.04224176544690808,20.55
ad235101b979962e1b6d024ca111f9b0e9ac7a9917b899fe94459398c895edd2,0.04217314020158023,20.54
2a82374f05720d52ae30810408318e0988d15a52102bf9210a1a62f793906114,0.04217818201292925,20.54
ace7e39d39b3c2b8cce0260032a3f29788564f66ea5252e0e44f111fe7d7f078,0.042173807582392586,20.54
26963e599c33bc4e9f4121bd04795ddb197372711227afbdd85a43409c69331f,0.04214179126238175,20.53
e52fe02c88c053c9135cff7c8387eb9a78680701f8e6200dacd2eacb6cea91e6,0.04208393267886296,20.51
d3fcf6ab83ed2a5b777ac1a377eb3ccc1bf38d23487bcf1a20eb3dc434c7278c,0.04208191920739732,20.51
4a2787cb29d030833a449a240fc934ba84ae8b6738d52300178fac97c44460a8,0.04203062766951549,20.5
a40c8fbf5efbb07638c09812d36b023a1c46160fb315419f8f305aaec165af56,0.04199498812889326,20.49
71e415d4eaac82e27f103a03115a01bbd3701a0f3dbc963fe63616feef9ec23c,0.04200402181350807,20.49
26e1e689891c59711c73525a9560a5df4a753e0aa92557d761e9dd2e510d15cb,0.04200246037128916,20.49
0a1f266092942835853837bbd88fe9afd2e15fb515fdf86bac8362cdc0650b1e,0.0418803575315428,20.46
28fef18fbf21f8660665b40128054d65ee6ad9a20e8cbd82deef9dfc2bbc8c35,0.04179091975685812,20.44
7f35c9a28c09d1357738aaec0ce2810e6138c25d74a22bfb0bceb837d4dda923,0.041778693144748885,20.44
952565ba333a0f6495249ad20eba64bf0b75e6b904e2e818bb14460ad8f13145,0.041765284743664574,20.44
8df0010cb9f76157562778e28bfbf233a45a8e05dd4c29961ce34efb954739ac,0.04176225281722976,20.44
bcb7c68de27b03f3809aa7943a0a03370bf687cdeab4372ca449b6280e383be7,0.041762149149933564,20.44
43131cb6ee15420f917a0e1a9054aa30889909406f2bfd66380a9947f3dd6dd2,0.04174365367333671,20.43
102225848943518ad91181aacdf04f1a05c0f6bc709532ded591c86853c13db0,0.04173345799315243,20.43
bf9fe0719eeea84ccafd2726459205b8d864a8ca91591605f215790a0144cd36,0.04168953498846504,20.42
eae4942532d375ab8d05b916e81b0e6544d14b061dddeafcaaf52793518ba457,0.04171147764504207,20.42
491c2a2a5404094f3c5ae46e3405a4d8b0da00df16c9f4b8d91fe00534330107,0.04167263564775382,20.41
347926f17964283e3a36e5aa1c45058cd0fecafa0616f0e537c8c505dcc307ba,0.04163121916264124,20.4
e9b826a797df4dbb5741627274e37977f91d5f749c2ca3e1944172f60d53b3e7,0.04158963723074465,20.39
ca9c83503027817af10cd254dfe4edd28905653d42c61b70c69e26400d68f36b,0.041460585716693,20.36
c8aa70d4be763ab748e36ce683b3a8836eff53117edcb2067394f5d36b1f58da,0.041320694833797605,20.33
82f00d84883ba3de855e8f2afe715c8976cfcb77c9bdbcc6c8ae50fb986c8e68,0.04117237096699942,20.29
cebec1363f7f59589ac0b1790dba677b3a064e6cdeb1ae28a50e675f15311941,0.04115282729449625,20.29
8a288a62baad9a8c946da328f656bbbb09e94f116d396ded66ecb9e7292de475,0.04109959178515583,20.27
65df208e41902663b7ca24f4e0c6c9303103a1f7b55d7e6e9a7a1fe46935af97,0.04103576531248558,20.26
54cf7801489c8469b1a2e86408c473153d5f499e22a879416e52dcecef17cbb5,0.04105249347287433,20.26
07050156c06b84edae8e8214c02a416a07acef525175744b4d36f6e083d98558,0.041058521807314834,20.26
cdd057364e8932e864e3d3bd4465333e80acb42179bf56d2a00a5103bc5cd95f,0.04099714393164839,20.25
0e5e0d9419d55df2418d1a9b8e277e06abfecc57a03ce2200dd1887f07f0a9a4,0.04101459043905645,20.25
8be998828a264981694f942b23998e04b70db7b65c95c5ed21b588b303ec8c54,0.04094635711566442,20.24
497e9cfd32ec424ca922fbe762e4d50f6cbb285dd746ccd2f1bd57f0c892156c,0.04096196577792475,20.24
2493a356a0cdcf27657940196b7abc63f30e4f266496e1ad59bfa985fa7d5446,0.04083795902575578,20.21
980129494b4d4b3d2e0cdb717c916cb723d4b7511b3b928a7dcecd87bda5abb9,0.040849503162359566,20.21
388db5a518c0a739c5eb268339c4796cc9e29bd4181f9bcb01bee4f32083bf8a,0.04079259894959675,20.2
44210d15fba63a68e0d8d5c89615220b20728dbca9abfe1726640a227d610a45,0.04082213843446518,20.2
5c8e3ef835f4fa58657873094b14ba261a40c27d3771d2ff22931a1ad34b738f,0.040791878681591454,20.2
d4231f06fe5979c106877f801e5483f3aa8bb74f797c65ce5dd0dba01056abec,0.040766626540595464,20.19
e8c9852915bf2221b33c61be84fe69168e25f6231e98b56705f38c06c8c5a714,0.040767851150739956,20.19
4dcd8b3dd8c34fc9690dd062ffa6f29b9656e74c1748419078a5dc9751012d43,0.04077317045223964,20.19
f82de01e8f0fe1c98829145c38578d39f4f96ec1bc6f8e2754319677bfa95c7e,0.040712067046066946,20.18
2f639bd92a049a6631bfc259030f31e5625f84d3fe945a2d19f95fde9af0b190,0.040639335687822825,20.16
5a3cf4ecb0c2156624ab07b16f093cea0bf7555f0f1a5e3a009cb11bee61f012,0.040611454633854994,20.15
47569f82c1c36b8f19920aa192ee7026fb03ec118a667b989297cf0954a52c3d,0.040490586151546736,20.12
ac66e1c7783947edb4d26f260d8e402843a402c562371acdd9970d6aed304f38,0.04046202176900501,20.12
04537856d3e99101b2d7c8516c903f3ebc4e03f5d4021f4e445f8e948a359e25,0.04045688412871904,20.11
b654764de5833d60069aee5b1d70905e5a862e1033b453da62b40678c05ba034,0.040459030707678256,20.11
3f02be8f405b9c709acd73558554ff176e467429c1670af85e10329784afc49d,0.040373173917418986,20.09
84f8a029ebfe8d4950f76bcfdd810ba742657d2e1c02a2e92b802d7e14665810,0.04034113366723295,20.09
7fa5c6641a2bcc2c52ce964751bde296bd98105c52a05bd7c70912bd382592c9,0.04027785152973661,20.07
40b62bb8e05332564465619b089d6c4951e334ed902a643e42cd15fafdc3f2f5,0.04025450335175798,20.06
036a2ed6c69c7db03f2d5520cab98973bdd2f8858201dc49f10dcfbaaad68139,0.04012453514081046,20.03
d5797a9428bffd4f990fad8c01a7d7d11194188aebd49fb667fc9744625fb7cd,0.04006863434030179,20.02
7d0d448a7e378c430ba5f6fbbaca018643f9b6d9e8647e57b774205be299ebaf,0.040041123126460354,20.01
662d2852411e9124585d83fa8b17cf20af09d4af17f738b7c4a61c6e998af67e,0.0399872096496164,20.0
2cbd72d36a63fe0164fce176c5a4353ab76c4c60df217f841f2e501d14786db8,0.039966609511869595,19.99
1eebe886457cce4b954b2789b6df33611413ce258e047ea65670bb404b301bd3,0.03993776904257984,19.98
bf97b57885bbfec97a809c8946919d648b2bc634832dbecf0382a515aad9eff7,0.03980754977297568,19.95
2d9859f77893d4a36068e5340b1710bb45e8516e495c011eb3e8afa5283c995f,0.03975912773728403,19.94
725ca3b4e804d64d1d05a2a23dd7bdb64a7a8400fa3264952b8cc8dd97be7b0e,0.039699296991889184,19.92
6e8395056bd61bdb7a7c24c07e334cada1654704ac02c91f64d027741c0db651,0.0396867240804226,19.92
9adde46d5347b4dd12d8ea7d414cc472279f27631ee3f17407ded9dc5f2a0a48,0.03964775129578663,19.91
01a270aa80c1d1334950bbd10e084d427be8539f09f1aaf9ef0a1ce1995f785f,0.03964105888304153,19.91
e0d0efeafd9663cb700bd3e92f1188cf42b9f5352a436cd57fd5256a987a9cd5,0.039651961867458965,19.91
37678e07f0c9b7d71f01b777079b1856cefaa4afdfd8d92b8eec9e62955b727c,0.039646847608002946,19.91
b9561473fd86af60e20bee6e85a4771872c8fc793ef39e6f253f9f439fc0d969,0.03959159294080506,19.9
5d886633b404acf8145975730759c2857ec0e0c82fb181ad9df4f7042b920d40,0.039610726806777435,19.9
79930edc63f0cb4c54185509df6b4b046c6d206c83381205bc16936eab18cc30,0.039545239566439384,19.89
4bd985d532b366cb29be523af99b4136b4ef73734bf73bdefdedb6e58635a720,0.039549183035291396,19.89
4552ebfb09c73d9ed35a96bcf160ab0346a148ec1af1be75bbb79c17c15da077,0.03944571884049263,19.86
34732e880dc3853cf6a86c00642da5912371894477d1834be593bf29eb0a5d92,0.03939489141036665,19.85
693e242e48cbf22022833438e659930df34dd44b8c4347e9dba8a1b8f66cf79f,0.039359276001825434,19.84
930cbb1814660db7ff77a37d5d332e392e07afd68ac39205ba499f0f9e726e02,0.039293143911731436,19.82
9cfe76d485e518d44b673502a07061784772716de194516b67848329ef05c309,0.03920798091196732,19.8
784c4feb4f56ecdf69ca4a9503847aebf0622274f252950e49d1bd4bc6156e2c,0.03916766520756018,19.79
da30afdc570a275a25bd102bb17dfeb1aaf731a6561f765d4ee88f7776db8e24,0.03917038299135051,19.79
fbb80b5efa2f5b1e965dfcbc4ad962e5770ef6153c0a2fd8cb9842206512674c,0.03910812249996055,19.78
57834b100eadedbf9548812ea93bb8c7fabf312dca9705acb28b54f2ee74479a,0.039092823378525626,19.77
c12c840ee7c6c86abc674d044c6256cc3d6a294636800fc44bdd869c637a1aff,0.039005189324456645,19.75
713acea7f8847228b9a82b8e30dadf8fa249f5125d411b5115e18bfc369f42bc,0.03902132216880547,19.75
5f9e902bdb7294a23ae7ceb681726c8cf587dc38832dd2f8b0eb59909d5caec4,0.039000117217827396,19.75
53fa8ddc3d38348dd6c1ab4c049c74a5ee4605f1fbf99d0ba0952b01125a297c,0.03893801013062062,19.73
2f948e60c860333f70ca275d7565d0159edb34fe69f14a72eee85faaa339310d,0.038909042512007865,19.73
f099290fe5d91668b4f29c86a1cdace8115b810c636e5e66283a8190f3f5635d,0.03884681691777259,19.71
19c4a987e151363636f9cc55dc1c8a6589849b874f1f38de51a3afb69e349d4a,0.038793851810111,19.7
51672d9aef84a430fb78bff293784c72363e741ea1683540c9707cd58bd008a6,0.03871988459922151,19.68
08cd76d08e90b9799f84af3f0ab95e275d65f56a9eb9ce67c4810f6561de607c,0.038641490403768984,19.66
8bca11284c7bfbc2653b5ccf9883b606b47b92b43aece098d8a95ebfe2130e39,0.03865482250121376,19.66
fee19acf6298f5b81cb8244e5ddcb8a895f03065de455b50c0242703ca0fa84f,0.03866922997115643,19.66
bfbbacaf8fad737d90a9b1a007e2a7d03ea1627499c88b3f6bade88c4c5e0636,0.03856649824947248,19.64
05d7974b11b071181fc374f1652a086eac12578ec7ef288dd73750096f0d8496,0.03844518195830506,19.61
6d9e818e182588e56e80075fabcf78ed90d46bfab703b8a2bc49bbea5eced7a8,0.03844484490612233,19.61
8e28629d1a712029b905df540d89b1a09c0f8a727d894fbf6d573e66511f4d30,0.038413023201844136,19.6
2757dcb25da093427a3984c8a7be516155c4f7364f36c3de93591eb2a5b48afe,0.038364023874771655,19.59
3ec17aeb746e501cca54a484103c637bac7f5242575332105302e5a9fb5622cb,0.03837656618246339,19.59
872135d22764cf3d1d57b4da46423f78acd06b58d07d90b2a7243e034179b34c,0.03839049940564994,19.59
72188da4bed46d613c45abd414cbb280c1504c1852a0075177aaf6684ae47e7c,0.03835286435419472,19.58
a218022d4bc17caf7c2bc679c2496d8caa87431087af6c8e3c674ffc06b0f45d,0.03834888021073607,19.58
1f1f7ae3e91ca7539405f0507635f652159403fb31a4ffcabd1c783c3ef196bb,0.038297991548960825,19.57
be57910a49426ab6c5bb2bbc6f762e09bd2ade70b498eb63f05c284926385b88,0.03828147511775027,19.57
319396d7c23051e72bfc08483c80a0811789e99060ce0fbc51c088d7f8c2df90,0.03814080394990399,19.53
40e226c16313816bdf7f872f802d9c16985c8527eb2aa90119418793a6628dd1,0.03807994007768431,19.51
d0e0622c3cad285ff7637c9d8ddeef36eee3fc4480e6b10e87ac2e1a29103393,0.03802291301399454,19.5
29812f793c5752fcc46ec4b0b88c54d1d6d7c383427363924e55fb7e4e03adfb,0.03794298045282704,19.48
a40f590e474bc1e98b22322251c2aa96b8e20e48168c5fa0f4f700a2901ead8b,0.03782395230585361,19.45
43cf60c187a2e6607100304d06ab059d7dab1d3a336fadeaa43ea54265304d96,0.03776378726436649,19.43
367561d3e95cd21ec56e8188d7bc63c1075a9e291f524557736146fcbd472713,0.037712321672764795,19.42
d6dffa48bcd39184692f902df6bb71b358d831d4f509145316f2f181a423f41b,0.03769508657035392,19.42
9fe20982bc5e804ee164cc54cc18cbcdb7321ca8add59766a0530fb7ff4ec212,0.03767192900403571,19.41
9335053e0d5f60511a5e2c92187eec3454af74749bea43e6211853fcf1f42e34,0.03765303901596709,19.4
481c1a53440a82902982aac230cc08389a1c9cc69952a0530eb8529f4b18e5ba,0.037595064635295584,19.39
6f9b9087c3c856bc71e75ad2611b12d392c5a7f9edbc29cc0cfd52bc5628d6d6,0.0375029254369724,19.37
42c6ebaa0b7c4beff1b7d30c977f602b6df45b645709787510c760b5c90b7d33,0.0375003556242992,19.37
068c690eb7c4a9cf5f9c352816bc6ffab1a930f6d27103aeb392606db294a5c7,0.037310420674899626,19.32
cedeff7f6ddd4a0af69a131542d62eff84afccf0f71f281c4e27c1577ba1efa9,0.0372408982121736,19.3
6012b25ade1f2ee199e885ed399233d1bd8b45e15f39bbce533ca814665e874e,0.03723438280043065,19.3
223103df62d7a2096e7c556cd40c3c6284694d57d0df2ac27e9f3863b976a509,0.03719429047493155,19.29
383df83d7f8df1f99921c36d1df6089460630df089fa5eb6cdcefa6fab287960,0.03713912783146601,19.27
101610ed7f57e43934cf26b7e65df425cd7a44b5095943ce10ffaa04e9e921c0,0.03708452326316105,19.26
3ee39d437debd94588328ef54f9eca1886343466cc725c1b8b3b9f568680aa08,0.03700661675196254,19.24
fe92519bc244b2977ed59e30c69ee7f061f98120dd087828676587875e42d266,0.03700059913453217,19.24
91b1c3c6fb319e1da1555846b27b8fe6bd51c3d3ef7a470134e4ed374032f0b2,0.036961282059612424,19.23
06ab5e767a46917e9f1e8520eb83b290196177c44d6cfafbfebdd136022180e2,0.03697056098885033,19.23
baed3fde875b92df96a924d7f24453253ecf37eaaab17e30770fa9c400b83b46,0.03695340617201449,19.22
fb8293637abddc018d78880da1c80811b516e39b2db4bc5cd4f39164ed6ffae3,0.036861613855474526,19.2
65fc28a2ee44c56b45a6ef177012096ec55d15babcf0e2b9f569cfb99a0ed624,0.03673180484583274,19.17
3ed0f846fd50c344df530f0165262189e3c74cbc027eb9782c8911b12b9a4b60,0.036709366334004304,19.16
3ed8b2de0f304933598c1d0c94b6557e39233e087d3256457dd71604a9dad479,0.03664150367905839,19.14
d15e66cc0b37d4e02389d5b30eabd50b763dd23e984ea55e1b2db05c05a9ce73,0.03661381626357836,19.13
5bfe91eb2ce714ed267dadcd063c61d098eb1a17f5e8b63ab1d851ae47385ed8,0.03661003448367067,19.13
aa2e021c8a7f15d97a3e0f27a18b610860f5f1d870a4599dfa6b9a7f8c58e4c3,0.03657614987017585,19.12
cb1a553f872ee1e3e2897cfd0a0859f1a07220efcfd2db1a5e892d2e2eeb6522,0.03656612415404006,19.12
eec039a9ddc2a702d7accd240f1811c18190c09c0e3f6f622ff8ce3203e54497,0.03650855512414083,19.11
5834512d56e2b360a16055d27392247c703ef8ba416b6ef6f789ec8107a961ec,0.036430709958747254,19.09
0b6a6bae930a5ea216d4b3a8b502571c0e30f7d42a9b971b51c3a25f86932aa1,0.03641068460533142,19.08
a8e0e2c9c39c3df2a2c4ef2ff6791429f53c5a4555d7f68f56e0c4a123f8844a,0.03637638057113432,19.07
c9121fdad8925e68f2895c64294327ea3aaa38f10e04d42a5664ede7f0ebaf6a,0.036350984583787375,19.07
ed7e5d219252500217e1317c5d0b698cd3e4ac24899dc6e9dd15718716595278,0.03633177470840954,19.06
c4ee0035bdd9f81eb78e1816a374ccc60c8212c458c34d9ade935aafd50b6b54,0.03624050681258724,19.04
a41cd886291768b7ed8e7805fcd965a17df6bb2bc620834c8c13cc493ffbd73d,0.036188388682420414,19.02
40f2c7de47bd83e22a43aa2fbd24404d8784e7662e0ef421fed4ba9722ea758f,0.0361302961157379,19.01
c21d5e01b590a45fc053e1d80b31ac80c20267f75d1845e86cc967337b099913,0.036074538118228305,18.99
b8b0b613c7c165de042aaf4512815a70d7084a53fa1106d61ead34124295c5a9,0.036065003698777465,18.99
307e247a8eefd8a0218d5b8202b4b7a6aad4ce0492270de081f74efde02ba798,0.036033313057012586,18.98
dbf770aad42f7a65e48228fca9e2090f3048ade409770c68905f7332bc28a5a8,0.03600318045604128,18.97
4d8733feabe3c364dc9ae8aad373e2b82a85195d9f59b58eca937dfeb53e7adc,0.035931071409723084,18.96
a1ef7a16209a5691000c7d914750c696ac9d96592dc8849a65928872965fb598,0.03586352401996442,18.94
e8609fd80b4f0e595ddf1a860779efd9d54c547810392b5e063b356c174916b3,0.03582010606334706,18.93
2e2d94e2fc1f35669e816bed241ed70cccc1001a7d985dabdde4df19669ec57e,0.03566234800670816,18.88
bf8eac09783aa557642d4c9607fda0ab4fba04a4906e44a30914d8c8638c807d,0.03548362752139052,18.84
031b53b72387e7fb15f4de6515cf20daf02aeac4487026068de976dc89ef9791,0.03548198060661046,18.84
f91e2d953ec05e3b148f2b031add112bde9671433ee6d1b6ee6f2fe2e5a3f636,0.035473221787074,18.83
a108bdac6ffd1a5c41cb89024512ab0502474488bdf3336258308ce5a25c7960,0.035349436448174586,18.8
bf0c49951aad6b5aa1460344695782dd7318469ef4b7f40b83e1727e6d5dbff3,0.03535446132471856,18.8
47cc1004b841f331c4f1be322e8c8c9bcb8cbed542447e133e8313da8343b297,0.03520669085196338,18.76
9289fd49a268f86cdabf8d05706507bf7b940f8a257b99152f72f0a0076cb8a1,0.03519421050612812,18.76
534d4540af18029aaff7dbee5da8168c76877be430d9e34ccb1bebb42baaf717,0.03519897623185901,18.76
da7d7f868d75ad7eb2705d3cb22c0902abd63e2896cc1c37bdbc325684d36908,0.03514212961199267,18.75
f472928ddee3bb2fe3a1d7ee6e232625d732c623aa2591d21b1c3e5546e71cb9,0.03512487767781925,18.74
6ccdfc424f23b0f8106a855116e5a9f5fade29f052bc807e726d0f9cf216cb7a,0.03509023029609468,18.73
88ae842ea846af75665744ec55e70e9365c460ab4ed4831028d9fbab009d1d7b,0.03508463594600095,18.73
2e38802c0337ad00ea358de4bc7b48b9d0ce5b887ae446b2506d94854662868e,0.035061327841637395,18.72
1794a8218852790341e1eb3fbd57101c23de611909080b61a8d5194431e2a940,0.03505545211883259,18.72
fefe7969815978860bff4b35b1562e21db002780c6c82d8768f7740908f1e9f5,0.034971592712836265,18.7
298de74145d808ae3d67451003af6ce18d7d22938c1f6a31b3dc6d21c59f37fd,0.034964726747135556,18.7
3b03c92d407c72858e493bc8bf7f618e1e595401b6149bab5328850c4b284051,0.03490103065197137,18.68
a44ceef4013d3918458c62ad4ef6cfb4b77b8f22f344b87e1f154bae3bdfd86a,0.03481312809755063,18.66
1119af3ff52605c4dff78438cc8596b2bbf413cf06cf53d3c1d06be510f22951,0.03478820551065754,18.65
98706166ab0b885dc1a54dd1537361f0a5932d0a747cd8de9f7d582a0dbe95a9,0.03474750824930359,18.64
14040ee555987d8203e1b2ce5054f852deac705240bff4c60fa4737018e108b2,0.03464502077801363,18.61
f29974d42e7f9b3caea4d81c09e8f187f1a1a2986f45038154316556662448ed,0.034646006547430594,18.61
d121161582b0e99e0384378fccc0db1308a94bde106eceb4610f6580c0a3a139,0.03464352889379679,18.61
1abb3deb0ba2b62680cf6458ece0491b1a71c5946be296d9f55d60748e71cd1b,0.034609101819054924,18.6
dae96944f81383ac99a5238a1b40c499693dae786fce3b8b3bf1164c6d87305f,0.03459529692300284,18.6
df3e5d3fa25ee0a8f929bbed7d18dc1b09c14fad04401674bdfc0b11c741a968,0.03457648159431677,18.59
69dc6417113bf78ae8f75f67e5a2c3ca9dfd804681fda2f217355175f2b1ca6f,0.03451551622940202,18.58
eaeb00c716b9eb5c70284f6f50e2f26703bff659fb3819a8c079a62f055f5db3,0.03451911163853991,18.58
3ff615e846087e6c6bd09011aa14840f11f9d6ed3280576bc69aa0f55cbc70a5,0.03432277743493755,18.53
9afc1e7b53bc93f3896b5d221b1d627d68537e4ca6f1fef5b6d98e8b88f2ad12,0.03426557446498454,18.51
e68ece71d0dc5362e3f8dcdc6b9638fa1d57fb5c417376c56f2ca0206502af81,0.03421361441640754,18.5
fc53129981d05ee2b2f0745ffb9851cdc08977759085d626e2e1d25c1543b971,0.03415091136605923,18.48
a5ad7d253a5d6aca950ec414e74b37cd08d5eb4a1a6688e10117ca4e40d98613,0.034135728210592006,18.48
400497c48e4d954b4e68ff6c36d2198c8d43ddce216abdf9e6211672b97efaa0,0.03399116912396591,18.44
48d196fe56a6b03928611cea200ccfa6c05fdef871c2174dd939e31860ab15cc,0.0339599160824785,18.43
8ce592d2134930ec39dc98108e9a8055595023cc01322979b47fa012fe4ee624,0.0339228785351125,18.42
1ca8fa3263398797ffa6d0785147a8a7a308cee9c84577e1f29eae0548658020,0.03387269085276417,18.4
d732c00f3d595b5a03d5e0ba98ce6a5d6fd4689790957c040141d679080da7dd,0.03370212450573783,18.36
890f0a8a575480a946b5093fe1abfff416afd8107212cad88ac1d62b8e3ee755,0.03365482186161629,18.35
cd8c48a4874192c985be57f600bbcb93844cad58cc233cea928ad7a692bb7118,0.03362716305986835,18.34
eed86ce14009994e30654a306dadbedf930ee2522b910d483ed21ca6a2bc5663,0.033642229882136616,18.34
2700e314899b5b1495713274795d9ee07c261314f34fd4933f4aeb97a33d2f85,0.033440064323922665,18.29
956aecc796939e2edf643941eb5c2c8eff240b1f3ea7d6b2d9b3c97c63f20d2b,0.03341375101833314,18.28
2f74c534ba4c5df510bd7a04679a9bc8ba207375fc6155ca51f2873a372058a1,0.033373328380678795,18.27
19849a9c14a715aad473b6631c30a79921519b64cbb8fa989f1530c4a31519ca,0.03337828484054559,18.27
86db922716a714432805237845cd121462023036ea8e5a7f1bba6412cdf033b5,0.033341920801740574,18.26
54d4c24507f5e74359fda52b3aecccca956d675fa4a98cdc3bc3c21374c6a733,0.03325193577809605,18.24
d048da469190264fb513f2cc0139dd73b19db2c1dbde208d30741499e90c11fd,0.03322879109899269,18.23
a033a192daedd0ea0fed425d271fd8826283d46beb34050cae14dfa502ab767c,0.0331913002075949,18.22
a5aef41ab07fe29ed611aebb1acf5495cd9f408d19d31815db53cf271e869e71,0.033191548150447135,18.22
38adfafe54efa14c752370d284a58b51a1fcd29645814705de0a65da0ef0e82b,0.03316909589693548,18.21
d272684f4361cfc5ee810510ceb8df8d0b48e69cecd6cebfb9dc89c293751893,0.03316899488563765,18.21
8961b77996181ee6a587d0958d80859360cd0021bce17ca448b53dd7524b9a03,0.03310851380713836,18.2
438457eed8ff119384bcce86b9543220568ef56df78f03973aac2666d86d6d0c,0.033114910343725504,18.2
ef4a2f9fa2cd956a2a51ea486c0537d58e8b4285dad6e77af26ce52d1b6414eb,0.033043143297685644,18.18
9e1b254dd51658271a1d0644c5450a4c84a32af5a420f9b0cbd78e6fb4f8c998,0.033017326060738955,18.17
b4151e970c803e775abea0941de0e5b87ff0649e2667b74dc6b614b5a49b8849,0.03286931107385574,18.13
21436d6d33f6cc766d4a01158d1da436047c36a5346de9c64b73dd3189897950,0.03282929225655502,18.12
353ef3a5bcae3ada08af5a2295077e7e83cbea624765529cef7111be515115ef,0.03252870821740691,18.04
5ab3a7ef822d53dc84e3b1fc49926fb1f16f5f9007f1aff8e2e858882c9f007e,0.03249670479657501,18.03
6ec5f66d99463f1e29f2f63b5d0a9a4858b78ac3231c8fc92998ed881cbe2dae,0.03245695179108963,18.02
a24e00bb740d36e401ef40f3d131d71b2217950865de9bcc945fc67781492c8e,0.03230101556393912,17.97
de74ba982613af17c326dda44c5bce228a7f7ace9e81c7937828b6c7fc077c58,0.03211390564957113,17.92
e2a932151eb0e4336f6870b23253a9ba63664c2dcb0d01f0d0f1d5e293db7f75,0.03205784958064723,17.9
ef57ab8f862546c5c1c24e76ceed8956ee606ac866a58fc6d49f7046f7ab9b79,0.03201320628889181,17.89
1b401a9fdc8a844ad8f08f8ac5745ead84b1bdc19d2862f7597d047a7a56a882,0.03199987473782692,17.89
0ee14862b2dc96edfab496ac667ebcfc36ce979e3766f3138d490a7f1f5c144b,0.03195436593956651,17.88
e1a7773cf22a75b9c2b179ea618aef68d4d82a34e129d484cd3f8256e8430173,0.03188681604486019,17.86
813b257c78f3194e6f37e03232c128ca43f76a931ed288c438a7d95f44f1cf31,0.03183077200098183,17.84
59f638bb604719850e3dc186abeeb572bf53df743935583831ecd9eab50083f7,0.031797978753532144,17.83
d65e85fe6af4586d2dfa9f389156ca730bab272457706debe0388540fad6bdd0,0.03165483649724932,17.79
eb14a5c6b29e404cfba25475c836ea984930a2bdc07eb77b615c504e26cf790e,0.031605188111176005,17.78
55409482ef303e52ae11ad2daa29e64125ced913ef05ba1fec0981bb4e126605,0.03156269105754223,17.77
e0ad8aa2ba82ad3592add3d29b3d39376433e5df81ff7ba7842a42e03ac9b076,0.031579142731561476,17.77
19016160936d4c7ee3bfde4efbfb7adcbae78c33868bbbd027596f0c0cae1583,0.031366921871966456,17.71
510cb4c578d12e70cff655ab417e02e6d664e9a18f2256b708e46a15640fa7c1,0.031321518979708605,17.7
c9aa18bcba9100041598ebe214b60c50b90143bcbbcb6e58707a33d29faddd7f,0.03129008068055257,17.69
34c5ab31d958214830be96478377aae7e52e14cc9b0722712c4af6d080bcfe4e,0.031166113862106312,17.65
1d0b96fbeb89493a36bc22e977e9adef49d992ace20f31c5d4fdd58ea2de0e6d,0.031081393354583424,17.63
639aad4ce79dfc5d61216f810d56959b1638d66e33cf294059dbc96005c774a1,0.03095898447117822,17.6
bf35061d4990e982b85c947081d9dc9ccc7664517b1ff607ba84dafea009f4ea,0.03094817538536506,17.59
eb59659fe07e56a57fef33a9fe7157125a689de09b633c43a686ba5172d69622,0.030884290448953588,17.57
a2b2aa5e2f6596a6141ed07016f608797b433ff0efe57677e9abd3021aeca55e,0.03076051697208705,17.54
021b8ff260b9ef0ff4ce926f6017a68ebd2979c7262cdbff7be89dd1b4663cb6,0.030734234908978027,17.53
cb7d00bcd0da80e318fdbd405b605375e9359ceafc944cde5586e241b70b8253,0.030611110396116425,17.5
b69183b30a1d77ca3dd47c8ae7731d67748a35993eb295e10f9960269dc6a80f,0.030558363999863617,17.48
a20da9868afb5267f561e3b0137482fea12f603011b554fc8d4b75f6c504adca,0.03054380602663769,17.48
ef49ecd333ace06b36e10740c572e15d8a83d30b9e2d17d972ffbf4282a76e18,0.030507348010012172,17.47
05a5a2e9003500c58f9b58d1a13c21d867382d4a08f83c5fa9757eb23b8e9e61,0.030453294952931392,17.45
d4be6b3b84a2bc298b91e5c40b1da4401fda65fd8a3233679980c954037e5ebd,0.030432781797441164,17.44
3c16105d283657897224cf6b37a13f48ad3566cc556d5e9c12a9582672f8b3bd,0.0304276648882791,17.44
45a58b60a68b35e1441d62370655b595a22aff400e02217c0270bfe00f3f9bc4,0.030362086803804603,17.42
021414b234989d6fd188b3a592883c68983ad563aa1a1a2adf5aa686e093ea8b,0.03026100887649839,17.4
f3a4b887db4041d4a1f72245bbb7278c63932eb2dc9c9d74e0a3fd985e56f75b,0.030275890574547625,17.4
1b3317d75ff8389d953df78859f01ac99307cbc4eec10760ddb810e313c0900f,0.03025440724990786,17.39
93d523a4a0455af8029dbdbb71b2fe045fe40060c019e5f02357ad63f40f8a67,0.03020792777083486,17.38
38aa783356552e7584091f59b2e393f73258b191c236431012e9d73e3b4ae0d0,0.030175905175520885,17.37
ef54905187d26e6b068597cc648b13c4d353a6b38c02fcae708d8c1cdcbab1b8,0.030182552523393465,17.37
31c2bb307e764367bc28da87ab3cec278a930d74cea0acc0fc37c545337e0c63,0.030070379061087973,17.34
d27f0a4fa6cace928618202084d1e1161f85e5887fe72b1d617093c99c329d6c,0.03002724229808672,17.33
2e63db437b187640e7d20e647463cb25a1d9ceb189a406e6c1afcc15b75985f9,0.02988223439422791,17.29
ada5f64593412afe7bdb907985084e4d2fc93acf7941e5a9e296d45161878d3e,0.02974182512138321,17.25
950908224270176833fc793b5c6f88061f6b6a4f0ed5c587e74bfbdb88bcc6bc,0.029692812136548584,17.23
81a1f792b41f89caa77e03bb76a9bdfdd29c862ca3ce426f363b4977ad4101bc,0.02965801936788853,17.22
c489b533b7abe4b44068758ed8cce93bb383a5422ef6b0aacc6d70cfce64e39b,0.029585119648208577,17.2
7bd9128a56187c823b7e727109bc8609421d154a7334e6252a6e8333e533e979,0.029528589144839083,17.18
f36b72fbf1509dff542735f8aeb9af297f7de2b4913d0f087ce24a2159a1f13f,0.029448507097968722,17.16
bbed2d93acf7898aa73c894211514fc6a4eaa77531f608c77677a6b2650adbcf,0.02943724961771081,17.16
d130e6f9c87a7487397601a9742a9251ca538854ac1633c4ffa54535468b48e4,0.02938870949250667,17.14
4f3d1c7459b63e93ffedce6e39a97b760f25c0f7bbe64c74c05feb5480a7ecc1,0.029332710534796153,17.13
bd275fca439e6d34353b2693e873063fa103ad72414d5b34f99f01b62dce7d5b,0.029340689560818988,17.13
82a7f3e7a1184829ba087bd5faf770bb8c19e4dab4f9e3dff883ea1d08c7b182,0.029263676636009005,17.11
6dc6046fe3bdbd21cd15fba49123e065b9e9b022b30bdf7ca0eaacb395f747c9,0.0291613586720641,17.08
344da5e89826b9accdecfe8b2688f0805935876894d1f6ecc9aeeb821586bc6e,0.029164345368581285,17.08
6a5160fb99500094df2755a9fa0792d0f4c3e02cca27f733838de52545a1a04d,0.029167958937359562,17.08
f4e27c35fd79e761ed0aed1055bc05963be28059594f331651677b0200098659,0.02907604700292131,17.05
0f63d3107d23a79116fd496aa2bd8d76a25419fe7cd7dcfebcf163a6cc2e02d5,0.029071284844582088,17.05
3de33699e557dc9c317706cd02881d380a9cad5ad27ecbd4d3a5177ffca3b6be,0.029056692647808347,17.05
159142b008334409d50266a592b343cb11081f9073e2a510411722719b3f5a79,0.029018837153454304,17.03
336245d54a0b371998ee43514ae5a83a9a4cb505cb0c9744f8a2660923d8bd64,0.0289515942273297,17.02
cec6933563288be14e69538ec068fd2bf5847d635aaa808a640cd5aaee50bf90,0.028944647473672015,17.01
9d09a3198630c0c540feab45fe131544ddce020422771e42a77371333d1a4f83,0.02876573683443023,16.96
4ab1cdd43a6f16b934d7565ca6b9efea39d43ba7186c2793f051e8b16c1c87e3,0.02875491678070014,16.96
af89ae02143b12150273a62db028b49e7c78629005089fcb5f49e945e63e85d4,0.02869099176515071,16.94
e4a6a46d03cb9ef7aa590da1e9fb8bf18f643f3aa46df7c4676c6473001db12c,0.028557537671671372,16.9
df820726b77283aab9839d84a7a20cce9b4c0c73d96dc874ab4d000e5d591fd5,0.02849550244836763,16.88
22e693b481dc8463b745d54255f99a41da164f1e3d60068d0ea10a0570b484bf,0.028429979547262386,16.86
0c4fa396cc1d4abbde719764e013a928bb5b8499916a5ff855cb53ec23c5e86f,0.028354198540071165,16.84
873c0c9240ea7631d217bb536b85f2df28d56cfdc41966bbfc0214ddf184fb54,0.028304746995885418,16.82
fb3c0ca9772a16fee91fec0920dff261e85564455db5e15eb22891ee320063d4,0.02809092777916236,16.76
370bd00c926cfbe1b58b951a0a46a6cfdee2ca6ec33faad9fbd47afdd5671159,0.02781064444308983,16.68
670d70cd643492c483e22bae5b09bb8fb25b0559b4e8237f539818dc4d01880f,0.027655271593203797,16.63
2006e436c5ee6572210dcee1873ca77fccf01df1d6c80af72d53c2efe49e34f8,0.027607158106503604,16.62
441a08e2a3edc3b5a38ab277f86bfbc6fa17003e4e0b7ed96c1f6afc74a3bba8,0.02755929222713202,16.6
9e101fce632c3614657fdcba54b71053e377fe81489e145aed62972f02d92965,0.02753540349387422,16.59
890b69066db50395aedbdae7e2271651689c397d1c68ad73113c0efb4362970f,0.02745109405260688,16.57
8e3c86afff7fa3570c67eff803c62e429fc348dfc21b0948a4fae844860fa847,0.0271989740208926,16.49
6bfdc8a15bfc36cc0ec11eafeafa6be0d2f9e1e98c2abd87052d561e92bdf437,0.027167269758528206,16.48
5b459465393484bc676c58fbfd979e7342c1c09a941ad800c034c7818b035120,0.027124365438071635,16.47
bac813918e6e491370cfd8b6c4b7e340596d5735c72132aac2d1fbfcd89f40de,0.027058292915571082,16.45
f6a3be4d108a92f61ba2b2c5d00f7c213391e1f588ebe63b6f8795175d85e258,0.027008067048779134,16.43
6f07054fb8d3191d110497bd389b4786b8a44a59df1c89c5ffc0a79ffa02bc9e,0.02686290740801207,16.39
441a591353810e7bdb286fcff4dfc033b3898c291cf4f96f62b6b8bbcd252551,0.026809374090870797,16.37
40759e791823f5aecff60ed2c65c3c218976de8906465ed43b91a18d9d730dec,0.02680328280522114,16.37
351d5deb8a7dd7e9dd16865e74c7a79aed2671f8f60283a97d91118428f13ff2,0.02661858149307111,16.32
23db731071287cc1a0f878a4f4896c0bb8ddcccb78c85dc0d8032a6a68b1d906,0.026543099713814532,16.29
4bb219c5b374af1ecdeb1f03a3a8523d9a5693be7f29e35ddebc38378e6103b4,0.02649552474273404,16.28
3d8e8570ca65e8623a7ce6ef0e139ca18a563500f39aed1f3d18ad7b46cf4978,0.026467674269082697,16.27
b3b77ad085d5f40922d69b777e30c2f79c7fe59a81028c54aff5b6d1c4df6782,0.026231218756764266,16.2
73b77d3569de3d8f764fa7916eb556a0cca3948820ca2db8870c0600c6a23e2c,0.02622505300049521,16.19
74c0aefc68923cab93e8ebb71a1dccff1a0006eee2cc034c4a58381f5afc383d,0.02615377433481146,16.17
98385afc5d1388d406a6deabd3702092eb28ee52cde87f1448c831cb59facdf1,0.02603502490206753,16.14
5449a7020bafa7ba4de09f7b136f8856f42b2a313335dd2f24e43fe8a099dcde,0.026044794668228493,16.14
a68867549bf8d5bf6f8c7b3bed5e769a56f0a5f5315e0cdf60d32e80ce3bc5bc,0.02603865951229935,16.14
bc419268f96c2cd97ef32f91750e3f75e0c9d4d912860f9cca48b8e4cd88f147,0.025971153254454083,16.12
c6e2242283a422dc9b676e8e3222c3f28ba7f08bcba2d76e7ef918b651af61e7,0.025980357189403485,16.12
b7349f7ab2eba3d3521430c9a99a76ae6636bdccc01142313a489080eda4d696,0.02580949905810181,16.07
2bfde9980b07319b449b4199b5920592a01604ed27c274ea6b57698fa8bbb4d3,0.025779809153259153,16.06
312cea940e2a956b3326a18e98b3baa50951cf97bcdbfbd65e90278cd1066bb9,0.02576998260779961,16.05
6353a6906a57b4eb5545df5718a67ae67213e5cf0f53ce80b601978b7c5752c8,0.025725041423271148,16.04
0a7124cbe660684e64e98c20ce7293387c89f79389fb46ab6af033905f0b70ef,0.02570986804655008,16.03
965df9a7ce785b896c3f3a607b3e15edf4bb58c9cccbca8f27f42962ff36da6d,0.025667952466686995,16.02
f01c40dca4f1458e7f1476ddaaf7a9fd14ef5215c9585278f1952c78bf40d9be,0.025550398418372845,15.98
cd51cf2abf202bebd8028ee4709506d6184fc32ba24ad1c8015f18d1661e9966,0.025519556680461224,15.97
80aa9aabd35049de407031c08c483e1fc1e5b93c528119b10372ea4685ac60fc,0.025482885539849943,15.96
b9c4ab34be5e7ebc6babaf35c413392d5fb7342a6b4649295a75f3e0a36911ee,0.02542431548234519,15.95
bd601c40a7ed3e9c83166885fe8f77de01f5cef4ab3573b8cb9af42deb9377ca,0.025421855181794836,15.94
df714a68e7c55ae0cc0b2332871245263690086295d0016e130cf8ed2765f515,0.025372872898813344,15.93
d4b527138a387e33bb36f289d19780eaf4e486de6aef7c88262852e14d34a13a,0.025347635627816695,15.92
a765e50866ee5645eef3f2511f70845f69aecba896d80961a3e87da2068c20d3,0.02531150660056441,15.91
e2b2a82faaf3a4d3e26f2a2d4621c7e2343a2360254da7fc23ec77d5323e2a5b,0.025158175504806594,15.86
45e927cc9695e35cfcc03d1d94404cf054440355270adccfe74acf619cd990fb,0.025064408374623412,15.83
90e8c4306f4438446738591726be79a7f0d09b3d7bf9bb48ef20202dd15ad2b2,0.025072719152899877,15.83
974300445dac3e31adf834de8f1a60c3331af83e61e0e5c28ecedbc342f7e228,0.02502194654307916,15.82
8bb36100464588f2a9e3331ef22e3a3d5b62e608f02d2f6efe036984eb2bb28c,0.024846280531252835,15.76
0e3f4106e7bed40bc1437e52339728963d637278403f360f179acdc378da03e7,0.024702688610364863,15.72
dd9b88687ef2b0ac34c976fe4f11516479d38f95888d5f5578c3c5b4670b3404,0.024708327377785916,15.72
670e57578709b6e2e316c9e4447ffa1463974d53e8b36332d3392535390a8a31,0.024705240779110526,15.72
8fd617bd38fcb5ad6959ee7cc229b9e5b044b907555135dd7c2ca6dbad3e0436,0.02463701235781565,15.7
d48d2a7355199331a9f0ba9c4e89258bd01ead1b55d6c98361e3348aed418e56,0.024351212188133523,15.6
fd62e9d46b1af1b671cffccc07e25f0e3ed2c2dbb14d8cc070b296b653914573,0.024292772242027024,15.59
1a9ec89b7de6da86305841cab13c1c2e19d4892701bdac3c57ba5d2b85a0cb78,0.02426964674159996,15.58
5da8c2eb6f6edd7cd16f66556b71b8c33fdf1b72420ae2781311d867ad6badf7,0.024239698714934192,15.57
4eaf63d8ce4e29661c387b9538f5b68fce80342f0e2504ee3f836835c93c5821,0.023998316602486455,15.49
0fe705cefd3d1cd385d96bfee6c0fb6de1bc6dc8a3fe07c3c0c648d8be7c04df,0.023955337315266657,15.48
6f9ffb1f0e3f7d11f41541c2c8a30e075a63fac6bc7c5c52962ed599749ecbc9,0.023797194852557005,15.43
7f84b1d6e1fa0a13b3964cdbd0171d4748f6301352073a004e1f493288f59d6b,0.023719222848950845,15.4
9dd7b3117d036ee1cfcd7ea1e6545701b5e380e167e2d7d7582d355630fbfb8f,0.02352093740124985,15.34
1bdc0b3fdcd6bbf3cc50cb16f64d85b55f69a1cc4cc311f3b8870a77af1bcdbb,0.023441089419314904,15.31
c558cf40baa93869c450e226adb5cd7010135b53f71bd64ebaeb0b1f930b5da2,0.023374095982203365,15.29
8355a2c1457b7cec8956b9a347bad2c388b86fedde5e0cd12df7752e5c313e86,0.023373590144007386,15.29
f4b82e5d347139b182aa1da39c4939dcaa94eadc53f88f00577eecf4a5ea30ed,0.023343306914485763,15.28
7a9e623498e2a7a60d89a0fa1bd05983fd818691f8bcfe676cb577a843087570,0.023242651070689107,15.25
aaee3d0e730c60a874c57ec722a2b3414021a4dc7bc35be632600a6364ef9232,0.023127527718886914,15.21
c9f7c7ea5beb35323d6c7106a3159bc6d96d7546b9e54824fbaa628e039699ba,0.023083936769519645,15.19
aaa6dfdc8a61d4c6a7a96988ad711208dd195f6c56ef16bd4444ab2507678b8a,0.02302154063542841,15.17
9ea1ac583aa3f4181a36b0504a5069c8c189784785ee884cecf9412e49be1165,0.022798332114411735,15.1
d73b4c71afd992433be982689e76c2bc2e9d607427fefe1e4e99c9fccc185374,0.022542048478106706,15.01
90c6326468eea1f55ca951fbd3073df813ed1ca9423403d87d2b09820dba8b8a,0.022402584939527685,14.97
e22e3102771856748e59fa1d591395ed29281289cd11ab7d9c01965cac12b08f,0.02237580702581476,14.96
23a21488419b90d3e7a13fb603d7afc39889e224147c44de08c3d38bb4e9b248,0.02231516185558995,14.94
a5de641998b976a2d0c4d09b9b8df515f4b611d274b2d54c2986f897206f2b66,0.02228967510496822,14.93
b1a89802717fe0a95199e8a6a1f85e099ec1dc97508e2f783194d7fa36c42a4a,0.02222597911469123,14.91
29f669b7c0a81ac2e758bca5d8b46119e9b117de393a695a84e4e46292c5f39c,0.022184145375738047,14.89
a4a39a73f62af8aa9a2443434089cda3cad18ef3f449055413aa82052f924735,0.022059809203331757,14.85
8f63e39ce545e19a19a429baba6d13ad94dc3322b2596830782b9ee4ba2fa88d,0.021895563265067503,14.8
3a28e479d01fad6fc61fd4ae1328f5f59d36066670605f9d502349ddd43deeb6,0.02189786060410342,14.8
6feac9045882a5d479ee3c0d44d56e26e75ad28b0d0058c4cf51a72bafa2482c,0.021864543639571857,14.79
1625fb5107a691fe578f36d442abadca9f511d19aed2bf5b9e00a82dca9d9601,0.021819694642752668,14.77
084572baee54ed1afb6e40651aa3cd99c834ae759d3eb4d8e76e2a2afc247654,0.0217243880512839,14.74
0cddfdaf8382347e59026f232658eea14c9765f8695fa1ced34ed7f9a1a5060f,0.021704741541121782,14.73
e581379c1152e6035b3ee4ba487467a1df44b4a6f0ac65b6695c8346e8cb4a86,0.021607423811727245,14.7
84f5f931074f67141407ea7cd472300c1400c4cb5350329fc503ffeeac8fe4e6,0.021591227698300974,14.69
9935cfce2c512b62c5a909330b5c6a52b1f6544fac74af712ee754158a452c64,0.021505262420684443,14.66
71f3deab4cf3b3c5a47ccec00f6d7b7486b7b1309385076c374e4df020bba023,0.021347718300210226,14.61
331f65707a58f5d8691678c2a8c13aff46e15fd5a62ad0efa545a491a46bb8c6,0.021300117291672038,14.59
3ee87d72321a2eb3de6fa88ed385afe930ae1e623b04dad43963553bd2458c42,0.02125511650805948,14.58
204670800fc5ced90ada772d87b4e16fe2a4a357932e845e84eb31e74c52d912,0.02125795872586723,14.58
241e3243bca49f01afd7cc004f4a7b01f256357799a61e69025d4d90c8b6d9e8,0.021090261424233467,14.52
bcc508a1f432d278f9a205c06a2811d4cc494866d9e62e91da824f07575c3667,0.021012152420115667,14.5
d72f333eb18a7337b75822957889948423b88e4ade24c9382504aff0021fd52c,0.020884684100042614,14.45
a142d53c5a75b08e70a72a401e7b16deafc779431b52a2a379a3ad3f611c76cc,0.020735788927964682,14.4
8e8abf2f15ddb61c9a10cc78e573de0996798e1c126906a0880ce4f21cea99fa,0.02068899021152992,14.38
a1c701387253ec1ddb7e11043a97c207d62b7c1a87d3382261edcf85b2a2c7db,0.02065636729490778,14.37
5176f35a63ca8bfab93d644e6073e9ff60ec6fe9b296a133fd4a03a7a0095855,0.02022369136555423,14.22
0662f295d72b29299b42ea2bedc9c6294b9302f4801b736d397d9332317c58f4,0.01984958218454365,14.09
6f4eac046d9a22272be7d1cb904ca6ce37e3fc44bb36fa93acddaef212a4ca6d,0.01983454352283602,14.08
47a4e278b6e7f53f3326f3fdcc48e7fc82b381d7e77c727bd710551446929423,0.019826450974438387,14.08
462adb19057a3f74d3181889c403a57ce671680858996e1c5ad1bec23bee283d,0.01980424771841755,14.07
73da0f28226d3609044396f7209cc24827e839cd7b763a7e6300c89ad9f4fe98,0.01977426085080777,14.06
41672920f7a7700f644320d80af2e40ccaefb045af76d4b6f401f0f11b399b31,0.019763772031026573,14.06
6e55c3013dcf21d6a7733eaf0e7da805a633526437ad659d8a8d93618e9be8ef,0.01955077440082748,13.98
1e00fd16a654e468c09a5ee7c32933c6fdba38932efb4a6aac82605fac3c76af,0.019461926826258632,13.95
4e91cd79b07c0cc440424d4d1f94cec2145da551e9605c4b7f006b9de8ac78b5,0.018939566553855355,13.76
51c8569fc426405931faf30039c1342496c7382d9a0cb559d03bff035839cbde,0.018586616905495713,13.63
1e0d52d25cefac796c979448eafcfefd0b059bdb8ee54e7bae9c4f0020b198f3,0.01847576024208371,13.59
e63fc762529c95aea77f6f2af0d469ce0fb79d467c666bd54e3a234960af7a30,0.01827531029693564,13.52
ee85c7648309bfc513b60fd483d866b2860205ca78d4b4a09d171290b073b6a2,0.01801915227537562,13.42
699e4bde614b648e5169968d42c750a53d6ae9f1d97cfe9b7d2fe74de014545a,0.0179024214211287,13.38
dd776c1e53279ae636d4e7ad8d163b45fc47c593dbe37889ca630578207592d7,0.017782947725777168,13.34
d9c94c7f92753076ed289b05c3f5c4c796d0cc1e919cb293d3ce4b6541083457,0.017447204641326874,13.21
fc0a361f9a2000953d8aa5498d0b2be25d64b6550d8e1d1f549920edbc71fa1a,0.017388150504305633,13.19
2cf5011de86a002e6b94b5fb176cfefca8e6703d1ab4548d8de3c3e06e1b5de4,0.017393877559093936,13.19
215a1089a75e5d4a2afbcd9f3ae38bf33ae3b7abd0c5f4263391989fa65bdb9d,0.01726455330599654,13.14
8e2b1e27d9731e1ed6c5ccd4c2c539072b53f6e6f0221b9b0789c90a36c2a0ee,0.01713970427079373,13.09
677be6a6d84b6c55d5d12c441689d2815c69ed12b7dd87c16c6c78357773e387,0.01709115395900642,13.07
0ed639fb9d2ce85afd8969ebc48acd290b1403c5f88af7024b79f1d368ab4eb1,0.016720358586935543,12.93
56b8ef9088b4cc5592ce519b5f652b16db7bad05ce5ecdc6f2c20096b467a0d7,0.01658198779919685,12.88
98179aeeb058ef2804ce72c434734954e1b36344e179897ad3c78f9513755d51,0.01622522501042933,12.74
056329a424545170b1da6b038305398956defb9b8a25eac82c96ddf09b3aeb9d,0.0160242617005802,12.66
b5b697eaf67645e6c0b2adb3c333e78eae1adbd706204f48a7b61e9dab19bbc5,0.015892174099437228,12.61
0218ba701b0cc4185865b4e50067b30b69d9cb6277d814dba016f802203779fd,0.015712960201754334,12.54
b7e94b6670e85ec301de2fea8347a515f8f1d3090fbfd4d25c5629c487b895f3,0.015687112138193526,12.52
57d1e17ae4449d25b59bd0865ee77279ee0ef37b199594738eea94f059d74764,0.01543751348240758,12.42
f96eddbaedf41f68b17b0b25f8a3b7fed4dd5b9f7574ce1c19a7c05f2c6c2818,0.015096578770490685,12.29
2ce6c2226cd368cfb294cf9fe65817988dca494dfba3d2c6834ec6da2d64a623,0.014816543154484628,12.17
5f3748f3d7f5bedefbe59f90b005d0161fe62dacbf2fc61e46bfbce0ec25daae,0.014670899584059873,12.11
4e7f8c389ef9c56471c74fee8592a75bb12b44506953fabf4e8099214046f9d1,0.01431589933450771,11.96
9e7453feb1e2002a139a0a7f3ce2f7bee509f042190defe73f4e7fa09d3dfe8a,0.01415242810857693,11.9
4f53a883767a9abb2cf412f0cdf51f538ed25bc637cf5bfcc0d5959d9c631669,0.014142884634386845,11.89
58df1cc2d7b72a96fea89f0dc2a54390666eefcad865b7f682b716cb09235343,0.0141356085760624,11.89
279b4a3f3dbd6c91d666c8e81011d80b04e0ad7daadcf1f6ba3543c1b0a4479e,0.014007157228589799,11.84
64d2ddc9dda7020691e8ff5b0fc79018705fdd1f5e2fa24ca849709f0927be2d,0.013574507969096762,11.65
e5cbfcdbb65373a78f2d1ae4bcf5241f3f5e6ac32806519d680b3d033731f200,0.013357751408101056,11.56
b982e2bc60ccbc198b86837cddd1ab7afcadc97d045e4030e453e32a3383ddf0,0.012909428824433432,11.36
1dc6aceec4235ed1b8cf333a0768c720fe489da21961ed0f4d84ef53587c384b,0.012463035938218441,11.16
27d4250a6f6f5886f18db3c88c890ff3ba4e5383b949f713e49898b194c87dbc,0.012407046406942634,11.14
436eea7340dade5f81ba98f4bc17caf7a39347f4d232f0d793aac7f2c4d52e4b,0.01238256360508345,11.13
237a081b891822520758e6eab1fffb6f535221d2f09b34e2abf5e01cc7426e0a,0.012384998591991277,11.13
491ba2f21a7ef19c7689786604af41db248da602fa0fd57e8778b8b07a5c5e64,0.012265007561236276,11.07
f9a2853b74d97700a10dea6f3e08b9f9743a0528314d2707bbcffabddf70dd2a,0.011888736734304666,10.9
25fcfc47c3c3f48cdc9a79bdde9bac5cd564e370e92fa32589ef8fdc9aa5238a,0.0117390103261641,10.83
c9ea09c1fa379b5c4111b458e301f356369665c4713bc01e88662d1406455db3,0.011592755981676186,10.77
5c9bde27e2de55ade7c7ee996b30f556bd99140e0c7f21c0e8edc58fd3e420c6,0.01157708814722487,10.76
ee0367f44b9f98b3b345c33029ac5b35b16f78206225e9b911d5aae5ca65e82c,0.011260496705094889,10.61
9f6dc8586cdc1f894adeab8042c9478f07698f227db212d698479014adea213e,0.011015983919335868,10.5
b16042f985283691d285afbc84f2077312135027eba3e03c4fbcff9b35226ad8,0.011004666690662617,10.49
b7c3b56c2674ccd7adf640c348351e1e34c988efa6ce0e2477183064cbbd2a64,0.010831141084590623,10.41
2e70893bc6f281b26fe7aad4c32f6a9c8d16274d4cc5210f8196348e6eb90935,0.010484790945763807,10.24
006e15930e12a119312e2a67e85019ec8cca1dd3c2885df2b9bdb33fd5ac0b8a,0.010395334456584566,10.2
136fd934fd4c92d47c44b49fc136d4c96841f611dc2291dbc2e77af5d29cffed,0.010056867557877287,10.03
d738ebcfee4fab6a3700e9cdba017fbd7e5f808637da9ac52783c8896550d628,0.009153537192768502,9.57
655736dcd06c8598ff580b0ad176d1c50c377fbecde064ce1eb4cf8e2e19f180,0.008986428556815184,9.48
c88072b3b37618c16e4cd267f5d4885358dea6bef3cce7775c6085d9979ac864,0.008900041671488302,9.43
d7e08e70b2bef983c9d270d90fb3821883eb0e7aa2e37523d2ce276c468954ce,0.008070346244064266,8.98
0d7e9a0742cca160dedad82af10ee942e49a9c50eed64c928b3ba2e1cf468475,0.007512583870029669,8.67
4d724f899c160f7f6265c2d7835905efb051675d7b3d9cf34a0f7340cb4be0a6,0.005244871729182815,7.24
